app_id,name,is_free,price,final_price,discount_percent,review_score,review_score_desc,total_reviews,positive_ratio,genres,categories,player_modes,language_count,release_date,developers,publishers,header_image,short_description
578080,PUBG: BATTLEGROUNDS,True,0,0,0,5,복합적,2747758,0.6052,액션|어드벤처|대규모 멀티플레이어|무료 플레이,멀티플레이어|PvP|온라인 PvP|음량 개별 조절|스테레오 사운드|서라운드 사운드|컨트롤러 일부 지원|통계|Remote Play 휴대전화|Remote Play 태블릿|가족 공유,멀티플레이어|PvP,17,2017년 12월 21일,PUBG Corporation,"KRAFTON, Inc.",https://shared.akamai.steamstatic.com/store_item_assets/steam/apps/578080/841ea38bc58cabb70aef65365cf50bc2d79329d9/header.jpg?t=1786493086,"배틀로얄 유행의 시작이자, 그 정수를 보여준 PUBG: 배틀그라운드를 지금 무료로 플레이하세요! 다양한 맵에 낙하하여 무기와 보급품을 확보하고, 점점 줄어드는 블루존 속에서 끝까지 살아남아 승리를 쟁취하세요."
3321460,붉은사막 Enhanced,False,79800,63840,20,8,매우 긍정적,168913,0.8382,액션|어드벤처,싱글 플레이어|Steam 도전 과제|컨트롤러 완벽 지원|음량 개별 조절|게임패드 권장|DualSense 컨트롤러 지원|수시 저장|스테레오 사운드|자막 옵션|서라운드 사운드|Steam Cloud|HDR 사용 가능|가족 공유,싱글 플레이어,15,2026년 3월 19일,Pearl Abyss,Pearl Abyss,https://shared.akamai.steamstatic.com/store_item_assets/steam/apps/3321460/4a895369007efe7cc9da27a999bbca2427d92bb3/header_koreana.jpg?t=1787909144,"파이웰 대륙을 배경으로 펼쳐지는 오픈월드 액션 어드벤쳐 게임, 붉은사막. 여러분은 회색갈기 클리프가 되어, 잃어버린 모든 것을 되찾고 다가오는 위협으로부터 세상을 구하기 위한 여정을 떠나게 됩니다. 광활한 야생, 숨겨진 고대 유적, 신비로운 어비스의 영역을 누비며 싸우고, 탐험하고, 발견하며 자신만의 길을 만들어 가세요."
1049590,이터널 리턴,True,0,0,0,6,대체로 긍정적,69773,0.7666,,멀티플레이어|PvP|온라인 PvP|Steam 트레이딩 카드|앱 내 구매|카메라 움직임 조정|색상 대체|음량 개별 조절|퀵타임 이벤트 없이 플레이 가능|가족 공유,멀티플레이어|PvP,14,2023년 7월 19일,Nimble Neuron,"Nimble Neuron|SapStaR Games|KRAFTON, Inc.",https://shared.akamai.steamstatic.com/store_item_assets/steam/apps/1049590/72918ebacd0d4f8537969dc8b976ceb98f681cab/header.jpg?t=1786327135,"이터널 리턴은 쿼터뷰로 진행되는 무료 배틀로얄 게임입니다. 제작, 사냥, 전투 그리고 멋진 캐릭터들을 경험해보시고 최후의 생존을 위한 전략적인 판단, 화려한 전투 플레이로 영원히 반복되는 실험에서 최후의 생존자가 되십시오."
4001890,낚시 방법,False,8400,8400,0,8,매우 긍정적,35829,0.9478,액션|캐주얼|인디|시뮬레이션,싱글 플레이어|멀티플레이어|협동|온라인 협동|Steam 도전 과제|컨트롤러 완벽 지원|음량 개별 조절|DUALSHOCK 컨트롤러 지원|DUALSHOCK 컨트롤러 지원|DualSense 컨트롤러 지원|DualSense 컨트롤러 지원|수시 저장|스테레오 사운드|가족 공유,싱글 플레이어|멀티플레이어|협동|온라인 협동,16,2026년 8월 20일,Dazed Games,Dazed Games,https://shared.akamai.steamstatic.com/store_item_assets/steam/apps/4001890/45c4ddff4901e32c4b8b643e1b97d0d01898d299/header.jpg?t=1787234618,1~4인용 물리 기반 낚시 시뮬레이터입니다. 당신은 술을 마시고 보트를 타고 놀다가 갑자기 작은 섬을 들이받았습니다. 집으로 돌아가려면 낚시하는 법을 배워야 하죠.
1623730,Palworld / 팰월드,False,32000,22400,30,8,매우 긍정적,481703,0.9454,액션|어드벤처|인디|RPG,싱글 플레이어|멀티플레이어|협동|온라인 협동|크로스 플랫폼 멀티플레이어|Steam 도전 과제|컨트롤러 완벽 지원|Steam 트레이딩 카드|Steam 창작마당|DUALSHOCK 컨트롤러 지원|DUALSHOCK 컨트롤러 지원|DualSense 컨트롤러 지원|DualSense 컨트롤러 지원|Steam Cloud|가족 공유,싱글 플레이어|멀티플레이어|협동|온라인 협동,17,2026년 7월 9일,Pocketpair,Pocketpair,https://shared.akamai.steamstatic.com/store_item_assets/steam/apps/1623730/6912f19c43a95ff5fe514eedd35e68bf12335459/header.jpg?t=1784714419,"드넓은 세계에 서식하는 신비한 생물 ""팰""을 수집하여 전투, 건축, 농업에 투입하거나 공장에서 일을 시키는 등, 전에 없던 새로운 체험을 선사하는 멀티 지원 오픈월드 서바이벌 크래프트 게임입니다."
2075800,스타워즈 제로 컴퍼니™,False,56000,56000,0,6,대체로 긍정적,5972,0.7818,어드벤처|RPG|시뮬레이션|스포츠|전략,싱글 플레이어|Steam 도전 과제|Steam 트레이딩 카드|색상 대체|음량 개별 조절|난이도 조정|#category_playable_at_your_own_pace|퀵타임 이벤트 없이 플레이 가능|DUALSHOCK 컨트롤러 지원|DualSense 컨트롤러 지원|DualSense 컨트롤러 지원|수시 저장|스테레오 사운드|자막 옵션|서라운드 사운드|컨트롤러 일부 지원|Steam Cloud|HDR 사용 가능|가족 공유,싱글 플레이어,11,2026년 8월 27일,Bit Reactor,Electronic Arts,https://shared.akamai.steamstatic.com/store_item_assets/steam/apps/2075800/2c7d5dad080c4888faaa03c4a955136c50f5bfae/header.jpg?t=1787848803,싱글 플레이어 턴제 전략 게임 스타워즈 제로 컴퍼니™에서 클론 전쟁의 황혼기를 배경으로 정예 부대를 지휘하며 험난하고 현실적인 스토리를 경험해 보세요.
381210,Dead by Daylight,False,21500,8600,60,6,대체로 긍정적,930671,0.7839,액션,멀티플레이어|PvP|온라인 PvP|협동|온라인 협동|크로스 플랫폼 멀티플레이어|Steam 도전 과제|컨트롤러 완벽 지원|Steam 트레이딩 카드|색상 대체|음량 개별 조절|Steam Input API 지원|스테레오 사운드|자막 옵션|서라운드 사운드|Steam Cloud|Remote Play 휴대전화|Remote Play 태블릿|Remote Play TV|가족 공유,멀티플레이어|협동|온라인 협동|PvP,15,2016년 6월 14일,Behaviour Interactive Inc.,Behaviour Interactive Inc.,https://shared.akamai.steamstatic.com/store_item_assets/steam/apps/381210/70faaaf204a2d3bd46cf4915f542e93fe76f16aa/header_alt_assets_9.jpg?t=1787769494,10년의 호러. 10년간 돌발적으로 급습한 공포와 아슬아슬한 순간들. 10년의 잔혹한 희생과 짜릿한 탈출. 죽음조차도 피할 수 없는 섬뜩한 악의 영역에 영원히 갇힌 네 명의 생존자는 신경과 재치를 시험하는 잔혹한 게임에서 피에 굶주린 살인마에 맞서 싸워야 합니다. 어느 편에 설지 선택하고 공포 게임 최고의 비대칭 멀티플레이어에서 긴장감과 공포의 세계로 들어가보세요.
2406770,Bodycam,False,37500,37500,0,6,대체로 긍정적,46641,0.7708,액션|인디|대규모 멀티플레이어|시뮬레이션|전략|앞서 해보기,멀티플레이어|PvP|온라인 PvP|Steam 도전 과제|컨트롤러 완벽 지원|앱 내 구매|DualSense 컨트롤러 지원|Steam Input API 지원|Steam Cloud|통계|Steam 순위표|가족 공유,멀티플레이어|PvP,10,2024년 6월 7일,Reissad Studio,Reissad Studio,https://shared.akamai.steamstatic.com/store_item_assets/steam/apps/2406770/b670f1abe4e88ab523114ddbb42fcc1014411383/header_alt_assets_1.jpg?t=1787522517,"Bodycam은 Unreal Engine 5의 진정한 바디 카메라 뷰를 갖춘 최초의 전술적 멀티플레이어 FPS입니다. 근접전 전투는 생생하고 시끄러운 느낌을 줍니다. 모든 각도, 설명선, 글머리 기호가 중요합니다. 팀플레이, 전술, 클러치 기술이 핵심인 실제 지도에서 데스매치, 팀 데스매치, 윙맨을 플레이하세요 HUD가 없습니다. 팀워크와 전술이 승패를 가릅니다. 모든 교전에서 침착함과 정확한 판단이 승리를 좌우합니다."
269210,Hero Siege,False,8900,2940,67,5,복합적,47382,0.6716,액션|어드벤처|인디|대규모 멀티플레이어|RPG,싱글 플레이어|멀티플레이어|협동|온라인 협동|스크린 공유 및 분할 협동|공유 및 분할 화면|크로스 플랫폼 멀티플레이어|Steam 도전 과제|컨트롤러 완벽 지원|Steam 트레이딩 카드|앱 내 구매|Steam Cloud|Remote Play TV|Remote Play Together,싱글 플레이어|멀티플레이어|협동|온라인 협동,11,2014년 1월 29일,Panic Art Studios Ltd,Panic Art Studios Ltd,https://shared.akamai.steamstatic.com/store_item_assets/steam/apps/269210/1d4674142878a3683379122f28537a784d1c5c56/header.jpg?t=1787306700,"Hero Siege is a fast paced Pixel Art ARPG featuring an expansive roster of unique classes, deep build experimentation, and a player driven economy."
990080,호그와트 레거시,False,79800,7980,90,8,매우 긍정적,371597,0.8979,액션|어드벤처|RPG,싱글 플레이어|Steam 도전 과제|컨트롤러 완벽 지원|앱 내 구매|텍스트 크기 조정|카메라 움직임 조정|음량 개별 조절|게임 메뉴 음성 안내|DUALSHOCK 컨트롤러 지원|DUALSHOCK 컨트롤러 지원|DualSense 컨트롤러 지원|DualSense 컨트롤러 지원|수시 저장|스테레오 사운드|서라운드 사운드|Steam Cloud|HDR 사용 가능|가족 공유,싱글 플레이어,14,2023년 2월 10일,Avalanche Software,Warner Bros. Games,https://shared.akamai.steamstatic.com/store_item_assets/steam/apps/990080/a3cdc6f40d97df8ac993679c2dd1edeb5222421e/header.jpg?t=1778797474,호그와트 레거시는 몰입형 오픈월드 액션 RPG입니다. 이제 여러분도 꿈에 그리던 마법 세계에 직접 영향을 끼칠 수 있습니다. 마법 세계에서 펼쳐지는 모험의 주인공이 되어보세요.
1245620,ELDEN RING,False,64800,64800,0,8,매우 긍정적,1151285,0.9306,액션|RPG,싱글 플레이어|멀티플레이어|PvP|온라인 PvP|협동|온라인 협동|Steam 도전 과제|컨트롤러 완벽 지원|Steam 트레이딩 카드|카메라 움직임 조정|음량 개별 조절|퀵타임 이벤트 없이 플레이 가능|수시 저장|스테레오 사운드|서라운드 사운드|Steam Cloud|가족 공유,싱글 플레이어|멀티플레이어|협동|온라인 협동|PvP,15,2022년 2월 24일,"FromSoftware, Inc.","FromSoftware, Inc.|Bandai Namco Entertainment",https://shared.akamai.steamstatic.com/store_item_assets/steam/apps/1245620/header.jpg?t=1787868578,"본 게임은 본격적인 다크 판타지 세계를 무대로 한 액션 RPG입니다. 드넓은 필드와 던전 탐험을 통해 미지의 것들을 발견해 보세요. 앞길을 막아서는 난관과 그것을 극복했을 때의 달성감, 그리고 등장인물들의 의도가 교착하는 군상극도 즐기실 수 있습니다."
2436940,세피리아,False,16500,16500,0,8,매우 긍정적,11249,0.9421,액션|어드벤처|인디|RPG,싱글 플레이어|멀티플레이어|협동|온라인 협동|Steam 도전 과제|컨트롤러 완벽 지원|DUALSHOCK 컨트롤러 지원|DUALSHOCK 컨트롤러 지원|DualSense 컨트롤러 지원|DualSense 컨트롤러 지원|Steam Cloud|가족 공유,싱글 플레이어|멀티플레이어|협동|온라인 협동,15,2026년 7월 31일,TEAM HORAY,TEAM HORAY,https://shared.akamai.steamstatic.com/store_item_assets/steam/apps/2436940/cb7dc6f4ed2f0012eb557365966be9b69815f7ae/header.jpg?t=1787290452,"《던그리드》 제작진이 만든 탑다운 액션/RPG 로그라이트. 탑 깊은 곳을 탐험하며 아티팩트를 모아 강화하고, 쏟아지는 악마 무리에 맞서 위기에 빠진 토끼마을을 지켜내세요."
2139460,Once Human,True,0,0,0,6,대체로 긍정적,183469,0.7858,액션|어드벤처|캐주얼|대규모 멀티플레이어|레이싱|RPG|시뮬레이션|전략|무료 플레이,멀티플레이어|MMO|PvP|온라인 PvP|협동|온라인 협동|컨트롤러 완벽 지원|Steam 트레이딩 카드|앱 내 구매|DUALSHOCK 컨트롤러 지원|DUALSHOCK 컨트롤러 지원|DualSense 컨트롤러 지원|DualSense 컨트롤러 지원|가족 공유,멀티플레이어|협동|온라인 협동|PvP,10,2024년 7월 9일,Starry Studio,Starry Studio|NetEase Games,https://shared.akamai.steamstatic.com/store_item_assets/steam/apps/2139460/c18b08a2f93dec32fcc5fa71bc2da44ee42de1f0/header.jpg?t=1786675226,"Once Human는 아포칼립스 생존 게임입니다. 기괴한 세계에서 친구와 함께 생존 자원을 위해 싸우고, 집과 영지를 건설하며, 두려운 미지의 존재를 함께 물리치고 세계가 함락된 진실을 밝혀내야 합니다. 한때 당신은 인간의 일부였습니다. 지금도 그런가요?"
730,Counter-Strike 2,True,0,0,0,8,매우 긍정적,9823266,0.8592,액션|무료 플레이,멀티플레이어|크로스 플랫폼 멀티플레이어|Steam 트레이딩 카드|Steam 창작마당|Steam 창작마당|앱 내 구매|텍스트 크기 조정|카메라 움직임 조정|색상 대체|음량 개별 조절|퀵타임 이벤트 없이 플레이 가능|스테레오 사운드|서라운드 사운드|Valve Anti-Cheat 사용|통계|Remote Play 휴대전화|Remote Play 태블릿|Remote Play TV|Steam 타임라인,멀티플레이어,29,2012년 8월 21일,Valve,Valve,https://shared.akamai.steamstatic.com/store_item_assets/steam/apps/730/162664aa5da85f418105350c5d67ca565f6c3713/header.jpg?t=1784564069,Counter-Strike는 20년이 넘는 시간 동안 전 세계 수백만 명의 플레이어가 모여 수준 높은 경쟁을 펼칠 수 있는 플랫폼을 제공해 왔습니다. 그리고 이제 곧 Counter-Strike 2와 함께 새로운 CS 시대의 막이 열립니다.
4025700,두근두근타운,True,0,0,0,5,복합적,15592,0.6611,캐주얼|시뮬레이션|무료 플레이,싱글 플레이어|멀티플레이어|크로스 플랫폼 멀티플레이어|앱 내 구매|가족 공유,싱글 플레이어|멀티플레이어,12,2026년 1월 16일,XD,XD,https://shared.akamai.steamstatic.com/store_item_assets/steam/apps/4025700/2228fe487077813485fe804a4f8311c289d69901/header_alt_assets_0.jpg?t=1787550397,"은 창의성과 자유, 그리고 평온함을 선사하는 생활 시뮬레이션 게임입니다. 당신만의 집을 짓고, 다채로운 취미를 즐기며, 소중한 인연을 쌓아보세요. 무한한 가능성이 펼쳐지는 두근두근 타운이 지금 당신을 기다립니다."
1172470,Apex 레전드™,True,0,0,0,5,복합적,1066249,0.6775,액션|어드벤처|무료 플레이,멀티플레이어|PvP|온라인 PvP|협동|온라인 협동|Steam 도전 과제|컨트롤러 완벽 지원|Steam 트레이딩 카드|앱 내 구매|음성 채팅 텍스트 변환|퀵타임 이벤트 없이 플레이 가능|DUALSHOCK 컨트롤러 지원|DualSense 컨트롤러 지원|DualSense 컨트롤러 지원,멀티플레이어|협동|온라인 협동|PvP,14,2020년 11월 4일,Respawn,Electronic Arts,https://shared.akamai.steamstatic.com/store_item_assets/steam/apps/1172470/6cf04767652d703b6050da84b82cfb1194258d7d/header.jpg?t=1786031871,"Apex 레전드는 Respawn Entertainment에서 제작한 다양한 수상 경력을 자랑하는 무료 플레이 히어로 슈팅 게임입니다. 게임에 계속해서 추가되는 레전드 캐릭터들의 강력한 능력을 마스터하고 깊이 있는 전술적 분대 플레이, 새롭게 진화하는 게임플레이를 지닌 히어로 슈팅과 배틀 로얄의 혁신을 경험하세요."
2483190,Forza Horizon 6,False,79800,67830,15,8,매우 긍정적,95529,0.8261,레이싱|시뮬레이션|스포츠,싱글 플레이어|멀티플레이어|PvP|온라인 PvP|협동|온라인 협동|Steam 도전 과제|컨트롤러 완벽 지원|Steam 트레이딩 카드|텍스트 채팅 음성 변환|색상 대체|#category_contrast_controls|음량 개별 조절|난이도 조정|게임패드 권장|키보드 전용 옵션|#category_playable_at_your_own_pace|퀵타임 이벤트 없이 플레이 가능|스테레오 사운드|서라운드 사운드|HDR 사용 가능|가족 공유,싱글 플레이어|멀티플레이어|협동|온라인 협동|PvP,23,2026년 5월 18일,Playground Games,Xbox Game Studios,https://shared.akamai.steamstatic.com/store_item_assets/steam/apps/2483190/aec13616ef2adf9908ab2bf185f6e0557d6603ef/header_alt_assets_3.jpg?t=1787843145,"Forza Horizon이 역대 최대 규모의 오픈 월드 드라이빙 모험을 선사합니다. 550대 이상의 실제 차량을 타고 일본의 숨 막히게 아름다운 풍경을 만나고, Horizon 페스티벌에서 레이싱의 전설이 되어보세요."
1174180,Red Dead Redemption 2,False,73000,18250,75,8,매우 긍정적,911169,0.9246,액션|어드벤처,싱글 플레이어|멀티플레이어|PvP|온라인 PvP|협동|온라인 협동|Steam 도전 과제|앱 내 구매|컨트롤러 일부 지원|Remote Play 휴대전화|Remote Play 태블릿,싱글 플레이어|멀티플레이어|협동|온라인 협동|PvP,13,2019년 12월 5일,Rockstar Games,Rockstar Games,https://shared.akamai.steamstatic.com/store_item_assets/steam/apps/1174180/header.jpg?t=1759502961,"아서 모건과 반 더 린드 갱단은 도주 중인 무법자입니다. 정부 요원과 현상금 사냥꾼들에게 추격당하는 그들은 살아남기 위해 강도질과 도둑질, 싸움을 거듭하며 미국의 험난한 심장부를 달려 나갑니다."
985810,GrandChase,True,0,0,0,5,복합적,26033,0.6583,액션|캐주얼|무료 플레이,멀티플레이어|PvP|협동|앱 내 구매|DualSense 컨트롤러 지원|Steam Input API 지원|컨트롤러 일부 지원|가족 공유,멀티플레이어|협동|PvP,5,2021년 7월 27일,KOG,KOG,https://shared.akamai.steamstatic.com/store_item_assets/steam/apps/985810/c6dff0803e0d9a9b2a415cd40c4cfa3bd846d091/header.jpg?t=1786514946,‘그랜드체이스’는 애니메이션풍의 비쥬얼을 가진 횡스크롤 온라인 액션 RPG 게임으로 기본 무료 입니다. 개성 있는 캐릭터들로 던전과 대전에서 시원한 액션을 즐겨 보세요.
3564740,연운,True,0,0,0,8,매우 긍정적,114072,0.8652,액션|어드벤처|캐주얼|인디|대규모 멀티플레이어|레이싱|RPG|시뮬레이션|전략|무료 플레이,싱글 플레이어|멀티플레이어|PvP|온라인 PvP|협동|온라인 협동|크로스 플랫폼 멀티플레이어|Steam 도전 과제|컨트롤러 완벽 지원|앱 내 구매|DUALSHOCK 컨트롤러 지원|DUALSHOCK 컨트롤러 지원|DualSense 컨트롤러 지원|DualSense 컨트롤러 지원|가족 공유,싱글 플레이어|멀티플레이어|협동|온라인 협동|PvP,12,2025년 11월 14일,Everstone Studio,NetEase Games,https://shared.akamai.steamstatic.com/store_item_assets/steam/apps/3564740/bc34b2945973a86bddedd899b96c89cbc1732ef3/header_koreana.jpg?t=1787327185,"고대 중국을 배경으로 한 오픈 월드 액션 어드벤처 RPG의 세계로 여러분을 초대합니다. 평범한 마을의 협객에서 시작해, 황도를 호령하는 강호의 고수가 되어보세요, 그리고 그 과정 속에서 당신에게 숨겨진 본능을 깨워보세요. 강호라는 이름의 자유로운 세계에서 무공을 연마하여, 의협심 넘치는 영웅이 되거나 천하에 혼란을 일으키는 난세의 간웅이 되거나. 모든 운명은 당신의 선택에 달려 있습니다."
553850,HELLDIVERS™ 2,False,44800,44800,0,6,대체로 긍정적,1158961,0.7546,액션,멀티플레이어|협동|온라인 협동|Steam 도전 과제|앱 내 구매|텍스트 크기 조정|카메라 움직임 조정|음성 채팅 텍스트 변환|텍스트 채팅 음성 변환|색상 대체|음량 개별 조절|난이도 조정|게임 메뉴 음성 안내|퀵타임 이벤트 없이 플레이 가능|DUALSHOCK 컨트롤러 지원|DualSense 컨트롤러 지원|DualSense 컨트롤러 지원|스테레오 사운드|자막 옵션|서라운드 사운드|컨트롤러 일부 지원|가족 공유,멀티플레이어|협동|온라인 협동,14,2024년 2월 8일,Arrowhead Game Studios,PlayStation Publishing LLC,https://shared.akamai.steamstatic.com/store_item_assets/steam/apps/553850/2a58d0a6c901e61cc6ad5a7cb488048a1e9f4809/header_koreana.jpg?t=1786525389,"은하계 최고의 공격 부대. 빠르고, 정신없고, 격렬한 3인칭 슈팅 게임에서 헬다이버가 되어 적대적인 은하계 전역을 누비며 자유를 위해 싸우세요."
3240220,Grand Theft Auto V 인핸스드,False,55000,24200,56,8,매우 긍정적,218248,0.8269,액션|어드벤처|레이싱,싱글 플레이어|멀티플레이어|PvP|온라인 PvP|협동|온라인 협동|Steam 도전 과제|앱 내 구매|DualSense 컨트롤러 지원|DualSense 컨트롤러 지원|컨트롤러 일부 지원|Remote Play 휴대전화|Remote Play 태블릿,싱글 플레이어|멀티플레이어|협동|온라인 협동|PvP,13,2025년 3월 4일,Rockstar North,Rockstar Games,https://shared.akamai.steamstatic.com/store_item_assets/steam/apps/3240220/header_koreana.jpg?t=1781187782,"엔터테인먼트 블록버스터인 Grand Theft Auto V와 Grand Theft Auto 온라인을 경험해 보십시오. 이제 환상적인 비주얼과 더욱 빠른 로딩, 3D 오디오 등과 함께 차세대 수준으로 업그레이드되었으며, GTA 온라인 플레이어를 위한 특별 콘텐츠 또한 마련되어 있습니다."
4282500,hololive Dreams,True,0,0,0,5,복합적,3226,0.6426,액션|어드벤처|RPG|무료 플레이,싱글 플레이어|멀티플레이어|PvP|온라인 PvP|협동|온라인 협동|앱 내 구매|가족 공유,싱글 플레이어|멀티플레이어|협동|온라인 협동|PvP,6,2026년 7월 22일,"QualiArts, Inc.","QualiArts, Inc.",https://shared.akamai.steamstatic.com/store_item_assets/steam/apps/4282500/21d618af6bdb3be75a8b923bf8d38328aaba1820/header.jpg?t=1785720042,"【hololive 공식】 리듬 RPG 『hololive 드림즈(holo드림)』가 Steam에 등장! 리듬 게임을 중심으로, 테마파크 개발과 미니 게임 등 다양한 콘텐츠를 수록! 총 50명 이상의 hololive 멤버가 등장하며, 초기 수록곡은 무려 150곡 이상! hololive의 팬은 물론, 처음 접하는 분들도 폭넓게 즐길 수 있는 작품으로, 플레이 방법은 취향에 따라 자유롭게!"
2074920,퍼스트 디센던트,True,0,0,0,5,복합적,112057,0.5731,액션|어드벤처|RPG|무료 플레이,싱글 플레이어|멀티플레이어|협동|온라인 협동|크로스 플랫폼 멀티플레이어|앱 내 구매|DUALSHOCK 컨트롤러 지원|DUALSHOCK 컨트롤러 지원|DualSense 컨트롤러 지원|DualSense 컨트롤러 지원|컨트롤러 일부 지원|가족 공유,싱글 플레이어|멀티플레이어|협동|온라인 협동,12,2024년 6월 30일,"NEXON Games Co., Ltd.",NEXON,https://shared.akamai.steamstatic.com/store_item_assets/steam/apps/2074920/dc8ac02c8328d66f2f78ea8b83472bdd7e281a62/header.jpg?t=1787211276,"퍼스트 디센던트는 언리얼 엔진 5 기반 크로스플레이가 가능한 차세대 3인칭 루트슈터 게임으로 플레이어는 계승자가 되어 인류의 생존을 위해 침략자들에 맞서 싸우게 됩니다. 다채로운 캐릭터, 호쾌한 건플레이, 다양한 성장요소, 스펙타클한 스토리, 그리고 4인 코옵을 통해 전략적으로 보스를 공략해보세요."
3932890,Escape from Tarkov,False,69500,69500,0,5,복합적,63120,0.4911,액션|대규모 멀티플레이어|RPG|시뮬레이션,멀티플레이어|MMO|PvP|온라인 PvP|협동|온라인 협동|Steam 도전 과제|Steam 트레이딩 카드|앱 내 구매|카메라 움직임 조정|색상 대체|음량 개별 조절|퀵타임 이벤트 없이 플레이 가능|스테레오 사운드|서라운드 사운드,멀티플레이어|협동|온라인 협동|PvP,20,2025년 11월 15일,Battlestate Games,Battlestate Games,https://shared.akamai.steamstatic.com/store_item_assets/steam/apps/3932890/4dd12ea3b00a4f8b67bfd629f3b9abbf8d5cab05/header_alt_assets_2.jpg?t=1785782094,"목숨을 건 도박같은 레이드가 매력적인 탈출 FPS 장르의 원조 Escape from Tarkov입니다. 레이드를 준비하고, 피 흘리고, 인내하며 가차없는 PMC들 그리고 스캐브들과 싸워나가며 전술적 우위를 점하고 전리품을 지켜내세요 — 당신의 생과 사를 가르는 것은 오직 탈출 뿐입니다."
2161440,风帆纪元 Sailing Era,False,27000,27000,0,6,대체로 긍정적,5051,0.7852,어드벤처|RPG|시뮬레이션|전략,싱글 플레이어|Steam 도전 과제|컨트롤러 완벽 지원|Steam Cloud|가족 공유,싱글 플레이어,4,2023년 1월 11일,GY Games,bilibili,https://shared.akamai.steamstatic.com/store_item_assets/steam/apps/2161440/header.jpg?t=1727606618,"Sailing Era에서 모든 항해는 ""출항 그 너머""로의 여정입니다! 선단을 이끌어 재미를 찾아 출항하고, 사업을 운영하고, 여관의 주점에서 낭만적인 만남도 가져보고, 격렬한 전투 중에 해적을 생포하며, 보물을 찾아 내륙을 탐험해 보세요... 외국의 문화를 겪어보며 새로운 발견으로 가득한 항해를 시작해 보세요!"
2530470,마녀의 정원,False,22000,15400,30,8,매우 긍정적,1430,0.9266,액션|인디|RPG,싱글 플레이어|Steam 도전 과제|컨트롤러 완벽 지원|게임패드 권장|DUALSHOCK 컨트롤러 지원|DUALSHOCK 컨트롤러 지원|DualSense 컨트롤러 지원|DualSense 컨트롤러 지원|Steam Cloud|통계|가족 공유,싱글 플레이어,9,2026년 8월 28일,Team Tapas,Team Tapas,https://shared.akamai.steamstatic.com/store_item_assets/steam/apps/2530470/2cfea4e2f8179ee7e5d81e020b3d9ff382232896/header_koreana.jpg?t=1787907620,‘마녀의 정원’은 아기자기하고 위험 넘치는 로그라이크 액션 게임입니다. 제멋대로인 마녀들 때문에 갖은 고생을 하는 주인공 ‘실’을 도와 ‘정원’을 구해주세요.
1478500,Big Walk,False,21800,21800,0,9,압도적으로 긍정적,28104,0.9521,어드벤처,멀티플레이어|협동|온라인 협동|크로스 플랫폼 멀티플레이어|Steam 도전 과제|컨트롤러 완벽 지원|카메라 움직임 조정|색상 대체|난이도 조정|퀵타임 이벤트 없이 플레이 가능|DUALSHOCK 컨트롤러 지원|DUALSHOCK 컨트롤러 지원|DualSense 컨트롤러 지원|DualSense 컨트롤러 지원|수시 저장|스테레오 사운드|Steam Cloud|가족 공유,멀티플레이어|협동|온라인 협동,14,2026년 8월 4일,House House,Panic,https://shared.akamai.steamstatic.com/store_item_assets/steam/apps/1478500/62eeee1507dbac905e128a62f2ce690550238db0/header.jpg?t=1785911674,"거대한 세계 속에서 친구들과 어울리며 길을 잃어보세요. Untitled Goose Game 개발진이 선보이는, 대화하며 함께 걷는 협동 온라인 게임입니다."
4162040,젠레스 존 제로,True,0,0,0,8,매우 긍정적,14946,0.8785,액션|어드벤처|RPG|무료 플레이,싱글 플레이어|앱 내 구매|게임패드 권장|DUALSHOCK 컨트롤러 지원|DUALSHOCK 컨트롤러 지원|DualSense 컨트롤러 지원|DualSense 컨트롤러 지원|컨트롤러 일부 지원|가족 공유,싱글 플레이어,13,2026년 6월 16일,COGNOSPHERE PTE. LTD.,COGNOSPHERE PTE. LTD.,https://shared.akamai.steamstatic.com/store_item_assets/steam/apps/4162040/5493d6a5572ed2220096a5af5da660493d3a4ec2/header_alt_assets_0_koreana.jpg?t=1785276247,"〈젠레스 존 제로〉는 HoYoverse의 신작 어반 판타지 ARPG입니다. 플레이어는 「로프꾼」이 되어 다양한 「에이전트」들과 함께 공동을 탐색하며 적을 쓰러트리고, 임무를 완수하며 뉴에리두 배후에 숨겨진 이야기를 파헤치게 됩니다."
1973530,Limbus Company,True,0,0,0,8,매우 긍정적,117002,0.8816,무료 플레이,싱글 플레이어|앱 내 구매|가족 공유,싱글 플레이어,3,2023년 2월 26일,ProjectMoon,ProjectMoon,https://shared.akamai.steamstatic.com/store_item_assets/steam/apps/1973530/header.jpg?t=1786698115,"림버스 컴퍼니의 관리자가 되어 12명의 수감자를 이끌고, 폐쇄된 로보토미 코퍼레이션 지부로 들어가 황금가지를 탈환하세요."
230410,Warframe,True,0,0,0,8,매우 긍정적,675456,0.878,액션|RPG|무료 플레이,싱글 플레이어|멀티플레이어|협동|온라인 협동|크로스 플랫폼 멀티플레이어|Steam 도전 과제|컨트롤러 완벽 지원|Steam 트레이딩 카드|Steam 창작마당|앱 내 구매|카메라 움직임 조정|색상 대체|음량 개별 조절|퀵타임 이벤트 없이 플레이 가능|DUALSHOCK 컨트롤러 지원|DUALSHOCK 컨트롤러 지원|DualSense 컨트롤러 지원|DualSense 컨트롤러 지원|Steam Input API 지원|스테레오 사운드|서라운드 사운드|Remote Play 휴대전화|Remote Play 태블릿|Remote Play TV|HDR 사용 가능,싱글 플레이어|멀티플레이어|협동|온라인 협동,15,2013년 3월 25일,Digital Extremes,Digital Extremes,https://shared.akamai.steamstatic.com/store_item_assets/steam/apps/230410/a000b4bf98dde5d51cd44206f1ac21d04841017e/header.jpg?t=1786540562,"이 스토리 중심의 부분 유료 온라인 액션 게임에서 그 누구도 멈출 수 없는 강력한 전사로 깨어나 동료들과 함께 싸움에 임하세요. 여러 행성에 걸쳐 뻗어나가는 성계 이곳저곳에서 전쟁을 벌이는 세력들과 맞서며, 신비로운 인물, 로터스의 안내에 따르며 워프레임을 레벨업하고, 파괴적인 화력을 가진 무기고를 쌓아올리고, 이 짜릿한, 전혀 새로운 장르의 3인칭 전투 경험 속의 거대한 오픈 월드에서 여러분의 진짜 잠재력을 불러일으키세요."
4108000,Machine Party,False,8800,8800,0,8,매우 긍정적,4355,0.8719,액션|인디,멀티플레이어|협동|온라인 협동|스크린 공유 및 분할 협동|공유 및 분할 화면|Steam 도전 과제|컨트롤러 완벽 지원|DUALSHOCK 컨트롤러 지원|Remote Play Together|가족 공유,멀티플레이어|협동|온라인 협동,17,2026년 7월 30일,Mike Klubnika|GDeavid,Oro Interactive,https://shared.akamai.steamstatic.com/store_item_assets/steam/apps/4108000/00ae7d0e0fd0ad72635bddb1dd80ee68cc94eed5/header.jpg?t=1786561627,Machine Party is a collection of violent party games where failure is lethal. Gather your friends and endure high stakes situations to prove your life is worth more than theirs. Survival is unlikely.
4508340,이환,True,0,0,0,8,매우 긍정적,5708,0.8346,액션|어드벤처|RPG|무료 플레이,싱글 플레이어|멀티플레이어|협동|온라인 협동|앱 내 구매|DUALSHOCK 컨트롤러 지원|DUALSHOCK 컨트롤러 지원|DualSense 컨트롤러 지원|DualSense 컨트롤러 지원|컨트롤러 일부 지원|가족 공유,싱글 플레이어|멀티플레이어|협동|온라인 협동,9,2026년 7월 7일,Hotta Studio,Perfect World Games,https://shared.akamai.steamstatic.com/store_item_assets/steam/apps/4508340/5585ab0e15fd71258444959c3a759431f3a57d26/header_koreana.jpg?t=1787092926,은 Hotta Studio에서 개발한 초자연 어반 오픈월드 RPG입니다. 잠들지 않는 도시 '헤테로 시티'에서 매력적인 동료들을 만나 미스터리한 사건들을 해결해 보세요. 당신의 선택이 곧 이 도시의 새로운 이야기가 됩니다.
294100,RimWorld,False,37500,37500,0,9,압도적으로 긍정적,245508,0.9785,인디|시뮬레이션|전략,싱글 플레이어|Steam 창작마당|텍스트 크기 조정|카메라 움직임 조정|음량 개별 조절|난이도 조정|마우스 전용 옵션|퀵타임 이벤트 없이 플레이 가능|수시 저장|컨트롤러 일부 지원|Steam Cloud|Remote Play 태블릿|가족 공유,싱글 플레이어,24,2018년 10월 17일,Ludeon Studios,Ludeon Studios,https://shared.akamai.steamstatic.com/store_item_assets/steam/apps/294100/76e0613b8197327299d5dbabb0a7fd7828a689a2/header.jpg?t=1782756789,"지능형 AI 이야기꾼이 주도하는 공상과학 정착지 시뮬레이터입니다. 심리, 생태, 총격전과 근접전, 날씨, 기후, 외교, 사람 사이의 관계, 예술, 의학, 무역, 그 외 많은 것들을 시뮬레이션하여 이야기를 생성합니다."
1407200,World of Tanks,True,0,0,0,6,대체로 긍정적,100732,0.7982,액션|대규모 멀티플레이어|시뮬레이션|무료 플레이,멀티플레이어|MMO|PvP|온라인 PvP|Steam 도전 과제|Steam 트레이딩 카드|앱 내 구매|색상 대체|음량 개별 조절|퀵타임 이벤트 없이 플레이 가능|스테레오 사운드|서라운드 사운드|가족 공유,멀티플레이어|PvP,20,2021년 4월 28일,Wargaming Group Limited,Wargaming Group Limited,https://shared.akamai.steamstatic.com/store_item_assets/steam/apps/1407200/22e8d396c251b5016eac34717cc62991c0173d35/header_alt_assets_23.jpg?t=1787737669,"월드 오브 탱크는 전차 유형과 역할에 따라 매우 다양한 게임 플레이를 즐길 수 있는 전술 액션 게임입니다. 일반적인 PvP 외에도 경쟁 모드와 클랜 기반 모드, 특별 PvE 및 PvPvE 이벤트 등 다양한 콘텐츠가 준비되어 있습니다. 전장을 지배하든 재미를 추구하든 원하는 방식으로 전투를 즐겨 보십시오."
2651280,마블 스파이더맨 2,False,62800,62800,0,8,매우 긍정적,45989,0.8324,액션|어드벤처,싱글 플레이어|Steam 도전 과제|컨트롤러 완벽 지원|텍스트 크기 조정|카메라 움직임 조정|색상 대체|음량 개별 조절|난이도 조정|게임 메뉴 음성 안내|퀵타임 이벤트 없이 플레이 가능|DUALSHOCK 컨트롤러 지원|DUALSHOCK 컨트롤러 지원|DualSense 컨트롤러 지원|DualSense 컨트롤러 지원|수시 저장|Steam Input API 지원|스테레오 사운드|자막 옵션|서라운드 사운드|Steam Cloud|HDR 사용 가능|가족 공유,싱글 플레이어,26,2025년 1월 30일,Insomniac Games|Nixxes Software,PlayStation Publishing LLC,https://shared.akamai.steamstatic.com/store_item_assets/steam/apps/2651280/header.jpg?t=1763569811,"함께. 더 강해져라. 많은 호평을 받은 스파이더맨 프랜차이즈 신규 챕터의 PC 버전에서는 피터 파커와 마일즈 모랄레스가 삶, 우정, 그리고 수호자의 의무 사이에서 균형을 찾는 사이, 심비오트의 강력한 힘이 그들을 절박한 싸움으로 몰아넣습니다."
3527290,PEAK,False,8400,8400,0,8,매우 긍정적,363257,0.945,액션|어드벤처|인디,싱글 플레이어|멀티플레이어|협동|온라인 협동|Steam 도전 과제|컨트롤러 완벽 지원|Steam 트레이딩 카드|DUALSHOCK 컨트롤러 지원|DUALSHOCK 컨트롤러 지원|DualSense 컨트롤러 지원|DualSense 컨트롤러 지원|가족 공유,싱글 플레이어|멀티플레이어|협동|온라인 협동,15,2025년 6월 16일,Team PEAK,Aggro Crab|Evil Landfall?,https://shared.akamai.steamstatic.com/store_item_assets/steam/apps/3527290/89f65be18915d2dc5566de1de322379d62c1dcac/header_alt_assets_3.jpg?t=1786470571,"PEAK는 작은 실수 하나가 치명적인 결과를 초래할 수 있는 협동 등반 게임입니다. 혼자서든, 길 잃은 자연 스카우트와 함께든, 신비한 섬에서 구조될 유일한 희망은 중앙에 우뚝 솟은 산을 오르는 것뿐입니다. 당신은 과연 정상에 오를 수 있을까요?"
4704690,MECCHA CHAMELEON,False,6550,6550,0,8,매우 긍정적,86661,0.8745,캐주얼,멀티플레이어|PvP|온라인 PvP|Steam 창작마당|카메라 움직임 조정|음량 개별 조절|#category_playable_at_your_own_pace|퀵타임 이벤트 없이 플레이 가능|스테레오 사운드|서라운드 사운드|Steam Cloud|가족 공유,멀티플레이어|PvP,13,2026년 6월 9일,lemorion_1224,lemorion_1224,https://shared.akamai.steamstatic.com/store_item_assets/steam/apps/4704690/163e2a742e5fb8e1f5d1e3a890da98f04ab809d4/header.jpg?t=1785908480,"자신을 칠하고 배경 속으로 녹아들어라! ""Meccha Chameleon""은 새하얀 자신의 몸에 그림을 그려 스테이지에 의태하는 신감각 숨바꼭질 게임입니다. 숨는 장소, 포즈, 그리고 무엇보다 '화력(그림 실력)'이 생존의 열쇠입니다. 카멜레온도 울고 갈 기술로 술래의 눈을 속이고 제한 시간 동안 살아남으세요! 랜덤 매칭이나 시청자 참여형 방송도 간편하게 즐길 수 있습니다."
4128400,eBaseball™: PRO SPIRIT,True,0,0,0,6,대체로 긍정적,1495,0.7706,액션|스포츠|무료 플레이,싱글 플레이어|멀티플레이어|PvP|온라인 PvP|스크린 공유 및 분할 PvP|협동|스크린 공유 및 분할 협동|공유 및 분할 화면|컨트롤러 완벽 지원|음량 개별 조절|난이도 조정|#category_playable_at_your_own_pace|퀵타임 이벤트 없이 플레이 가능|DUALSHOCK 컨트롤러 지원|DUALSHOCK 컨트롤러 지원|DualSense 컨트롤러 지원|DualSense 컨트롤러 지원|스테레오 사운드|서라운드 사운드|Steam Cloud|가족 공유,싱글 플레이어|멀티플레이어|협동|PvP,4,2026년 3월 4일,KONAMI,KONAMI,https://shared.akamai.steamstatic.com/store_item_assets/steam/apps/4128400/89639ca2b8f37f7c4b2ce26d5890fef8939f0714/header.jpg?t=1785908787,"전 세계 플레이어와 함께 실감나는 야구를 체험. 타구 궤적과 선수들이 보여주는 필사적인 플레이, 그리고 환호에 휩싸인 관객석. 압도적인 표현으로, 진짜 야구와 같은 리얼함을 구현."
1331550,Big Ambitions,False,26870,21500,20,8,매우 긍정적,13579,0.9261,인디|시뮬레이션,싱글 플레이어|Steam 도전 과제|Steam 창작마당|Steam Cloud|가족 공유,싱글 플레이어,22,2026년 8월 28일,Hovgaard Games,Hovgaard Games,https://shared.akamai.steamstatic.com/store_item_assets/steam/apps/1331550/6ef350077eee961864c78ac396a16195ef385fae/header.jpg?t=1787936588,Big Ambitions는 지금까지 볼 수 없었던 롤플레잉 비즈니스 시뮬레이션입니다. 소규모 사업을 창업하거나 거대 기업을 천천히 구축하는 등 원하는 방식을 통해 무일푼 젊은이에서 New York 최대의 기업 경영자로 성장해 보세요.
1868140,데이브 더 다이버,False,24000,12000,50,9,압도적으로 긍정적,161335,0.9651,어드벤처|캐주얼|RPG|시뮬레이션,싱글 플레이어|Steam 도전 과제|컨트롤러 완벽 지원|Steam 트레이딩 카드|DUALSHOCK 컨트롤러 지원|DUALSHOCK 컨트롤러 지원|DualSense 컨트롤러 지원|DualSense 컨트롤러 지원|Steam Cloud|가족 공유,싱글 플레이어,11,2023년 6월 28일,MINTROCKET,MINTROCKET,https://shared.akamai.steamstatic.com/store_item_assets/steam/apps/1868140/81bdb3bce15d27ca1b4554a642d91096e89be229/header.jpg?t=1786442860,"신비한 블루홀을 배경으로 한 해양 어드벤처 게임 [DAVE THE DIVER]에 오신 것을 환영합니다.낮에는 아름다운 바닷속에서 물고기를 사냥하고, 밤에는 초밥집을 운영해 돈을 벌어 보세요.개성 강한 동료들의 이야기와 함께 펼쳐지는 바닷속 수수께끼. 신비롭고 새로운 재미가 기다리고 있습니다!"
1295660,시드 마이어의 문명 VII,False,118900,59450,50,5,복합적,58542,0.4839,시뮬레이션|전략,싱글 플레이어|멀티플레이어|PvP|온라인 PvP|LAN PvP|크로스 플랫폼 멀티플레이어|Steam 도전 과제|컨트롤러 완벽 지원|Steam 트레이딩 카드|Steam 창작마당|텍스트 크기 조정|카메라 움직임 조정|텍스트 채팅 음성 변환|색상 대체|음량 개별 조절|난이도 조정|마우스 전용 옵션|게임 메뉴 음성 안내|퀵타임 이벤트 없이 플레이 가능|DUALSHOCK 컨트롤러 지원|DUALSHOCK 컨트롤러 지원|DualSense 컨트롤러 지원|DualSense 컨트롤러 지원|수시 저장|Steam Input API 지원|스테레오 사운드|서라운드 사운드|터치 전용 옵션|HDR 사용 가능|가족 공유,싱글 플레이어|멀티플레이어|PvP,12,2025년 2월 10일,Firaxis Games,2K,https://shared.akamai.steamstatic.com/store_item_assets/steam/apps/1295660/header.jpg?t=1787758207,시대를 진보 또는 존속시키는 지도자가 되어 제국을 이끌어 보세요. 시드 마이어의 문명® VII에서 여러분의 신념을 실현하세요.
3679080,일곱 개의 대죄: Origin,True,0,0,0,5,복합적,15635,0.6022,액션|어드벤처|대규모 멀티플레이어|RPG|시뮬레이션|무료 플레이,싱글 플레이어|멀티플레이어|협동|온라인 협동|크로스 플랫폼 멀티플레이어|컨트롤러 완벽 지원|앱 내 구매|음량 개별 조절|난이도 조정|DualSense 컨트롤러 지원|수시 저장|자막 옵션|가족 공유,싱글 플레이어|멀티플레이어|협동|온라인 협동,13,2026년 3월 16일,Netmarble F&C,Netmarble,https://shared.akamai.steamstatic.com/store_item_assets/steam/apps/3679080/718353a3529797c8d8125fc1deb1c41f9670e71d/header_koreana.jpg?t=1787534042,"〈일곱 개의 대죄: Origin〉은 『일곱 개의 대죄』 IP를 배경으로 하는 멀티형 오픈월드 RPG입니다. 리오네스의 왕자 트리스탄이 되어 오픈월드로 구현된 애니메이션 속 브리타니아를 탐험하며, 시공간이 뒤섞인 세계의 혼란을 바로잡기 위한 여정에 함께하세요."
2868840,Slay the Spire 2,False,27000,27000,0,5,복합적,198207,0.6089,인디|전략|앞서 해보기,싱글 플레이어|멀티플레이어|협동|온라인 협동|컨트롤러 완벽 지원|음량 개별 조절|마우스 전용 옵션|#category_playable_at_your_own_pace|퀵타임 이벤트 없이 플레이 가능|DualSense 컨트롤러 지원|수시 저장|Steam Input API 지원|Steam Cloud|통계|Steam 순위표|가족 공유,싱글 플레이어|멀티플레이어|협동|온라인 협동,14,2026년 3월 5일,Mega Crit,Mega Crit,https://shared.akamai.steamstatic.com/store_item_assets/steam/apps/2868840/b0958d387dc366211e0f353443710cfcf9fdb020/header.jpg?t=1787169309,"로그라이크 덱 빌딩 게임의 상징이 돌아왔습니다! 슬레이 더 스파이어 2에서 독창적인 덱을 만들고, 괴이한 생명체들과 조우하며, 엄청난 힘을 가진 유물을 발견하세요."
2713000,Resonance: A Plague Tale Legacy,False,65000,65000,0,8,매우 긍정적,819,0.9304,액션|어드벤처,싱글 플레이어|Steam 도전 과제|컨트롤러 완벽 지원|Steam 트레이딩 카드|텍스트 크기 조정|카메라 움직임 조정|색상 대체|#category_contrast_controls|음량 개별 조절|난이도 조정|게임패드 권장|퀵타임 이벤트 없이 플레이 가능|DUALSHOCK 컨트롤러 지원|DualSense 컨트롤러 지원|DualSense 컨트롤러 지원|스테레오 사운드|자막 옵션|서라운드 사운드|Steam Cloud|HDR 사용 가능|가족 공유,싱글 플레이어,17,2026년 8월 27일,Asobo Studio,Focus Entertainment,https://shared.akamai.steamstatic.com/store_item_assets/steam/apps/2713000/fd497979801c646561040243e1aa64a73d11f13a/header.jpg?t=1787925122,"화려한 수상 이력을 자랑하는 A Plague Tale의 프리퀄에서 새로운 오리지널 스토리를 경험하세요. 미노타우로스의 섬으로 향한 소피아가 되어 치명적인 적들을 따돌리고, 고대의 비밀을 풀어내고, 무시무시한 저주의 한가운데에서 신비한 생물과 맞서 싸우세요."
960170,DJMAX RESPECT V,False,49800,49800,0,8,매우 긍정적,34798,0.8869,액션|캐주얼|스포츠,싱글 플레이어|멀티플레이어|PvP|온라인 PvP|Steam 도전 과제|Steam 트레이딩 카드|앱 내 구매|컨트롤러 일부 지원|Remote Play 휴대전화|Remote Play 태블릿|가족 공유,싱글 플레이어|멀티플레이어|PvP,11,2020년 3월 11일,NEOWIZ,NEOWIZ,https://shared.akamai.steamstatic.com/store_item_assets/steam/apps/960170/header.jpg?t=1772009068,최고의 인기 리듬게임 “DJMAX” 드디어 STEAM 출시!! DJMAX 시리즈의 최신작 'DJMAX RESPECT'가 더 발전된 모습으로 스팀에 첫 발을 내딛습니다.
2739990,작혼: 리치 마작,True,0,0,0,8,매우 긍정적,4176,0.8372,캐주얼|전략,멀티플레이어|PvP|온라인 PvP|크로스 플랫폼 멀티플레이어|앱 내 구매|가족 공유,멀티플레이어|PvP,3,2024년 7월 23일,Catfood Studio,YOSTAR HONG KONG LIMITED,https://shared.akamai.steamstatic.com/store_item_assets/steam/apps/2739990/97311606dfd60bb099906115f153f67961116aa2/header_koreana.jpg?t=1783481658,"언제 어디서나 즐기는 리치 마작, ‘작혼’의 세계로 초대합니다!"
4570720,드래곤소드 : 어웨이크닝,False,33000,33000,0,8,매우 긍정적,11530,0.8995,액션|어드벤처|RPG,싱글 플레이어|멀티플레이어|협동|온라인 협동|Steam 도전 과제|카메라 움직임 조정|#category_contrast_controls|음량 개별 조절|난이도 조정|DUALSHOCK 컨트롤러 지원|DUALSHOCK 컨트롤러 지원|DualSense 컨트롤러 지원|DualSense 컨트롤러 지원|스테레오 사운드|서라운드 사운드|컨트롤러 일부 지원|Steam Cloud|통계|가족 공유,싱글 플레이어|멀티플레이어|협동|온라인 협동,11,2026년 7월 22일,Hound13 Inc.,Hound13 Inc.,https://shared.akamai.steamstatic.com/store_item_assets/steam/apps/4570720/96a897e98f4472e656fbe6681191b3066cab6056/header.jpg?t=1787105406,"언리얼 엔진 5로 구현된 애니메이션 스타일의 오픈월드, ‘오르비스’ 대륙을 탐험하세요! 개성 넘치는 동료들을 영입하고 화려한 상태이상 태그 액션을 펼치며, 60년 만에 부활한 드래곤의 위협으로부터 세상을 구원하는 위대한 여정이 시작됩니다."
1449850,Yu-Gi-Oh! Master Duel,True,0,0,0,6,대체로 긍정적,101151,0.7148,시뮬레이션|전략|무료 플레이,싱글 플레이어|멀티플레이어|PvP|온라인 PvP|크로스 플랫폼 멀티플레이어|Steam 도전 과제|Steam 트레이딩 카드|앱 내 구매|가족 공유,싱글 플레이어|멀티플레이어|PvP,10,2022년 1월 18일,KONAMI,KONAMI,https://shared.akamai.steamstatic.com/store_item_assets/steam/apps/1449850/3dabbf618664c7a561202771e3754b6690949159/header.jpg?t=1787875861,사상 최고봉의 디지털 카드 게임으로!
3557620,블루 아카이브,True,0,0,0,5,복합적,27991,0.6421,어드벤처|캐주얼|RPG|전략|무료 플레이,싱글 플레이어|앱 내 구매|음량 개별 조절|마우스 전용 옵션|스테레오 사운드|자막 옵션|가족 공유,싱글 플레이어,4,2025년 7월 3일,NEXON Games,NEXON Korea,https://shared.akamai.steamstatic.com/store_item_assets/steam/apps/3557620/a43191451225d3122c224a7349f2fc232f46b3d0/header_koreana.jpg?t=1779773548,"평범한 일상에서, 기적을 찾아가는 RPG"
2638890,귀무자 Way of the Sword,False,79800,79800,0,0,사용자 평가 없음,0,0.0,액션|어드벤처|RPG,싱글 플레이어|Steam 도전 과제|컨트롤러 완벽 지원|Steam Cloud|HDR 사용 가능|가족 공유,싱글 플레이어,14,2026년 9월 3일,"CAPCOM Co., Ltd.","CAPCOM Co., Ltd.",https://shared.akamai.steamstatic.com/store_item_assets/steam/apps/2638890/ce31174fea86d0bafa21b26e853dcd0b7326e36f/header.jpg?t=1784162334,"피로 피를 씻는 검극 액션 게임의 최고봉. 기기괴괴해진 교토를 동분서주하며 들끓는 환마를 베고 또 베어 넘기는 「귀신의 완갑」을 찬 한 명의 무사. 피바람 치는 장렬한 검극 속에서, 싸우는 이유를 묻는다. 내가 걷는 이 길은, 대체 어디로 향하는가⋯?"
2680010,퍼스트 버서커: 카잔,False,64800,38880,40,8,매우 긍정적,32110,0.8511,액션|어드벤처|RPG,싱글 플레이어|Steam 도전 과제|컨트롤러 완벽 지원|DualSense 컨트롤러 지원|DualSense 컨트롤러 지원|Steam Cloud|가족 공유,싱글 플레이어,11,2025년 3월 27일,Neople,NEXON,https://shared.akamai.steamstatic.com/store_item_assets/steam/apps/2680010/header.jpg?t=1776936760,"퍼스트 버서커: 카잔은 하드코어 액션 롤플레잉 게임입니다. 플레이어는 죽음을 극복한 펠로스 제국의 대장군 카잔이 되어, 자신이 몰락하게된 사건을 파헤치고 적들에게 복수를 하기 위한 모험을 떠납니다."
4435490,콜 오브 듀티®: 모던 워페어 4,False,80000,80000,0,0,사용자 평가 없음,0,0.0,액션,싱글 플레이어|멀티플레이어|PvP|온라인 PvP|협동|온라인 협동|크로스 플랫폼 멀티플레이어|Steam 도전 과제|캡션 이용 가능|앱 내 구매|텍스트 크기 조정|카메라 움직임 조정|색상 대체|음량 개별 조절|퀵타임 이벤트 없이 플레이 가능|DUALSHOCK 컨트롤러 지원|DUALSHOCK 컨트롤러 지원|DualSense 컨트롤러 지원|DualSense 컨트롤러 지원|Steam Input API 지원|스테레오 사운드|자막 옵션|서라운드 사운드|컨트롤러 일부 지원|HDR 사용 가능,싱글 플레이어|멀티플레이어|협동|온라인 협동|PvP,14,2026년 10월 22일,Infinity Ward|Beenox|Digital Legends|Activision Shanghai|Raven Software|Treyarch|Sledgehammer Games|High Moon Studios,Activision,https://shared.akamai.steamstatic.com/store_item_assets/steam/apps/4435490/1b43b29d30d31ec134f876d30ed1a13706875a25/header_koreana.jpg?t=1787941446,콜 오브 듀티®: 모던 워페어 4에서는 북한이 세계의 안녕을 위협하는 전면적인 침공을 감행하며 한반도에 전쟁이 발발합니다.
1818450,STALZONE | 스탈존,True,0,0,0,6,대체로 긍정적,107191,0.7226,액션|대규모 멀티플레이어|RPG|무료 플레이,멀티플레이어|MMO|PvP|온라인 PvP|협동|온라인 협동|Steam 도전 과제|앱 내 구매|카메라 움직임 조정|음량 개별 조절|퀵타임 이벤트 없이 플레이 가능|스테레오 사운드|자막 옵션|가족 공유,멀티플레이어|협동|온라인 협동|PvP,5,2022년 12월 9일,EXBO,EXBO,https://shared.akamai.steamstatic.com/store_item_assets/steam/apps/1818450/03ac3c6b881ac2c344fb465bfec8a707d24f33a9/header.jpg?t=1785758933,"STALZONE은 살아 숨 쉬는 오픈 월드를 배경으로 한 익스트랙션 슈터입니다. 위험 지역에서 자원과 전리품을 확보한 뒤 무사히 탈출하는 익스트랙션 방식의 긴장감과, 캐릭터와 장비가 계속해서 성장하는 지속적인 진행 시스템이 결합되어 있습니다. 구역 깊숙이 나아갈수록 더 큰 보상을 얻을 수 있지만, 그만큼 마주하게 되는 위험도 점점 커집니다. 이상 현상으로 뒤틀리고 서로 적대하는 세력들의 영토로 갈라진 체르노빌 출입 금지 구역이 여러분을 기다립니다."
108600,Project Zomboid,False,26500,26500,0,8,매우 긍정적,476326,0.9381,인디|RPG|시뮬레이션|앞서 해보기,싱글 플레이어|멀티플레이어|PvP|온라인 PvP|협동|온라인 협동|스크린 공유 및 분할 협동|공유 및 분할 화면|크로스 플랫폼 멀티플레이어|Steam 트레이딩 카드|Steam 창작마당|컨트롤러 일부 지원|Remote Play Together|가족 공유,싱글 플레이어|멀티플레이어|협동|온라인 협동|PvP,24,2013년 11월 8일,The Indie Stone,The Indie Stone,https://shared.akamai.steamstatic.com/store_item_assets/steam/apps/108600/header.jpg?t=1787740093,"Project Zomboid is the ultimate in zombie survival. Alone or in MP: you loot, build, craft, fight, farm and fish in a struggle to survive. A hardcore RPG skillset, a vast map, massively customisable sandbox and a cute tutorial raccoon await the unwary. So how will you die? All it takes is a bite.."
4315040,영주님은 방치중: 중세 도시 키우기,False,7700,7700,0,6,대체로 긍정적,1719,0.7929,캐주얼|시뮬레이션|전략,싱글 플레이어|Steam 도전 과제|가족 공유,싱글 플레이어,7,2026년 8월 19일,Phorust Studios,Runic Forge|Gamersky Games,https://shared.akamai.steamstatic.com/store_item_assets/steam/apps/4315040/219d5b9e44a9ae52fde844cd765ef9c4ceae7b74/header_koreana.jpg?t=1787976009,"자원을 모으고 계획을 세우며, 왕국을 자동으로 운영하고 꾸준히 성장시켜 보세요. 작은 모닥불 캠프에서 시작해 일꾼을 배치하고 영토를 확장하세요. 교역으로 부를 축적하고, 새로운 건물과 기술, 정책은 물론 신비로운 마법까지 해금하며 대륙 최강의 왕국을 건설해 보세요."
1551360,Forza Horizon 5,False,59900,23960,60,8,매우 긍정적,279791,0.8918,액션|어드벤처|레이싱|시뮬레이션|스포츠,싱글 플레이어|멀티플레이어|PvP|온라인 PvP|협동|온라인 협동|크로스 플랫폼 멀티플레이어|Steam 도전 과제|컨트롤러 완벽 지원|Steam 트레이딩 카드|Steam Cloud|HDR 사용 가능|가족 공유,싱글 플레이어|멀티플레이어|협동|온라인 협동|PvP,16,2021년 11월 8일,Playground Games,Xbox Game Studios,https://shared.akamai.steamstatic.com/store_item_assets/steam/apps/1551360/header.jpg?t=1787677939,세계 최고의 자동차를 타고 생동감 넘치는 멕시코의 대자연을 탐험하며 재미있는 드라이빙 액션을 마음껏 즐겨보세요.
570,Dota 2,True,0,0,0,8,매우 긍정적,2767455,0.8054,액션|전략|무료 플레이,멀티플레이어|협동|Steam 트레이딩 카드|Steam 창작마당|SteamVR 수집품|앱 내 구매|카메라 움직임 조정|색상 대체|음량 개별 조절|Valve Anti-Cheat 사용|Steam 타임라인,멀티플레이어|협동,28,2013년 7월 9일,Valve,Valve,https://shared.akamai.steamstatic.com/store_item_assets/steam/apps/570/header.jpg?t=1769535998,"매일, 전 세계 수백 만의 플레이어가 백여 명의 도타 영웅 중 하나가 되어 전장에 뛰어듭니다. 10시간을 했든, 1,000시간을 했든 언제나 새롭게 느껴지는 무언가가 있습니다. 정기적인 업데이트로 게임플레이, 기능, 영웅이 끊임없이 진화하는 도타 2는 그 자체의 생명력으로 살아 숨 쉬는 게임입니다."
1142710,토탈워: 워해머 3,False,60000,60000,0,6,대체로 긍정적,147762,0.7133,액션|전략,싱글 플레이어|멀티플레이어|PvP|온라인 PvP|LAN PvP|협동|온라인 협동|LAN 협동|Steam 도전 과제|Steam 트레이딩 카드|카메라 움직임 조정|색상 대체|음량 개별 조절|난이도 조정|퀵타임 이벤트 없이 플레이 가능|수시 저장|스테레오 사운드|서라운드 사운드|Steam Cloud|가족 공유,싱글 플레이어|멀티플레이어|협동|온라인 협동|PvP,13,2022년 2월 16일,CREATIVE ASSEMBLY|Feral Interactive,SEGA|Feral Interactive,https://shared.akamai.steamstatic.com/store_item_assets/steam/apps/1142710/header.jpg?t=1786634522,Total War: WARHAMMER 3부작의 격렬한 결말이 도래했습니다. 병력을 결집하여 혼돈의 영역에 발들이십시오. 정신을 농락하는 이 공포의 공간에서 세상의 운명이 결정될 것입니다. 자신의 악마를 정복하시겠습니까… 아니면 뜻대로 부리시겠습니까?
3892270,Gamble With Your Friends,False,8900,8900,0,8,매우 긍정적,20476,0.898,어드벤처|인디|시뮬레이션,싱글 플레이어|멀티플레이어|협동|온라인 협동|Steam 도전 과제|카메라 움직임 조정|음량 개별 조절|퀵타임 이벤트 없이 플레이 가능|스테레오 사운드|Steam Cloud|가족 공유,싱글 플레이어|멀티플레이어|협동|온라인 협동,14,2026년 5월 1일,TEAM GWYF,TENSTACK,https://shared.akamai.steamstatic.com/store_item_assets/steam/apps/3892270/395e6d7972474333a698b26f8aa5597bf38109a1/header.jpg?t=1787564331,"온라인 1~6인 협동 ""카지노 크롤러"" 게임입니다. 계좌 하나와 막대한 빚을 친구들과 공유하세요. 도박을 하고, 수상한 아이템을 사고, 최악의 결정을 내리고, 불길한 카지노 탑을 오르며 빚쟁이가 독촉하는 일일 변제액을 5분 안에 상환하세요. 만약 실패하면..."
2507950,Delta Force,True,0,0,0,5,복합적,193565,0.5784,액션|어드벤처|대규모 멀티플레이어|무료 플레이,싱글 플레이어|멀티플레이어|MMO|PvP|온라인 PvP|협동|온라인 협동|크로스 플랫폼 멀티플레이어|Steam 도전 과제|컨트롤러 완벽 지원|Steam 트레이딩 카드|앱 내 구매|DUALSHOCK 컨트롤러 지원|DualSense 컨트롤러 지원|가족 공유,싱글 플레이어|멀티플레이어|협동|온라인 협동|PvP,12,2024년 12월 4일,Team Jade,TiMi Studio Group,https://shared.akamai.steamstatic.com/store_item_assets/steam/apps/2507950/bf31fa039c6081e011f1ebeba9b9b434e0d1c88d/header_alt_assets_13_koreana.jpg?t=1786330120,"차세대 전술 사격 게임의 새로운 기준. 엘리트 오퍼레이터가 되어 전용 무기를 커스터마이징하고, 치열한 익스트랙션과 웅장한 전면전을 넘나들며 극한의 임무를 수행하십시오."
262060,Darkest Dungeon®,False,27000,4050,85,8,매우 긍정적,161866,0.9166,인디|RPG|전략,싱글 플레이어|Steam 도전 과제|Steam 트레이딩 카드|DUALSHOCK 컨트롤러 지원|컨트롤러 일부 지원|Steam Cloud|Remote Play 태블릿|가족 공유,싱글 플레이어,12,2016년 1월 19일,Red Hook Studios,Red Hook Studios,https://shared.akamai.steamstatic.com/store_item_assets/steam/apps/262060/header.jpg?t=1787073267,"Darkest Dungeon은 모험의 심리적 스트레스에 중점을 둔, 매력적인 고딕풍의 턴제 기반 RPG입니다. 미완성된 영웅의 팀을 고용, 훈련 그리고 리드하여 상상할 수 없는 공포, 스트레스, 기근, 질병 그리고 끊임없이 침식하는 암흑에 맞서세요. 모든 희망이 사라졌을 때 여러분의 영웅을 모두 지켜내세요!"
2399830,ARK: Survival Ascended,False,61000,15250,75,5,복합적,116107,0.5992,액션|어드벤처|인디|대규모 멀티플레이어|RPG|앞서 해보기,싱글 플레이어|멀티플레이어|MMO|PvP|온라인 PvP|LAN PvP|협동|온라인 협동|LAN 협동|스크린 공유 및 분할 협동|공유 및 분할 화면|크로스 플랫폼 멀티플레이어|Steam 도전 과제|컨트롤러 완벽 지원|레벨 에디터 포함|Remote Play Together|가족 공유,싱글 플레이어|멀티플레이어|협동|온라인 협동|PvP,16,2023년 10월 25일,Studio Wildcard|Grove Street Games|Instinct Games,Studio Wildcard|Snail Games USA,https://shared.akamai.steamstatic.com/store_item_assets/steam/apps/2399830/d934813ca531af0fce69fe36bc972f1c90d1aa19/header.jpg?t=1779293241,"Ark는 Unreal Engine 5를 사용 하여이 차세대 비디오 게임 기술에서 처음부터 다시 상상됩니다! 부족을 형성하고 길들인 수백 개의 독특한 공룡과 원시 생물을 형성하고 식품 체인의 꼭대기로가는 길을 탐험, 공예, 건축 및 싸우십시오. 당신의 새로운 세계가 기다리고 있습니다!"
1643320,S.T.A.L.K.E.R. 2: Heart of Chornobyl,False,64900,45430,30,6,대체로 긍정적,138426,0.7978,액션|어드벤처|RPG,싱글 플레이어|Steam 도전 과제|Steam 트레이딩 카드|Steam 창작마당|DualSense 컨트롤러 지원|컨트롤러 일부 지원|Steam Cloud|HDR 사용 가능|가족 공유,싱글 플레이어,18,2024년 11월 20일,GSC Game World,GSC Game World (worldwide)|SEGA (Japan)|4Divinity (China and South East Asia),https://shared.akamai.steamstatic.com/store_item_assets/steam/apps/1643320/5b6ab49558327841d4b94744d744dff4ac462c2d/header_alt_assets_7_koreana.jpg?t=1787923177,"위험한 적과 치명적인 이상 현상, 강력한 아티팩트로 가득한 초르노빌의 드넓은 출입 금지 구역을 탐험해 보세요. 초르노빌의 심장부를 향해 나아가며 자신만의 장대한 이야기를 써 내려가세요. 나아갈 길을 현명하게 선택해야 합니다. 그 선택이 여러분의 운명과 인류의 미래를 결정할 테니까요."
413150,Stardew Valley,False,16000,16000,0,9,압도적으로 긍정적,1034912,0.9848,인디|RPG|시뮬레이션,싱글 플레이어|멀티플레이어|협동|온라인 협동|LAN 협동|스크린 공유 및 분할 협동|공유 및 분할 화면|Steam 도전 과제|컨트롤러 완벽 지원|Steam 트레이딩 카드|Steam Cloud|Remote Play 휴대전화|Remote Play 태블릿|Remote Play Together|가족 공유,싱글 플레이어|멀티플레이어|협동|온라인 협동,12,2016년 2월 26일,ConcernedApe,ConcernedApe,https://shared.akamai.steamstatic.com/store_item_assets/steam/apps/413150/header.jpg?t=1786554168,"You've inherited your grandfather's old farm plot in Stardew Valley. Armed with hand-me-down tools and a few coins, you set out to begin your new life. Can you learn to live off the land and turn these overgrown fields into a thriving home?"
236390,War Thunder,True,0,0,0,6,대체로 긍정적,779170,0.7117,액션|대규모 멀티플레이어|시뮬레이션|무료 플레이,싱글 플레이어|멀티플레이어|MMO|PvP|온라인 PvP|협동|온라인 협동|크로스 플랫폼 멀티플레이어|Steam 도전 과제|컨트롤러 완벽 지원|VR 지원|Steam 트레이딩 카드|앱 내 구매|텍스트 크기 조정|카메라 움직임 조정|색상 대체|음량 개별 조절|퀵타임 이벤트 없이 플레이 가능|DUALSHOCK 컨트롤러 지원|DualSense 컨트롤러 지원|Steam Input API 지원|스테레오 사운드|서라운드 사운드|Remote Play 휴대전화|Remote Play 태블릿,싱글 플레이어|멀티플레이어|협동|온라인 협동|PvP,18,2013년 8월 15일,Gaijin Entertainment,Gaijin Network Ltd,https://shared.akamai.steamstatic.com/store_item_assets/steam/apps/236390/65885881b96806d55fea45e130233fdafd78b129/header.jpg?t=1784211516,"War Thunder는 제 2차 세계대전부터 현대전까지의 항공기, 전차, 함선, 헬리콥터를 플레이 할 수 있는 온라인 게임 역사상 가장 거대한 스케일과 광범위한 크로스 플랫폼 기능을 자랑하는 밀리터리 MMO 게임입니다. 지금 게임에 참여하셔서 War Thunder가 제공하는 지상, 공중, 해상의 거대한 전장 서사시에 직접 참여해보세요."
881020,Granblue Fantasy: Relink,False,49800,49800,0,8,매우 긍정적,55720,0.9005,액션|어드벤처|RPG,싱글 플레이어|멀티플레이어|협동|온라인 협동|Steam 도전 과제|게임패드 권장|Steam Input API 지원|컨트롤러 일부 지원|Steam Cloud|가족 공유,싱글 플레이어|멀티플레이어|협동|온라인 협동,10,2024년 1월 31일,"Cygames, Inc.","Cygames, Inc.",https://shared.akamai.steamstatic.com/store_item_assets/steam/apps/881020/header.jpg?t=1787889010,4인 파티로 연계하며 싸우는 본격 액션 RPG! 독자적인 액션 스타일을 지닌 캐릭터가 다수 등장. 함께 기술을 시전해 나가며 넷이서 집중 공격 하는 '링크 어택'과 '오의 체인'으로 화려하게 적을 물리쳐 보자. 심도 있는 전투와 자유도 높은 육성 시스템에 액션 게임 초보자라도 숙련도에 맞춰 즐길 수 있도록 도와주는 서포트 기능까지! 다 함께 파티를 편성하여 모험과 전투를 즐겨 보자!
4559140,가디우스,True,0,0,0,5,복합적,182,0.4505,액션|어드벤처|인디|대규모 멀티플레이어|RPG|무료 플레이,멀티플레이어|MMO|PvP|온라인 PvP|협동|온라인 협동|음량 개별 조절|키보드 전용 옵션|마우스 전용 옵션|#category_playable_at_your_own_pace|퀵타임 이벤트 없이 플레이 가능|수시 저장|가족 공유,멀티플레이어|협동|온라인 협동|PvP,3,2026년 6월 27일,playinworld,playinworld,https://shared.akamai.steamstatic.com/store_item_assets/steam/apps/4559140/d0dc52625c604bf57727545666bd29e766e7a4d9/header.jpg?t=1782989516,"온라인 RPG 황금기에서 영감을 받은 클래식 2D 픽셀 MMORPG. 국가 전쟁에 참여하고, 개방형 멀티플레이어 세계를 탐험하며, 플레이어와 거래하고, PvP에서 전투를 벌이며, 1999년부터 이어진 커뮤니티 중심의 모험을 경험하세요."
2246340,Monster Hunter Wilds,False,45800,45800,0,5,복합적,328719,0.4909,액션|어드벤처|RPG,싱글 플레이어|멀티플레이어|협동|온라인 협동|크로스 플랫폼 멀티플레이어|Steam 도전 과제|컨트롤러 완벽 지원|Steam 트레이딩 카드|텍스트 크기 조정|카메라 움직임 조정|색상 대체|음량 개별 조절|키보드 전용 옵션|DUALSHOCK 컨트롤러 지원|DualSense 컨트롤러 지원|Steam Input API 지원|스테레오 사운드|자막 옵션|서라운드 사운드|Steam Cloud|HDR 사용 가능|가족 공유,싱글 플레이어|멀티플레이어|협동|온라인 협동,15,2025년 2월 27일,"CAPCOM Co., Ltd.","CAPCOM Co., Ltd.",https://shared.akamai.steamstatic.com/store_item_assets/steam/apps/2246340/header.jpg?t=1787549555,거칠고 치열한 자연의 습격. 시시각각 역동적으로 그 모습을 바꾸는 필드. 양면성을 지닌 세계를 살아가는 몬스터와 사람들의 이야기. 더욱더 발전한 헌팅 액션과 끊임없는 몰입감을 추구하는 궁극의 사냥 체험이 당신을 기다리고 있다.
1817070,Marvel’s Spider-Man Remastered,False,62800,62800,0,9,압도적으로 긍정적,142002,0.9601,액션|어드벤처|캐주얼,싱글 플레이어|Steam 도전 과제|컨트롤러 완벽 지원|텍스트 크기 조정|카메라 움직임 조정|색상 대체|음량 개별 조절|난이도 조정|퀵타임 이벤트 없이 플레이 가능|DUALSHOCK 컨트롤러 지원|DUALSHOCK 컨트롤러 지원|DualSense 컨트롤러 지원|DualSense 컨트롤러 지원|수시 저장|Steam Input API 지원|스테레오 사운드|자막 옵션|서라운드 사운드|Steam Cloud|Remote Play TV|가족 공유,싱글 플레이어,21,2022년 8월 12일,Insomniac Games|Nixxes Software,PlayStation Publishing LLC,https://shared.akamai.steamstatic.com/store_item_assets/steam/apps/1817070/header.jpg?t=1787838689,"Marvel’s Spider-Man Remastered의 오리지널 액션으로 꽉 찬 스토리에서 피터 파커와 스파이더맨의 세계가 서로 충돌합니다. 마블의 뉴욕시에서 거대 범죄 및 상징적인 빌런과 싸우는 노련한 피터 파커가 되어보세요. 생동감 넘치는 동네를 웹 스윙으로 이동하며, 극적인 테이크다운으로 악당을 제압하세요."
2584270,Mortal Shell II,False,54800,54800,0,6,대체로 긍정적,13456,0.7384,액션|RPG,싱글 플레이어|Steam 도전 과제|컨트롤러 완벽 지원|텍스트 크기 조정|#category_contrast_controls|음량 개별 조절|퀵타임 이벤트 없이 플레이 가능|DUALSHOCK 컨트롤러 지원|DualSense 컨트롤러 지원|DualSense 컨트롤러 지원|스테레오 사운드|자막 옵션|Steam Cloud|가족 공유,싱글 플레이어,15,2026년 8월 20일,Cold Symmetry,Playstack,https://shared.akamai.steamstatic.com/store_item_assets/steam/apps/2584270/0a4c23b70ced29fac344186ea564dae67c80cfd6/header.jpg?t=1787818594,"그들의 육신이 그대의 무기다. Mortal Shell II는 아드레날린이 솟구치고 거침없는 전투가 펼쳐지는 독립적인 속편 액션 RPG입니다. 뛰어난 전사들을 모으고, 거짓 신을 축출하고, 황폐화된 세상을 구원하세요."
648800,Raft,False,21000,21000,0,8,매우 긍정적,377614,0.93,어드벤처|인디|시뮬레이션,싱글 플레이어|멀티플레이어|협동|온라인 협동|Steam 도전 과제|Steam Cloud|가족 공유,싱글 플레이어|멀티플레이어|협동|온라인 협동,12,2022년 6월 20일,Redbeet Interactive,Axolot Games,https://shared.akamai.steamstatic.com/store_item_assets/steam/apps/648800/header.jpg?t=1727184011,"Raft™ throws you and your friends into an epic oceanic adventure! Alone or together, players battle to survive a perilous voyage across a vast sea! Gather debris, scavenge reefs and build your own floating home, but be wary of the man-eating sharks!"
872410,삼국지14,False,64800,64800,0,5,복합적,15928,0.631,시뮬레이션,싱글 플레이어|Steam 도전 과제|Steam 트레이딩 카드|Steam Cloud|가족 공유,싱글 플레이어,5,2020년 1월 15일,"KOEI TECMO GAMES CO., LTD.","KOEI TECMO GAMES CO., LTD.",https://shared.akamai.steamstatic.com/store_item_assets/steam/apps/872410/header_koreana.jpg?t=1784898715,"뺏고 빼앗고 다시 되찾아라! “토지”를 제패하는 자, 천하를 제패한다!"
2081880,Kathana,True,0,0,0,6,대체로 긍정적,593,0.7403,대규모 멀티플레이어|RPG|앞서 해보기,멀티플레이어|MMO|PvP|온라인 PvP|협동|온라인 협동|앱 내 구매|가족 공유,멀티플레이어|협동|온라인 협동|PvP,7,2025년 8월 8일,Gameolic Development Studio,Gameolic Development Studio,https://shared.akamai.steamstatic.com/store_item_assets/steam/apps/2081880/6260d717dcf5720ee4d356e9090f4c0844ad797e/header.jpg?t=1784590299,"클래식 MMORPG Kathana에서 모험이 여러분을 기다립니다. 개성 넘치는 8가지 클래스 중 하나를 선택하고, 친구들과 함께 퀘스트를 완료하며, 강력한 보스에게 도전하고, 위험한 던전을 탐험하세요. 길드 전쟁과 PvP 전투에서 다른 플레이어들과 경쟁할 수도 있습니다."
3513350,Wuthering Waves,True,0,0,0,8,매우 긍정적,55023,0.8778,액션|어드벤처|RPG|무료 플레이,싱글 플레이어|앱 내 구매|DUALSHOCK 컨트롤러 지원|DualSense 컨트롤러 지원|DualSense 컨트롤러 지원|컨트롤러 일부 지원|가족 공유,싱글 플레이어,10,2025년 4월 28일,KURO GAMES,KURO GAMES,https://shared.akamai.steamstatic.com/store_item_assets/steam/apps/3513350/e122b1670ac26b72d6e1af5190f5ce2af87b18aa/header_koreana.jpg?t=1787182292,"오픈월드 액션 RPG 『명조:워더링 웨이브』에서는 높은 자유도의 액션과 다양한 오픈월드 어드벤처를 즐길 수 있으며, 플레이어는 오랜 잠에서 깨어난 '방랑자'가 되어, 스스로의 기억과 이야기를 찾는 여정에 올라 다양한 파트너들과 함께 이 세상을 바꾸기 위한 여정을 떠나게 됩니다."
3167020,Escape from Duckov 逃离鸭科夫,False,16500,13200,20,8,매우 긍정적,104074,0.8451,액션|어드벤처|인디|RPG,싱글 플레이어|Steam 도전 과제|Steam 트레이딩 카드|Steam 창작마당|음량 개별 조절|난이도 조정|스테레오 사운드|Steam Cloud|가족 공유,싱글 플레이어,10,2025년 10월 16일,Team Soda,bilibili,https://shared.akamai.steamstatic.com/store_item_assets/steam/apps/3167020/header.jpg?t=1783321966,"는 오리 테마를 배경으로 한 PvE 탑뷰 탈출 슈팅 게임입니다. 당신은 덕코프 세계에서 물자를 수색하고, 은신처를 건설하며, 장비를 업그레이드해야 합니다. 무소유에서 시작해 풀소유로 성장하고, 호시탐탐 노리는 적대 오리들을 상대하면서 살아남거나 탈출해야 합니다."
1363080,Manor Lords 매너 로드,False,39900,25930,35,8,매우 긍정적,90741,0.8419,시뮬레이션|전략|앞서 해보기,싱글 플레이어|Steam 도전 과제|텍스트 크기 조정|카메라 움직임 조정|음량 개별 조절|난이도 조정|마우스 전용 옵션|수시 저장|스테레오 사운드|Steam Cloud|가족 공유,싱글 플레이어,19,2024년 4월 26일,Slavic Magic,Hooded Horse,https://shared.akamai.steamstatic.com/store_item_assets/steam/apps/1363080/header_koreana.jpg?t=1787906126,"Manor Lords는 정밀한 도시 건설, 전술이 필요한 대규모 전투, 정교한 경제 및 사회 시뮬레이션을 특징으로 하는 중세 전략 게임입니다. 시간에 따라 계절이 지나고 날씨가 다채롭게 변화하며 도시가 흥망성쇠를 겪는 가운데 중세 영주가 되어 자신의 영토를 통치해 보세요."
2054970,Dragon's Dogma 2,False,45800,34350,25,5,복합적,116194,0.6163,액션|RPG,싱글 플레이어|Steam 도전 과제|Steam 트레이딩 카드|게임패드 권장|DUALSHOCK 컨트롤러 지원|DualSense 컨트롤러 지원|컨트롤러 일부 지원|Steam Cloud|HDR 사용 가능|가족 공유,싱글 플레이어,14,2024년 3월 21일,"CAPCOM Co., Ltd.","CAPCOM Co., Ltd.",https://shared.akamai.steamstatic.com/store_item_assets/steam/apps/2054970/header.jpg?t=1784772977,"플레이어의 상상에 부응하는 다채로운 액션과, 싱글 플레이여도 “다른 누군가와 함께 모험하는 재미”를 맛볼 수 있는 게임 체험. 최신 그래픽과 물리 연산, AI를 통해 면밀하게 짜여진 왕도 판타지의 세계에는 놀라움과 리얼리티가 가득합니다. 나의 여정을 함께 하는 동료 '폰'과 함께 유일무이한 모험을 시작하세요."
4560660,Eslabong,False,16000,13600,15,8,매우 긍정적,408,0.9363,액션|인디|시뮬레이션|전략|앞서 해보기,싱글 플레이어|멀티플레이어|협동|스크린 공유 및 분할 협동|공유 및 분할 화면|Steam 도전 과제|텍스트 크기 조정|카메라 움직임 조정|색상 대체|#category_contrast_controls|음량 개별 조절|난이도 조정|#category_playable_at_your_own_pace|퀵타임 이벤트 없이 플레이 가능|DUALSHOCK 컨트롤러 지원|DUALSHOCK 컨트롤러 지원|DualSense 컨트롤러 지원|DualSense 컨트롤러 지원|수시 저장|컨트롤러 일부 지원|Steam Cloud|Remote Play Together|가족 공유,싱글 플레이어|멀티플레이어|협동,8,2026년 8월 24일,shirowita,shirowita,https://shared.akamai.steamstatic.com/store_item_assets/steam/apps/4560660/2f57705341159c9893b7626b1b9c55fa0562d4ed/header.jpg?t=1787711770,"아레나 전투와 용병 클럽 경영. 다이내믹한 시장에서 용병을 영입하고, 팀을 구성하며, 시즌마다 리그와 컵에서 경쟁하세요."
376210,The Isle,False,21500,21500,0,8,매우 긍정적,119440,0.8016,액션|어드벤처|인디|대규모 멀티플레이어|시뮬레이션|앞서 해보기,멀티플레이어|MMO|PvP|온라인 PvP|컨트롤러 일부 지원|Valve Anti-Cheat 사용,멀티플레이어|PvP,1,2015년 12월 1일,Afterthought LLC,Afterthought LLC,https://shared.akamai.steamstatic.com/store_item_assets/steam/apps/376210/header.jpg?t=1653237914,Experience fierce open world survival gameplay as you attempt to stay alive on an unforgiving island inhabited by dinosaurs! Hunt. Grow. Survive.
1621690,Core Keeper,False,21500,21500,0,8,매우 긍정적,66160,0.9294,액션|어드벤처|인디|RPG|시뮬레이션,싱글 플레이어|멀티플레이어|협동|온라인 협동|컨트롤러 완벽 지원|Steam Cloud|가족 공유,싱글 플레이어|멀티플레이어|협동|온라인 협동,13,2024년 8월 27일,Pugstorm,Fireshine Games|bilibili,https://shared.akamai.steamstatic.com/store_item_assets/steam/apps/1621690/header.jpg?t=1787841024,"이 1~8인 플레이어용 채굴 샌드박스 모험 게임에서 여러 생물과 유물, 자원이 가득한 끝없는 동굴을 탐험해 보세요. 채굴, 건축, 전투, 제작, 농사를 즐기며 고대 코어에 얽힌 수수께끼를 풀어보세요."
2968420,PowerWash Simulator 2,False,27000,20250,25,8,매우 긍정적,11722,0.9132,캐주얼|인디|시뮬레이션,싱글 플레이어|멀티플레이어|협동|온라인 협동|스크린 공유 및 분할 협동|공유 및 분할 화면|크로스 플랫폼 멀티플레이어|Steam 도전 과제|컨트롤러 완벽 지원|음량 개별 조절|퀵타임 이벤트 없이 플레이 가능|DualSense 컨트롤러 지원|DualSense 컨트롤러 지원|수시 저장|스테레오 사운드|서라운드 사운드|Steam Cloud|가족 공유,싱글 플레이어|멀티플레이어|협동|온라인 협동,13,2025년 10월 23일,FuturLab,FuturLab,https://shared.akamai.steamstatic.com/store_item_assets/steam/apps/2968420/91fea40a711c5a74cce1bb1a9e05c48a379f6aa0/header.jpg?t=1784211271,"거품처럼 신선하게 톡톡 튀는 장소, 더 반짝이는 장비, 시원시원한 기능과 함께 PowerWash Simulator가 돌아왔습니다. 혼자, 또는 친구와 함께 더러워진 주변 환경을 깨끗하고 고요한 곳으로 손쉽게 변화시켜 보세요. 물청소로 만족감을 느끼세요!"
1091500,Cyberpunk 2077,False,66000,66000,0,8,매우 긍정적,976010,0.8684,RPG,싱글 플레이어|Steam 도전 과제|컨트롤러 완벽 지원|Steam 트레이딩 카드|텍스트 크기 조정|카메라 움직임 조정|색상 대체|음량 개별 조절|난이도 조정|퀵타임 이벤트 없이 플레이 가능|DUALSHOCK 컨트롤러 지원|DualSense 컨트롤러 지원|DualSense 컨트롤러 지원|수시 저장|스테레오 사운드|자막 옵션|서라운드 사운드|Steam Cloud|HDR 사용 가능|가족 공유,싱글 플레이어,19,2020년 12월 9일,CD PROJEKT RED,CD PROJEKT RED,https://shared.akamai.steamstatic.com/store_item_assets/steam/apps/1091500/26b96fa9c8af43189cbecbbc329ade29d9c9cf3e/header_koreana.jpg?t=1784714077,"사이버펑크 2077은 권력과 돈, 끝없는 신체 개조에 집착하는 어두운 미래의 위험천만한 메갈로폴리스, '나이트 시티'를 배경으로 한 오픈 월드 액션 어드벤처 RPG입니다."
3438810,프린세스 메이커 : 예언의 아이들,False,39000,39000,0,8,매우 긍정적,928,0.8653,시뮬레이션|앞서 해보기,싱글 플레이어|Steam 도전 과제|음량 개별 조절|컨트롤러 일부 지원|Steam Cloud|가족 공유,싱글 플레이어,5,2025년 7월 3일,GEAR2,GEAR2,https://shared.akamai.steamstatic.com/store_item_assets/steam/apps/3438810/4f76129c1633a2e352ca33892c0742d455dc9e22/header_koreana.jpg?t=1787128408,"『프린세스 메이커: 예언의 아이들』은 약 18년의 세월을 넘어 새롭게 선보이는 「프린세스 메이커」 패키지 시리즈로, 어린 소녀를 성인으로 키우는 육성 시뮬레이션 게임입니다. 원작의 매력적인 그림체와 육성 시스템은 유지하면서, 현대적인 게임으로 재탄생했습니다. 게임 속에서 부모가 되어 어린 소녀의 꿈을 이루어주세요!"
3241660,R.E.P.O.,False,10700,10700,0,9,압도적으로 긍정적,420382,0.9602,액션|앞서 해보기,싱글 플레이어|멀티플레이어|협동|온라인 협동|카메라 움직임 조정|음량 개별 조절|퀵타임 이벤트 없이 플레이 가능|스테레오 사운드|Steam Cloud|가족 공유,싱글 플레이어|멀티플레이어|협동|온라인 협동,1,2025년 2월 26일,semiwork,semiwork,https://shared.akamai.steamstatic.com/store_item_assets/steam/apps/3241660/1ea445e044a2d5b09cfa8291350b63ebed6e5741/header.jpg?t=1778158882,"An online co-op horror game with up to 6 players. Locate valuable, fully physics-based objects and handle them with care as you retrieve and extract to satisfy your creator's desires."
1086940,Baldur's Gate 3,False,66000,66000,0,9,압도적으로 긍정적,855104,0.9679,어드벤처|RPG|전략,싱글 플레이어|멀티플레이어|협동|온라인 협동|LAN 협동|크로스 플랫폼 멀티플레이어|Steam 도전 과제|컨트롤러 완벽 지원|Steam 트레이딩 카드|텍스트 크기 조정|카메라 움직임 조정|색상 대체|음량 개별 조절|난이도 조정|퀵타임 이벤트 없이 플레이 가능|DUALSHOCK 컨트롤러 지원|DUALSHOCK 컨트롤러 지원|DualSense 컨트롤러 지원|DualSense 컨트롤러 지원|수시 저장|스테레오 사운드|자막 옵션|서라운드 사운드|Steam Cloud|Remote Play TV|Remote Play Together|가족 공유,싱글 플레이어|멀티플레이어|협동|온라인 협동,15,2023년 8월 3일,Larian Studios,Larian Studios,https://shared.akamai.steamstatic.com/store_item_assets/steam/apps/1086940/48a2fcbda8565bb45025e98fd8ebde8a7203f6a0/header.jpg?t=1777363040,"Baldur’s Gate 3 is a story-rich, party-based RPG set in the universe of Dungeons & Dragons, where your choices shape a tale of fellowship and betrayal, survival and sacrifice, and the lure of absolute power."
1158310,Crusader Kings III,False,55000,55000,0,8,매우 긍정적,143201,0.9044,RPG|시뮬레이션|전략,싱글 플레이어|멀티플레이어|PvP|온라인 PvP|Steam 도전 과제|Steam 트레이딩 카드|Steam 창작마당|텍스트 크기 조정|카메라 움직임 조정|음량 개별 조절|난이도 조정|마우스 전용 옵션|#category_playable_at_your_own_pace|퀵타임 이벤트 없이 플레이 가능|수시 저장|Steam Cloud|Remote Play 태블릿|가족 공유,싱글 플레이어|멀티플레이어|PvP,9,2020년 9월 1일,Paradox Development Studio,Paradox Interactive,https://shared.akamai.steamstatic.com/store_item_assets/steam/apps/1158310/8a7e814d13f8e73c0d40471f585ece908f9be282/header.jpg?t=1785862913,"사랑하고, 싸우고, 계략을 세우고, 위대함을 쟁취하세요. Crusader Kings III의 마구 뻗어 나가는 대전략 게임에서 귀족 가문의 유산을 결정하세요. 풍부하고 개성 넘치는 중세 시대 시뮬레이션 속 왕조 혈통을 이어나가는 이곳에서, 죽음은 단지 시작일 뿐입니다."
3308670,소녀전선2: 망명,True,0,0,0,5,복합적,3371,0.5349,RPG|전략|무료 플레이,싱글 플레이어|앱 내 구매|가족 공유,싱글 플레이어,10,2025년 2월 10일,"SUNBORN Information Co., Ltd.",HAOPLAY Limited,https://shared.akamai.steamstatic.com/store_item_assets/steam/apps/3308670/header_koreana.jpg?t=1741082524,포스트 아포칼립스 소대 전술 RPG . 전술 인형 소대를 이끌고 오염 지대에서 의뢰를 완수하고 적을 상대하라. 새로운 질서 속에서 베일에 가려진 음모가 수면 위로 떠오른다.
1778820,철권 8,False,49800,49800,0,5,복합적,72281,0.5645,액션,싱글 플레이어|멀티플레이어|PvP|온라인 PvP|스크린 공유 및 분할 PvP|공유 및 분할 화면|Steam 도전 과제|Steam 트레이딩 카드|DUALSHOCK 컨트롤러 지원|DUALSHOCK 컨트롤러 지원|DualSense 컨트롤러 지원|DualSense 컨트롤러 지원|컨트롤러 일부 지원|Steam Cloud|가족 공유,싱글 플레이어|멀티플레이어|PvP,15,2024년 1월 25일,Bandai Namco Studios Inc.,Bandai Namco Entertainment,https://shared.akamai.steamstatic.com/store_item_assets/steam/apps/1778820/c7b0b80639fc8c7d386922f414f293ca849e8e81/header.jpg?t=1787180720,3D 대전 격투 게임의 최고봉 『철권』 시리즈 넘버링 최신작 『철권 8』. 32명 이상의 캐릭터가 격돌. 『철권』 사가가 새로운 막을 연다. 시리즈 사상 최고로 호쾌함이 넘치는 배틀이 여기서 극에 달한다.
1903340,클레르 옵스퀴르: 33 원정대,False,65700,52560,20,9,압도적으로 긍정적,276856,0.9527,액션|RPG,싱글 플레이어|Steam 도전 과제|컨트롤러 완벽 지원|텍스트 크기 조정|음량 개별 조절|난이도 조정|게임패드 권장|DualSense 컨트롤러 지원|DualSense 컨트롤러 지원|스테레오 사운드|자막 옵션|서라운드 사운드|Steam Cloud|가족 공유,싱글 플레이어,20,2025년 4월 24일,Sandfall Interactive,Kepler Interactive,https://shared.akamai.steamstatic.com/store_item_assets/steam/apps/1903340/be3305b02d4db0dffa3458537118423bf2792d7e/header.jpg?t=1782830877,"페인트리스가 다시는 죽음을 그리지 못하게, 33 원정대를 이끌고 페인트리스를 처치하는 여정을 떠나세요. 벨 에포크 시대의 프랑스에서 영감을 받은 경이로운 세계를 탐험하며, 실시간 메커니즘이 가미된 턴제 RPG에서 개성적인 적들과 맞서 싸우세요."
1144200,Ready or Not,False,53000,53000,0,6,대체로 긍정적,343959,0.7867,액션|어드벤처|인디,싱글 플레이어|멀티플레이어|협동|온라인 협동|Steam 도전 과제|컨트롤러 완벽 지원|DUALSHOCK 컨트롤러 지원|DUALSHOCK 컨트롤러 지원|DualSense 컨트롤러 지원|DualSense 컨트롤러 지원|Steam Cloud,싱글 플레이어|멀티플레이어|협동|온라인 협동,12,2023년 12월 13일,VOID Interactive,VOID Interactive,https://shared.akamai.steamstatic.com/store_item_assets/steam/apps/1144200/2b44644b033a996a9efb95051bb01809215d0d23/header.jpg?t=1781703931,정예 SWAT 지휘관이 되어 혼란과 부패의 도시에 질서를 되찾으세요.
4483210,옆집에 이사 온 누님이 너무 귀여운 건,False,23760,20200,15,5,복합적,22,0.4091,시뮬레이션,싱글 플레이어|Steam 도전 과제|컨트롤러 완벽 지원|DUALSHOCK 컨트롤러 지원|DualSense 컨트롤러 지원|가족 공유,싱글 플레이어,5,2026년 8월 27일,azucat,azucat|やぶから堂,https://shared.akamai.steamstatic.com/store_item_assets/steam/apps/4483210/f2df4f07bf128d431e4c3f9178bf862ff752edf2/header_koreana.jpg?t=1787914279,"3D 연애 시뮬레이션. 포인트 클릭으로 이동하거나 조사하고, 히로인과 교류합니다. 순애 루트와 복수 루트로 분기되며, 다중 엔딩이 있습니다."
2285550,Doloc Town,False,20000,20000,0,8,매우 긍정적,3641,0.9456,어드벤처|캐주얼|인디|RPG|시뮬레이션,싱글 플레이어|Steam 도전 과제|Steam 창작마당|카메라 움직임 조정|색상 대체|음량 개별 조절|퀵타임 이벤트 없이 플레이 가능|DUALSHOCK 컨트롤러 지원|DualSense 컨트롤러 지원|컨트롤러 일부 지원|Steam Cloud|가족 공유,싱글 플레이어,9,2026년 8월 5일,RedSaw Games Studio,Logoi Games|Pathea Games,https://shared.akamai.steamstatic.com/store_item_assets/steam/apps/2285550/f20b652390c961f92980ad8adae8aac3b9ce5ec5/header_alt_assets_1_koreana.jpg?t=1787730259,"젊은 스캐빈저가 되어 혹독한 날씨 속에서 발판을 하나씩 쌓아 올리며 수직 농장을 건설하세요. 고철을 주워 생존하던 삶에서 벗어나, 여유롭게 수확을 즐기는 농장 거물로 성장하세요. 기후를 바꾸고 황무지를 나만의 에덴으로 되살리세요."
2536520,디아블로 II 레저렉션 - 지옥불 에디션,False,44900,44900,0,8,매우 긍정적,5911,0.866,액션|RPG|전략,싱글 플레이어|멀티플레이어|협동|온라인 협동|크로스 플랫폼 멀티플레이어|Steam 도전 과제|컨트롤러 완벽 지원|텍스트 크기 조정|색상 대체|음량 개별 조절|마우스 전용 옵션|#category_playable_at_your_own_pace|퀵타임 이벤트 없이 플레이 가능|#category_playable_without_vision|수시 저장|스테레오 사운드|자막 옵션,싱글 플레이어|멀티플레이어|협동|온라인 협동,12,2026년 2월 11일,"Blizzard Entertainment, Inc.","Blizzard Entertainment, Inc.",https://shared.akamai.steamstatic.com/store_item_assets/steam/apps/2536520/5f37d1ee85f877e28ff9eb1e848c3610a8fd200e/header_koreana.jpg?t=1774399170,"현대 액션 RPG 장르를 정의하고 이제 새로운 직업, 추가 콘텐츠, 편의성 향상 업그레이드, 개편된 게임 종반 콘텐츠 등과 함께 리마스터된 암흑 판타지 클래식을 다시 만나 보십시오. 잔혹한 기술과 아이템의 시너지 효과를 조합하고, 힘을 키우고, 플레이어 최대 8명이 함께 지옥의 군단을 도살하십시오."
835570,컨커러스 블레이드,True,0,0,0,5,복합적,38928,0.6702,액션|대규모 멀티플레이어|RPG|전략|무료 플레이,멀티플레이어|MMO|PvP|온라인 PvP|협동|온라인 협동|Steam 도전 과제|앱 내 구매|가족 공유,멀티플레이어|협동|온라인 협동|PvP,16,2020년 4월 5일,Booming Tech,Poros Interactive|Booming Tech,https://shared.akamai.steamstatic.com/store_item_assets/steam/apps/835570/b5810aa257f0d2464619863f628248961012cabe/header_koreana.jpg?t=1782465517,"다양한 문명의 고대 전장에서 장군의 꿈을 이루세요! 《컨커러스 블레이드》에서 다양한 문명의 병력을 이끌고 동맹군과 함께 수천명이 동시에 등장하는 습격 대전을 펼치며, 다채로운 문명 고전장에 압도당할 준비를 하세요."
438100,VRChat,True,0,0,0,6,대체로 긍정적,267991,0.7517,어드벤처|캐주얼|대규모 멀티플레이어|시뮬레이션|스포츠|무료 플레이|앞서 해보기,멀티플레이어|MMO|PvP|온라인 PvP|협동|온라인 협동|크로스 플랫폼 멀티플레이어|컨트롤러 완벽 지원|추적되는 컨트롤러 지원|VR 지원|앱 내 구매|DUALSHOCK 컨트롤러 지원|DUALSHOCK 컨트롤러 지원|DualSense 컨트롤러 지원|DualSense 컨트롤러 지원|가족 공유,멀티플레이어|협동|온라인 협동|PvP,11,2017년 2월 1일,VRChat Inc.,VRChat Inc.,https://shared.akamai.steamstatic.com/store_item_assets/steam/apps/438100/header.jpg?t=1762366454,"Join our growing community as you explore, play, and help craft the future of social VR. Create worlds and custom avatars. Welcome to VRChat."
1943950,Escape the Backrooms,False,10500,10500,0,8,매우 긍정적,163374,0.8987,액션|인디,싱글 플레이어|멀티플레이어|협동|온라인 협동|Steam 도전 과제|카메라 움직임 조정|음량 개별 조절|난이도 조정|퀵타임 이벤트 없이 플레이 가능|스테레오 사운드|컨트롤러 일부 지원|Steam Cloud|가족 공유,싱글 플레이어|멀티플레이어|협동|온라인 협동,12,2025년 10월 23일,Fancy Games|Blackbird Interactive,Secret Mode,https://shared.akamai.steamstatic.com/store_item_assets/steam/apps/1943950/a17d3df3956f11af6e09d1ccfde5339cc96024d0/header_alt_assets_3.jpg?t=1787829140,이스케이프 더 백룸은 1~4인 협동식 공포 탐험 게임입니다. 엔티티와 다양한 위험을 피하면서 30개 이상의 으스스한 백룸 레벨을 탐험해 보세요. 탈출은 자유지만 미리 경고를 드립니다. 생존은 보장되지 않으니까요!
813780,Age of Empires II: Definitive Edition,False,36500,36500,0,8,매우 긍정적,181857,0.9492,전략,싱글 플레이어|멀티플레이어|PvP|온라인 PvP|LAN PvP|협동|온라인 협동|LAN 협동|크로스 플랫폼 멀티플레이어|Steam 도전 과제|Steam 트레이딩 카드|텍스트 크기 조정|색상 대체|음량 개별 조절|난이도 조정|마우스 전용 옵션|게임 메뉴 음성 안내|#category_playable_at_your_own_pace|퀵타임 이벤트 없이 플레이 가능|수시 저장|Steam Cloud|레벨 에디터 포함|가족 공유,싱글 플레이어|멀티플레이어|협동|온라인 협동|PvP,17,2019년 11월 14일,World's Edge|Forgotten Empires|CaptureAge|Tantalus Media|Wicked Witch|Feral Interactive,Xbox Game Studios,https://shared.akamai.steamstatic.com/store_item_assets/steam/apps/813780/header.jpg?t=1785432195,"Age of Empires II: Definitive Edition은 큰 인기를 얻었던 이 전략 게임의 20주년을 기념하여 놀라운 4K Ultra HD 그래픽과 리마스터된 오디오, 3개의 신규 캠페인 및 4개의 신규 문명을 포함하는 Age of Empires II: DE “The Last Khans”를 제공합니다. 잦은 업데이트에는 이벤트, 추가 콘텐츠, 새로운 게임 모드 및 최근 추가된 협동 모드의 강화된 기능도 포함됩니다!"
2584990,Shadowverse: Worlds Beyond,True,0,0,0,4,대체로 부정적,24346,0.2938,캐주얼|RPG|전략|무료 플레이,싱글 플레이어|멀티플레이어|PvP|온라인 PvP|크로스 플랫폼 멀티플레이어|Steam 도전 과제|앱 내 구매|텍스트 크기 조정|카메라 움직임 조정|음량 개별 조절|퀵타임 이벤트 없이 플레이 가능|DUALSHOCK 컨트롤러 지원|DUALSHOCK 컨트롤러 지원|DualSense 컨트롤러 지원|DualSense 컨트롤러 지원|스테레오 사운드|컨트롤러 일부 지원|가족 공유,싱글 플레이어|멀티플레이어|PvP,5,2025년 6월 14일,"Cygames, Inc.","Cygames, Inc.",https://shared.akamai.steamstatic.com/store_item_assets/steam/apps/2584990/bab5a90e2765d340ca3ba8553e1b0ee679176dda/header_koreana.jpg?t=1787727994,Cygames가 선보이는 신작 카드 게임 '섀도우버스 월즈 비욘드'가 드디어 시동! 초진화와 섀버 파크 등 신규 요소와 콘텐츠가 추가된 새로운 차원의 디지털 카드 게임 탄생! 신규 유저도 기존 유저도 모두 즐길 수 있는 한층 더 진화한 섀도우버스!
394360,Hearts of Iron IV,False,55000,55000,0,8,매우 긍정적,375509,0.9001,시뮬레이션|전략,싱글 플레이어|멀티플레이어|협동|크로스 플랫폼 멀티플레이어|Steam 도전 과제|Steam 트레이딩 카드|Steam 창작마당|Steam Cloud|Remote Play 태블릿|가족 공유,싱글 플레이어|멀티플레이어|협동,10,2016년 6월 6일,Paradox Development Studio,Paradox Interactive,https://shared.akamai.steamstatic.com/store_item_assets/steam/apps/394360/67bbd0057627fc2244793bcdd09260c2539499cf/header.jpg?t=1787738793,"Victory is at your fingertips! Your ability to lead your nation is your supreme weapon, the strategy game Hearts of Iron IV lets you take command of any nation in World War II; the most engaging conflict in world history."
977950,불과 얼음의 춤 (A Dance of Fire and Ice),False,6500,5200,20,8,매우 긍정적,83322,0.9408,인디,싱글 플레이어|Steam 도전 과제|Steam 창작마당|컨트롤러 일부 지원|Steam Cloud|레벨 에디터 포함|Remote Play 휴대전화|Remote Play 태블릿|가족 공유,싱글 플레이어,15,2019년 1월 24일,7th Beat Games,7th Beat Games|indienova,https://shared.akamai.steamstatic.com/store_item_assets/steam/apps/977950/header.jpg?t=1779922968,A Dance of Fire and Ice는 하나의 키로 간단하게 즐길 수 있는 엄격한 판정의 리듬 게임입니다. 서로 공전하는 두 행성의 완벽한 균형을 깨지 않도록 집중하세요.
227300,Euro Truck Simulator 2,False,24800,24800,0,9,압도적으로 긍정적,939737,0.9744,인디|시뮬레이션,싱글 플레이어|멀티플레이어|협동|온라인 협동|Steam 도전 과제|Steam 트레이딩 카드|Steam 창작마당|카메라 움직임 조정|음량 개별 조절|난이도 조정|키보드 전용 옵션|퀵타임 이벤트 없이 플레이 가능|수시 저장|Steam Input API 지원|스테레오 사운드|서라운드 사운드|컨트롤러 일부 지원|Steam Cloud|레벨 에디터 포함|Remote Play 휴대전화|Remote Play 태블릿|Remote Play Together|가족 공유,싱글 플레이어|멀티플레이어|협동|온라인 협동,30,2012년 10월 12일,SCS Software,SCS Software,https://shared.akamai.steamstatic.com/store_item_assets/steam/apps/227300/9a81dc3126c56637297b654f9dcac057cfd79b77/header.jpg?t=1785394779,"도로의 왕이 되어 인상적인 거리를 가로질러 중요한 화물을 배달하는 트럭 운전사가 되어 유럽을 여행하세요! 탐험할 도시가 수십 개나 되므로, 당신의 인내심, 기술, 속도가 모두 한계에 도달할 것입니다."
252490,Rust,False,42000,42000,0,8,매우 긍정적,1394307,0.8676,액션|어드벤처|인디|대규모 멀티플레이어|RPG,멀티플레이어|MMO|PvP|온라인 PvP|협동|온라인 협동|크로스 플랫폼 멀티플레이어|Steam 도전 과제|Steam 트레이딩 카드|Steam 창작마당|앱 내 구매|텍스트 크기 조정|카메라 움직임 조정|색상 대체|음량 개별 조절|난이도 조정|스테레오 사운드|자막 옵션|서라운드 사운드|Valve Anti-Cheat 사용|통계|Remote Play 태블릿,멀티플레이어|협동|온라인 협동|PvP,25,2018년 2월 8일,Facepunch Studios,Facepunch Studios,https://shared.akamai.steamstatic.com/store_item_assets/steam/apps/252490/header.jpg?t=1781536981,"Rust에서의 목표는 오직 하나, 바로 살아남는 것입니다. 섬의 야생 동물, 다른 주민, 환경, 다른 생존자 모두가 여러분의 목숨을 노립니다. 하루 더 살아남을 수 있다면 수단과 방법을 가리지 마세요."
4800590,Supermarket Chaos,False,4900,4900,0,8,매우 긍정적,3094,0.9312,인디|시뮬레이션,싱글 플레이어|멀티플레이어|협동|온라인 협동|Steam 도전 과제|컨트롤러 완벽 지원|카메라 움직임 조정|음량 개별 조절|#category_playable_at_your_own_pace|퀵타임 이벤트 없이 플레이 가능|DUALSHOCK 컨트롤러 지원|DUALSHOCK 컨트롤러 지원|DualSense 컨트롤러 지원|DualSense 컨트롤러 지원|수시 저장|Steam Cloud|가족 공유,싱글 플레이어|멀티플레이어|협동|온라인 협동,11,2026년 6월 29일,BunnyHop,BunnyHopHome,https://shared.akamai.steamstatic.com/store_item_assets/steam/apps/4800590/12972366c9e8812cbd1ba7a3e367d7dfc100314a/header.jpg?t=1787575741,"Supermarket Chaos는 엉망이 된 대형 마트에서 4,668개의 상품을 정리하는 힐링 정리 시뮬레이터입니다. 편안한 분위기 속에서 진열의 만족감을 느껴보세요."
2706170,Get To Work,False,14500,14500,0,8,매우 긍정적,3576,0.8879,액션|어드벤처|레이싱,싱글 플레이어|Steam 도전 과제|컨트롤러 완벽 지원|게임패드 권장|Steam Cloud|가족 공유,싱글 플레이어,7,2024년 12월 2일,Isto Inc.,Isto Inc.,https://shared.akamai.steamstatic.com/store_item_assets/steam/apps/2706170/header.jpg?t=1773163509,"가진 것 없고 대머리인 당신, 겟 투 워크."
3052450,Morimens,True,0,0,0,8,매우 긍정적,5130,0.8327,RPG|전략|무료 플레이,싱글 플레이어|멀티플레이어|PvP|Steam 도전 과제|앱 내 구매|가족 공유,싱글 플레이어|멀티플레이어|PvP,17,2024년 8월 1일,B.I.A.V. Studio,B.I.A.V. Studio,https://shared.akamai.steamstatic.com/store_item_assets/steam/apps/3052450/header.jpg?t=1784021198,"""Morimens""는 Cthulhu 테마를 적용한 로그라이트 카드 제작 게임입니다. 유연하고 풍부한 전용 덱을 구성할 수 있으며, 자유롭게 레벨을 돌파하거나 서로 싸울 수도 있습니다. 인간형 무기와 함께 안개가 자욱한 지도와 이상한 사건 사이에서 죽음에 대한 진실을 조사할 수 있습니다. 세계."
2073620,Arena Breakout: Infinite,True,0,0,0,6,대체로 긍정적,76329,0.739,액션|어드벤처|대규모 멀티플레이어|RPG|전략|무료 플레이,멀티플레이어|MMO|PvP|온라인 PvP|협동|온라인 협동|Steam 도전 과제|Steam 트레이딩 카드|앱 내 구매|가족 공유,멀티플레이어|협동|온라인 협동|PvP,9,2025년 9월 15일,Morefun Studios,Morefun Studios,https://shared.akamai.steamstatic.com/store_item_assets/steam/apps/2073620/c8b016ff8790f74ee14c5e556d52b846052bd367/header.jpg?t=1785832840,"Arena Breakout: Infinite is a high-stakes tactical extraction shooter where every decision matters. Fight, loot, and extract—or lose it all. With stunningly realistic visuals, lifelike sound, and unforgiving PvPvE combat, every raid is a gamble between glory and ruin."
3844970,노움 강도단,False,10500,8400,20,8,매우 긍정적,5137,0.8443,액션|어드벤처,싱글 플레이어|멀티플레이어|협동|온라인 협동|퀵타임 이벤트 없이 플레이 가능|스테레오 사운드|Steam Cloud|가족 공유,싱글 플레이어|멀티플레이어|협동|온라인 협동,15,2026년 6월 10일,Fobri,Fobri,https://shared.akamai.steamstatic.com/store_item_assets/steam/apps/3844970/44a9cd63490b7749e00eca15dd39b6ecbbec65ca/header_koreana.jpg?t=1787427131,"작은 노움이 되어 집에 몰래 침입해 한바탕 소동을 벌이는 온라인 협동 게임입니다. 위험을 피하고, 훔쳐 온 생활용품 아이템을 노움에게 맞게 고쳐 쓰고, 임무를 완수해 대노움의 요구를 충족하세요. 장비를 제작하고 집을 업그레이드하면 임무를 더 쉽고 성공적으로 수행할 수 있습니다."
1671210,DELTARUNE,False,29800,29800,0,9,압도적으로 긍정적,133125,0.9808,인디|RPG,싱글 플레이어|컨트롤러 완벽 지원|DUALSHOCK 컨트롤러 지원|DualSense 컨트롤러 지원|DualSense 컨트롤러 지원|Steam Cloud|가족 공유,싱글 플레이어,2,2025년 6월 4일,tobyfox,tobyfox,https://shared.akamai.steamstatic.com/store_item_assets/steam/apps/1671210/7ccda5b1631d2e60cc756a3271e845dbb9168821/header.jpg?t=1782314340,"Dive into the parallel story to UNDERTALE! Fight or spare your way through action-packed battles as you explore a mysterious world alongside an endearing cast of new and familiar characters. Chapters 1-5 are available now, with more planned as free updates!"
2622000,Astral Party,True,0,0,0,5,복합적,21242,0.5458,캐주얼|인디|RPG|전략,멀티플레이어|PvP|온라인 PvP|협동|온라인 협동|앱 내 구매|가족 공유,멀티플레이어|협동|온라인 협동|PvP,4,2024년 2월 28일,STAR ENGINE PROJECT,Neverland Entertainment,https://shared.akamai.steamstatic.com/store_item_assets/steam/apps/2622000/bf2f2f5bd97e0f3be91209888d067a4858235db7/header.jpg?t=1785412352,"Astral Party is a multiplayer party game populated by cute anime girls! Choose your favorite character, strategize skills & cards, and roll the dice to destroy friendships in this unique board game."
2661300,Grounded 2,False,34800,34800,0,8,매우 긍정적,23904,0.81,액션|어드벤처|앞서 해보기,싱글 플레이어|멀티플레이어|협동|온라인 협동|컨트롤러 완벽 지원|Steam Input API 지원|가족 공유,싱글 플레이어|멀티플레이어|협동|온라인 협동,12,2025년 7월 29일,Obsidian Entertainment|Eidos-Montréal,Xbox Game Studios,https://shared.akamai.steamstatic.com/store_item_assets/steam/apps/2661300/b52405d3dd3d4bfd356cd9af7b399bcbc5a23f7e/header.jpg?t=1787010637,"Shrunk again, but the world is much larger. In this open-world, single-player or co-op survival adventure, craft weapons and armor, build your base, and traverse the playground on your buggy. But something else is out there—and it hasn’t forgotten you."
2712460,던전 슬래셔,True,0,0,0,5,복합적,279,0.6559,액션|어드벤처|인디|무료 플레이,싱글 플레이어|컨트롤러 완벽 지원|가족 공유,싱글 플레이어,6,2026년 7월 16일,96Percent,96Percent,https://shared.akamai.steamstatic.com/store_item_assets/steam/apps/2712460/3caea5a1a1546493b33b447723cd33a71daf5633/header.jpg?t=1784189613,"괴물들로 가득한 맵을 누비며 앞을 가로막는 적을 격파하세요! 전리품을 획득하고 캐릭터를 성장시키세요! 캐릭터와 유물, 스킬 등 다양한 조합으로 던전을 공략하세요!"
4594150,"대장님, 오크가 몰려옵니다",False,9900,9900,0,8,매우 긍정적,3642,0.869,인디|시뮬레이션|전략,싱글 플레이어|Steam 도전 과제|카메라 움직임 조정|음량 개별 조절|마우스 전용 옵션|#category_playable_at_your_own_pace|퀵타임 이벤트 없이 플레이 가능|수시 저장|스테레오 사운드|Steam Cloud|가족 공유,싱글 플레이어,13,2026년 7월 28일,Mumpitz Games,Mumpitz Games,https://shared.akamai.steamstatic.com/store_item_assets/steam/apps/4594150/d8a7b3d55e3a2b42350732db0155fc2a9346c10b/header.jpg?t=1787152549,"대장님, 오크가 몰려옵니다'는 압도적인 수의 오크를 상대하는 인크리멘탈 스타일 타워 디펜스 게임입니다. 더 많은 탄환과 폭탄, 레이저로 녀석들을 맞이하세요!"
322330,Don't Starve Together,False,15500,15500,0,8,매우 긍정적,542155,0.9492,액션|어드벤처|인디|RPG|시뮬레이션|전략,싱글 플레이어|멀티플레이어|PvP|온라인 PvP|LAN PvP|협동|온라인 협동|LAN 협동|컨트롤러 완벽 지원|Steam 트레이딩 카드|Steam 창작마당|앱 내 구매|텍스트 크기 조정|카메라 움직임 조정|색상 대체|음량 개별 조절|난이도 조정|키보드 전용 옵션|마우스 전용 옵션|퀵타임 이벤트 없이 플레이 가능|수시 저장|스테레오 사운드|Remote Play 휴대전화|Remote Play 태블릿|Remote Play TV|가족 공유,싱글 플레이어|멀티플레이어|협동|온라인 협동|PvP,12,2016년 4월 21일,Klei Entertainment,Klei Entertainment,https://shared.akamai.steamstatic.com/store_item_assets/steam/apps/322330/da5d1bc20a2b35fe987c68047ba96a7f3d25c982/header_alt_assets_50.jpg?t=1782413299,Don't Starve Together는 혹독한 생존 게임인 Don't Starve의 독립형 멀티플레이어 익스팬션입니다.
359550,톰 클랜시의 레인보우식스 시즈,True,0,0,0,8,매우 긍정적,1545596,0.8218,액션|무료 플레이,싱글 플레이어|멀티플레이어|PvP|온라인 PvP|협동|온라인 협동|컨트롤러 완벽 지원|Steam 트레이딩 카드|앱 내 구매|DUALSHOCK 컨트롤러 지원|DUALSHOCK 컨트롤러 지원|DualSense 컨트롤러 지원|DualSense 컨트롤러 지원|Remote Play 휴대전화|Remote Play 태블릿,싱글 플레이어|멀티플레이어|협동|온라인 협동|PvP,16,2015년 12월 1일,Ubisoft Montreal,Ubisoft,https://shared.akamai.steamstatic.com/store_item_assets/steam/apps/359550/bb763894462b681780ebfe02c5e36b42fce254cd/header_koreana.jpg?t=1786117431,톰 클랜시의 레인보우식스 시즈는 탁월한 계획과 기술이 승부를 좌우하는 전술적인 정예 팀 기반 슈팅 게임입니다.
1867240,WARDOGS,False,47270,47270,0,0,사용자 평가 없음,0,0.0,액션|인디|대규모 멀티플레이어|시뮬레이션|앞서 해보기,멀티플레이어|PvP|온라인 PvP|카메라 움직임 조정|음량 개별 조절|스테레오 사운드|서라운드 사운드|가족 공유,멀티플레이어|PvP,14,2026년 9월 10일,BULKHEAD,Team17,https://shared.akamai.steamstatic.com/store_item_assets/steam/apps/1867240/59d4daf753bd5d982e6675f7eee363bc817c574e/header.jpg?t=1787571659,"WARDOGS는 최대 100명의 플레이어가 참가하는 대규모 밀리터리 샌드박스 FPS이며 전술적인 교전, 제병합동 전투와 건축 및 파괴 메커니즘을 결합한 게임입니다."
3812600,ReStory: Chill Electronics Repairs,False,19900,19900,0,9,압도적으로 긍정적,8984,0.9564,인디|시뮬레이션,싱글 플레이어|Steam 도전 과제|Steam 트레이딩 카드|DUALSHOCK 컨트롤러 지원|DUALSHOCK 컨트롤러 지원|DualSense 컨트롤러 지원|DualSense 컨트롤러 지원|컨트롤러 일부 지원|Steam Cloud|가족 공유,싱글 플레이어,9,2026년 8월 6일,Mandragora,tinyBuild,https://shared.akamai.steamstatic.com/store_item_assets/steam/apps/3812600/c6b42e4ff45667bddcffc9710ed4c4184b6d6950/header_alt_assets_3_koreana.jpg?t=1787245453,"2000년대 중반의 도쿄에서 아담한 전자제품 수리점을 운영하세요. 한 시대를 풍미했던 콘솔 게임기와 휴대전화, 뮤직 플레이어 등, 추억의 전자기기들을 정성스럽게 복원하여 사업을 키우세요. 고객들과 대화하고, 사연을 듣고, 당신의 결정이 그 고객들의 인생과 당신의 가게에 어떤 영향을 미치는지 확인하세요."
2221490,Tom Clancy’s The Division® 2,False,34000,34000,0,6,대체로 긍정적,35842,0.7877,액션|어드벤처|RPG,싱글 플레이어|멀티플레이어|PvP|온라인 PvP|협동|온라인 협동|Steam 도전 과제|캡션 이용 가능|앱 내 구매|컨트롤러 일부 지원|HDR 사용 가능,싱글 플레이어|멀티플레이어|협동|온라인 협동|PvP,14,2023년 1월 12일,Ubisoft,Ubisoft,https://shared.akamai.steamstatic.com/store_item_assets/steam/apps/2221490/621bcfa0d80c488191f6f3eb693b92fd9e79e208/header_alt_assets_10_koreana.jpg?t=1787834254,"오픈 월드 택티컬 슈팅 게임인 더 디비전을 소개합니다. 치열한 엄폐 기반 총격전에 돌입하고, 친구와 협동하고, 궁극의 요원을 양성하여 워싱턴 D.C.를 구하세요."
632360,Risk of Rain 2,False,26000,8580,67,8,매우 긍정적,352009,0.9382,액션|인디,싱글 플레이어|멀티플레이어|PvP|온라인 PvP|협동|온라인 협동|컨트롤러 완벽 지원|Steam 트레이딩 카드|텍스트 크기 조정|카메라 움직임 조정|음량 개별 조절|난이도 조정|스테레오 사운드|서라운드 사운드|Steam Cloud|Steam 순위표|Remote Play 휴대전화|Remote Play 태블릿|Remote Play TV|가족 공유,싱글 플레이어|멀티플레이어|협동|온라인 협동|PvP,11,2020년 8월 11일,Hopoo Games,Gearbox Publishing|2K,https://shared.akamai.steamstatic.com/store_item_assets/steam/apps/632360/header.jpg?t=1783621122,"기괴한 괴물들과 싸우며 혼돈스러운 외계 행성을 탈출하세요. 친구들과 함께 해도 되고, 혼자 해도 좋습니다. 전리품들을 놀라운 방식으로 조합하고 각 캐릭터를 마스터하여 처음 불시착할 때 공포스러워했던 바로 그 존재가 되세요."
4423580,섀도우 던전,False,10500,9450,10,6,대체로 긍정적,693,0.7951,액션|어드벤처|RPG,싱글 플레이어|컨트롤러 완벽 지원|카메라 움직임 조정|#category_contrast_controls|음량 개별 조절|#category_playable_at_your_own_pace|퀵타임 이벤트 없이 플레이 가능|수시 저장|스테레오 사운드|Steam Cloud|가족 공유,싱글 플레이어,24,2026년 8월 26일,OO Cat,OO Cat,https://shared.akamai.steamstatic.com/store_item_assets/steam/apps/4423580/c7169de56a893cba3b8dba5674f6c4fe34ca96ab/header.jpg?t=1787744876,"악몽 같은 괴물들이 어둠 속에서 기어 나오고, 마왕은 심연 아래에 잠복해 있다. 그림자 던전에 뛰어들어 피로 길을 개척하고, 당신만의 전설을 써 내려가라."
1336490,Against the Storm 어게인스트 더 스톰,False,29900,8970,70,8,매우 긍정적,37305,0.9443,시뮬레이션|전략,싱글 플레이어|Steam 도전 과제|Steam 트레이딩 카드|텍스트 크기 조정|카메라 움직임 조정|음량 개별 조절|난이도 조정|수시 저장|스테레오 사운드|서라운드 사운드|Steam Cloud|가족 공유,싱글 플레이어,18,2023년 12월 8일,Eremite Games,Hooded Horse,https://shared.akamai.steamstatic.com/store_item_assets/steam/apps/1336490/5fa02647f7b934b2013066ce0fec999b25b91b09/header_koreana.jpg?t=1787912000,"세상에 종말을 가져다줄 듯한 비가 내리는 환경에서 문명을 재건해야 하는 다크 판타지의 도시 건설 게임입니다. 여왕의 총독이 되어 인간, 비버, 도마뱀, 여우, 하피를 이끌고 황야를 개척하며 마지막 생존자들의 미래를 지켜내야 합니다."
3139440,GunZ: The Duel,True,0,0,0,5,복합적,1691,0.4583,액션|캐주얼|무료 플레이,싱글 플레이어|멀티플레이어|PvP|온라인 PvP|협동|온라인 협동|Steam 도전 과제|앱 내 구매|가족 공유,싱글 플레이어|멀티플레이어|협동|온라인 협동|PvP,13,2026년 8월 13일,Masangsoft,Masangsoft,https://shared.akamai.steamstatic.com/store_item_assets/steam/apps/3139440/57a7afbd7bb43122438abdc380455d4302c19458/header.jpg?t=1786696577,"액션 슈터의 전설, 건즈가 돌아왔습니다. 벽타기,대시를 활용한 화려한 공중 전투 궁극의 K-Style Action을 경험해보세요 리마스터된 그래픽으로 캐릭터를 자유롭게 커스터마이징할 수 있습니다. 지금 바로 무료로 플레이하세요."
3850800,WakuWaku Park,False,27000,24300,10,8,매우 긍정적,50,0.8,캐주얼|인디,싱글 플레이어|가족 공유,싱글 플레이어,5,2026년 8월 28일,DOUJIN3ARIES,072 Project,https://shared.akamai.steamstatic.com/store_item_assets/steam/apps/3850800/800d347055852e5ec65abd6e0b417ef3809cae32/header.jpg?t=1787904537,"Miki wakes up in a park on a summer morning, with shadowy men in black closing in. To survive, she must run, drink, and evade the shadows closing in."
1974050,토치라이트:인피니트,True,0,0,0,5,복합적,21503,0.6902,액션|어드벤처|RPG|무료 플레이,싱글 플레이어|멀티플레이어|협동|온라인 협동|크로스 플랫폼 멀티플레이어|Steam 도전 과제|앱 내 구매|컨트롤러 일부 지원|가족 공유,싱글 플레이어|멀티플레이어|협동|온라인 협동,12,2023년 5월 9일,XD,XD,https://shared.akamai.steamstatic.com/store_item_assets/steam/apps/1974050/fe54332f68585adf7b5bb95b4827bf4be4f63dc8/header.jpg?t=1784200255,토치라이트: 인피니트는 다양한 게임상을 수상한 명작 ARPG 시리즈 토치라이트의 후속작입니다.
1426210,It Takes Two,False,44000,44000,0,9,압도적으로 긍정적,268783,0.9543,액션|어드벤처,멀티플레이어|협동|온라인 협동|스크린 공유 및 분할 협동|공유 및 분할 화면|Steam 도전 과제|컨트롤러 완벽 지원|Steam 트레이딩 카드|DUALSHOCK 컨트롤러 지원|DualSense 컨트롤러 지원|스테레오 사운드|서라운드 사운드|Steam Cloud|Remote Play Together,멀티플레이어|협동|온라인 협동,12,2021년 3월 25일,Hazelight Studios,Electronic Arts,https://shared.akamai.steamstatic.com/store_item_assets/steam/apps/1426210/header_koreana.jpg?t=1777395376,"It Takes Two에서 생애 가장 정신없는 여정을 시작하세요. 친구가 무료로 참가할 수 있게 친구 패스*로 초대하고, 함께 힘을 합쳐서 수많은 유쾌하고 획기적인 게임 플레이 챌린지를 헤쳐나가세요."
289070,Sid Meier’s Civilization® VI,False,65000,65000,0,8,매우 긍정적,378310,0.8613,전략,싱글 플레이어|멀티플레이어|PvP|온라인 PvP|LAN PvP|스크린 공유 및 분할 PvP|공유 및 분할 화면|크로스 플랫폼 멀티플레이어|Steam 도전 과제|Steam 트레이딩 카드|Steam 창작마당|앱 내 구매|Steam 턴 알림|Remote Play 태블릿|Remote Play Together|가족 공유,싱글 플레이어|멀티플레이어|PvP,12,2016년 10월 20일,Firaxis Games|Aspyr (Mac)|Aspyr (Linux),2K|Aspyr (Mac)|Aspyr (Linux),https://shared.akamai.steamstatic.com/store_item_assets/steam/apps/289070/header.jpg?t=1784651829,"문명 VI 에서는 새로운 방식으로 세상과 소통하고, 제국의 영토를 확장시키며, 문화를 발전시키고, 역사속 위대한 지도자들에 맞서 오래도록 지속될 나만의 문명을 건설해볼 수 있습니다. 클레오파트라를 비롯한 20명의 역사 속 지도자들 중 한명으로 플레이 해보세요."
2349820,히어로 랜드（Hero's Land）,True,0,0,0,5,복합적,45670,0.545,액션|어드벤처|대규모 멀티플레이어|RPG|무료 플레이,멀티플레이어|MMO|PvP|온라인 PvP|Steam 도전 과제|앱 내 구매|Remote Play Together|가족 공유,멀티플레이어|PvP,13,2023년 5월 17일,钢之直男工作室,Orienjoy,https://shared.akamai.steamstatic.com/store_item_assets/steam/apps/2349820/4e8c186f0dcc304e78bc63ea648ebe64fe759a6f/header_alt_assets_7.jpg?t=1785121493,는 멀티플레이어 로그라이크 PVPVE 게임입니다. 몬스터 세상에서 가장 중요한 것은 오직 생존이고 죽으면 장착한 모든 것을 잃게 됩니다! 히어로들은 몬스터를 사냥하여 희귀한 무기와 강력한 장비를 획득하세요. 위험한 곳일수록 보상도 풍부해집니다! 하지만 조심해야 할 것은 히어로를 호시탐탐 노리는 다른 경쟁자들입니다! 전투를 통해 더욱 강해지세요! 과연 누가 최후의 1인까지 올라갈까요?
2288340,에이스 컴뱃 8: 시브의 날개 (ACE COMBAT 8: WINGS OF THEVE),False,89800,89800,0,0,사용자 평가 없음,0,0.0,액션,싱글 플레이어|멀티플레이어|PvP|온라인 PvP|협동|온라인 협동|크로스 플랫폼 멀티플레이어|Steam 도전 과제|컨트롤러 완벽 지원|앱 내 구매|DUALSHOCK 컨트롤러 지원|DualSense 컨트롤러 지원|DualSense 컨트롤러 지원|Steam Cloud|HDR 사용 가능|가족 공유,싱글 플레이어|멀티플레이어|협동|온라인 협동|PvP,13,2026년 10월 1일,Bandai Namco Aces Inc.,Bandai Namco Entertainment Inc.,https://shared.akamai.steamstatic.com/store_item_assets/steam/apps/2288340/13dea8084135fd130605b78189c82e39bf944c35/header.jpg?t=1787637403,"하늘을 자유롭게 날아다니는 상쾌감과, 자신의 상황 판단으로 적을 선택하여 격파하는 쾌감, 난국을 타파하여 영웅이 되는 달성감을 즐길 수 있는 드라마틱 플라이트 슈팅. 최고 수준의 하늘, 자연, 도시의 그래픽과 몰입감 있는 시네마틱 표현으로 체감할 수 있는, 진정한 에이스 파일럿이 되어가는 이야기."
673750,Super Bunny Man,False,15250,9150,40,8,매우 긍정적,12356,0.8513,액션|인디,싱글 플레이어|멀티플레이어|PvP|온라인 PvP|스크린 공유 및 분할 PvP|협동|온라인 협동|스크린 공유 및 분할 협동|공유 및 분할 화면|컨트롤러 완벽 지원|게임패드 권장|DUALSHOCK 컨트롤러 지원|DUALSHOCK 컨트롤러 지원|DualSense 컨트롤러 지원|DualSense 컨트롤러 지원|Steam Cloud|Remote Play 휴대전화|Remote Play 태블릿|Remote Play TV|Remote Play Together|가족 공유,싱글 플레이어|멀티플레이어|협동|온라인 협동|PvP,11,2023년 5월 16일,Catobyte,Catobyte Ltd,https://shared.akamai.steamstatic.com/store_item_assets/steam/apps/673750/header.jpg?t=1764709681,"토끼 코스튬을 입은 사람이 나오는 물리 엔진 기반 협동 플랫폼 게임! 친구 한 명 혹은 세 명(로컬 혹은 온라인)과 협력해 레벨을 깨고, 숨겨진 당근을 찾고, 시간과의 싸움을 하세요. 토끼의 광기를 체험해 보세요. 당근의 혼돈을 받아들이세요. Super Bunny Man이 되세요."
4356430,NBA 2K27,False,84800,84800,0,5,복합적,434,0.4793,스포츠,싱글 플레이어|멀티플레이어|PvP|온라인 PvP|스크린 공유 및 분할 PvP|협동|온라인 협동|스크린 공유 및 분할 협동|공유 및 분할 화면|Steam 도전 과제|앱 내 구매|게임패드 권장|DUALSHOCK 컨트롤러 지원|DUALSHOCK 컨트롤러 지원|DualSense 컨트롤러 지원|DualSense 컨트롤러 지원|컨트롤러 일부 지원|Steam Cloud|Remote Play Together|가족 공유,싱글 플레이어|멀티플레이어|협동|온라인 협동|PvP,10,2026년 9월 3일,Visual Concepts,2K,https://shared.akamai.steamstatic.com/store_item_assets/steam/apps/4356430/9152438fde7de9f4c20b4fd9072ba69f844dacab/header.jpg?t=1787958027,"NBA 2K27에서 허슬은 멈추지 않고, 플레이는 끝없이 이어집니다. MyCAREER, MyTEAM, MyNBA에서 24시간 내내 위대함을 향해 도전하고, 농구의 꿈을 현실로 만들어 보세요."
2767030,마블 라이벌즈,True,0,0,0,6,대체로 긍정적,412195,0.7573,액션|무료 플레이,멀티플레이어|PvP|온라인 PvP|협동|온라인 협동|크로스 플랫폼 멀티플레이어|Steam 도전 과제|컨트롤러 완벽 지원|앱 내 구매|DUALSHOCK 컨트롤러 지원|DUALSHOCK 컨트롤러 지원|DualSense 컨트롤러 지원|DualSense 컨트롤러 지원|가족 공유,멀티플레이어|협동|온라인 협동|PvP,16,2024년 12월 5일,NetEase Games,NetEase Games,https://shared.akamai.steamstatic.com/store_item_assets/steam/apps/2767030/44ca658ecf9b75216cb652f709ced7ccde96d915/header.jpg?t=1786093208,슈퍼 히어로 PVP 팀 슈팅 게임 를 소개합니다. 플레이어는 슈퍼 히어로와 빌런 진영에서 원하는 캐릭터를 골라 올스타팀을 구성할 수 있습니다. 마블 유니버스의 다양한 맵을 활용하고 캐릭터 본연의 능력과 팀업 스킬을 전략적으로 조합하여 전투를 승리로 이끄세요!
3059520,F1® 25,False,56000,56000,0,8,매우 긍정적,28550,0.8705,레이싱|스포츠,싱글 플레이어|멀티플레이어|PvP|온라인 PvP|LAN PvP|스크린 공유 및 분할 PvP|협동|온라인 협동|LAN 협동|스크린 공유 및 분할 협동|공유 및 분할 화면|크로스 플랫폼 멀티플레이어|Steam 도전 과제|컨트롤러 완벽 지원|VR 지원|Steam 창작마당|앱 내 구매|난이도 조정|키보드 전용 옵션|퀵타임 이벤트 없이 플레이 가능|DUALSHOCK 컨트롤러 지원|DualSense 컨트롤러 지원|스테레오 사운드|서라운드 사운드|Steam Cloud|HDR 사용 가능|가족 공유,싱글 플레이어|멀티플레이어|협동|온라인 협동|PvP,11,2025년 5월 30일,Codemasters,Electronic Arts,https://shared.akamai.steamstatic.com/store_item_assets/steam/apps/3059520/76dc8ac45f1bd6dec26e04434ca1c8814e7bb330/header.jpg?t=1786646076,EA SPORTS™ F1® 25: 2026 Season Edition으로 레이싱의 궁극적인 진화와 함께 그리드를 재편하세요. 가장 완벽한 Formula One® 경험을 위해 F1® 25와 2026 Season 팩을 하나의 번들로 만나보세요.
4005220,Deep Blue Sushi,False,16000,14400,10,6,대체로 긍정적,142,0.7817,액션|어드벤처|캐주얼|인디|시뮬레이션|앞서 해보기,싱글 플레이어|멀티플레이어|협동|온라인 협동|Steam 도전 과제|카메라 움직임 조정|음량 개별 조절|수시 저장|스테레오 사운드|Steam Cloud|통계|가족 공유,싱글 플레이어|멀티플레이어|협동|온라인 협동,31,2026년 8월 20일,PaperPixel Games,PaperPixel Games,https://shared.akamai.steamstatic.com/store_item_assets/steam/apps/4005220/98d32d9ab357f11b3313cb090823309089e25997/header.jpg?t=1787230854,"Deep Blue Sushi는 1~5명이 함께 즐기는 캐주얼 협동 어드벤처 게임입니다. 바다를 탐험하고 신선한 물고기를 잡아 초밥을 만들고, 손님을 응대하며 레스토랑을 성장시키는 동시에 미지의 Deep Blue에 숨겨진 비밀을 밝혀내세요."
3493540,Transport Fever 3,False,55000,55000,0,0,사용자 평가 없음,0,0.0,캐주얼|시뮬레이션|전략|무료 플레이,싱글 플레이어|Steam 도전 과제|컨트롤러 완벽 지원|DUALSHOCK 컨트롤러 지원|DualSense 컨트롤러 지원|레벨 에디터 포함|가족 공유,싱글 플레이어,13,2026년 9월 29일,Urban Games,Paradox Interactive,https://shared.akamai.steamstatic.com/store_item_assets/steam/apps/3493540/4c179a79a6286b15575ca3f1a6ca620e5d159b19/header.jpg?t=1787686502,"궁극의 수송 타이쿤 Transport Fever 3가 더 거대하고, 더 깊이 있고, 더 다이나믹한 모습으로 돌아왔습니다. 100가지 이상의 진화하는 수송 옵션을 사용하여 육지, 바다, 하늘을 가로질러 세계를 바꾸는 경로를 건설하세요. 당신이 생각하는 이상적인 수송 네트워크를 설계하고 건설해 보세요."
1817190,Marvel’s Spider-Man: Miles Morales,False,52800,52800,0,8,매우 긍정적,56098,0.9329,액션|어드벤처,싱글 플레이어|Steam 도전 과제|컨트롤러 완벽 지원|텍스트 크기 조정|카메라 움직임 조정|색상 대체|음량 개별 조절|난이도 조정|퀵타임 이벤트 없이 플레이 가능|DUALSHOCK 컨트롤러 지원|DUALSHOCK 컨트롤러 지원|DualSense 컨트롤러 지원|DualSense 컨트롤러 지원|수시 저장|Steam Input API 지원|스테레오 사운드|자막 옵션|서라운드 사운드|Steam Cloud|Remote Play TV|가족 공유,싱글 플레이어,22,2022년 11월 18일,Insomniac Games|Nixxes Software,PlayStation Publishing LLC,https://shared.akamai.steamstatic.com/store_item_assets/steam/apps/1817190/header.jpg?t=1787838710,"Marvel’s Spider-Man Remastered의 사건 이후, 십대 청소년 마일즈 모랄레스는 새로운 집에 적응하면서 멘토인 피터 파커의 발자취를 따라 새로운 스파이더맨이 됩니다. 하지만 무시무시한 힘겨루기로 인해 새로운 고향이 산산조각날 위기에 처하자 마일즈는 스파이더맨의 역할을 이어받아 진정한 스파이더맨이 되어야 합니다."
1368140,Corsair Cove 커세어 코브,False,39900,39900,0,8,매우 긍정적,3139,0.8579,시뮬레이션|전략,싱글 플레이어|Steam 도전 과제|Steam 트레이딩 카드|텍스트 크기 조정|카메라 움직임 조정|색상 대체|음량 개별 조절|난이도 조정|마우스 전용 옵션|#category_playable_at_your_own_pace|퀵타임 이벤트 없이 플레이 가능|수시 저장|스테레오 사운드|자막 옵션|Steam Cloud|가족 공유,싱글 플레이어,12,2026년 7월 31일,Limbic Entertainment,Hooded Horse,https://shared.akamai.steamstatic.com/store_item_assets/steam/apps/1368140/2fb68881da724b571001843114515021ee4116a7/header_koreana.jpg?t=1787906322,"광활한 해적의 안식처를 건설하고, 함대를 구축하여 드넓은 바다를 탐험하며, 왕실에 맞서 해적의 시대를 이어가세요! 에일에서 권총까지, 악동부터 뻐기는 해적까지, 복잡한 생산 체인을 관리하고 난폭한 선원들을 통솔하여 바다를 지배해야 합니다!"
4358690,Graveyard Keeper 2,False,26500,21200,20,0,사용자 평가 없음,0,0.0,어드벤처|RPG|시뮬레이션,싱글 플레이어|컨트롤러 완벽 지원|DUALSHOCK 컨트롤러 지원|DualSense 컨트롤러 지원|Steam Input API 지원|가족 공유,싱글 플레이어,11,2026년 9월 22일,Lazy Bear Games,tinyBuild,https://shared.akamai.steamstatic.com/store_item_assets/steam/apps/4358690/d63c37d6289ef7c48d89c0521fb82ac51d7f5ce8/header.jpg?t=1787865345,"고증과 담 쌓은 중세 공동묘지 시뮬레이션이 돌아왔습니다! 마을을 복구하고, 묘지를 관리하고, 생산을 자동화하고, 언데드 군대를 이끌고 전투에 나서며 좀비 문제를 번창하는 사업으로 바꾸세요! Graveyard Keeper 2는 무덤보다 깊고 그 어느 때보다도 나사 빠진, 기괴한 속편입니다!"
431960,Wallpaper Engine,False,5600,5600,0,9,압도적으로 긍정적,1012602,0.9756,캐주얼|인디|애니메이션과 모델링|디자인과 일러스트레이션|사진 편집|유틸리티,Steam 도전 과제|Steam 트레이딩 카드|Steam 창작마당|Steam 창작마당|레벨 에디터 포함,,23,2018년 11월 16일,Wallpaper Engine Team,Wallpaper Engine Team,https://shared.akamai.steamstatic.com/store_item_assets/steam/apps/431960/header.jpg?t=1779452230,바탕화면에서 멋진 라이브 배경화면을 사용하세요. 자신의 이미지를 애니메이션으로 만들어서 새 배경화면을 생성하거나 비디오/웹 사이트를 가져와서 Steam Workshop에서 공유하세요!
1635450,Longvinter,False,21500,5370,75,5,복합적,7685,0.6716,액션|어드벤처|대규모 멀티플레이어|RPG|시뮬레이션,멀티플레이어|MMO|PvP|온라인 PvP|협동|온라인 협동|Steam 도전 과제|앱 내 구매|컨트롤러 일부 지원,멀티플레이어|협동|온라인 협동|PvP,15,2025년 2월 21일,Uuvana Studios,Uuvana Studios,https://shared.akamai.steamstatic.com/store_item_assets/steam/apps/1635450/header.jpg?t=1740149927,"낚시, 농사, 제작, 수집, 요리, 전리품 획득 또는 다른 플레이어로부터 훔치기, 그리고 친구들과 함께 규칙 없는 오픈 월드 멀티플레이어 샌드박스 게임에서 캠프장이나 마을을 건설하세요!"
1794680,Vampire Survivors,False,5000,3750,25,9,압도적으로 긍정적,264956,0.9832,액션|캐주얼|인디|RPG,싱글 플레이어|멀티플레이어|협동|온라인 협동|Steam 도전 과제|컨트롤러 완벽 지원|Steam 트레이딩 카드|Steam Cloud|Remote Play Together|가족 공유,싱글 플레이어|멀티플레이어|협동|온라인 협동,14,2022년 10월 20일,poncle,poncle,https://shared.akamai.steamstatic.com/store_item_assets/steam/apps/1794680/2e4de652ebe9d4136a989571d207cd0b0e019985/header_alt_assets_10.jpg?t=1787911678,수많은 어둠의 피조물을 쓰러뜨리며 새벽이 올 때까지 생존하세요! Vampire Survivors는 로그라이트 요소를 갖춘 고딕 호러 케주얼 게임입니다. 당신의 선택으로 순식간에 수백 마리의 괴물이 눈덩이처럼 불어날 수 있죠.
3124540,Far Far West,False,19990,15990,20,9,압도적으로 긍정적,36309,0.9562,액션|어드벤처|인디|앞서 해보기,싱글 플레이어|멀티플레이어|협동|온라인 협동|카메라 움직임 조정|음량 개별 조절|난이도 조정|퀵타임 이벤트 없이 플레이 가능|스테레오 사운드|서라운드 사운드|컨트롤러 일부 지원|Steam Cloud|가족 공유,싱글 플레이어|멀티플레이어|협동|온라인 협동,15,2026년 4월 28일,Evil Raptor,Fireshine Games,https://shared.akamai.steamstatic.com/store_item_assets/steam/apps/3124540/0025da69cb122183a4854ae02580360782a2b58f/header_alt_assets_5.jpg?t=1787841818,"이랴, 카우보이들 모여라! 팀을 만들어 4인 협동 사격 게임에서 함께 싸워 보세요. Far Far West에서는 몬스터를 날려버리고, 마법을 사용해 공격하고, 미션을 완료하고, 현상금을 받을 수 있습니다. 팀끼리 협동해서 돈을 벌고 살아남아 보세요."
1222670,The Sims™ 4,True,0,0,0,8,매우 긍정적,199602,0.8636,어드벤처|캐주얼|시뮬레이션|무료 플레이,싱글 플레이어|Steam 트레이딩 카드|앱 내 구매|마우스 전용 옵션|퀵타임 이벤트 없이 플레이 가능|수시 저장|스테레오 사운드|서라운드 사운드|Remote Play 태블릿,싱글 플레이어,18,2020년 6월 18일,Maxis,Electronic Arts,https://shared.akamai.steamstatic.com/store_item_assets/steam/apps/1222670/header.jpg?t=1787850077,아무런 제약 없는 가상 세계에서 심들을 창조하고 지배하는 전능한 힘을 즐기세요. 강력한 권력을 휘두르며 자유롭고 재미있게 인생을 플레이하세요!
2537590,Microsoft Flight Simulator 2024,False,80000,56000,30,5,복합적,21999,0.5938,시뮬레이션,싱글 플레이어|멀티플레이어|크로스 플랫폼 멀티플레이어|Steam 도전 과제|앱 내 구매|컨트롤러 일부 지원|HDR 사용 가능|가족 공유,싱글 플레이어|멀티플레이어,18,2024년 11월 19일,Asobo Studio,Xbox Game Studios,https://shared.akamai.steamstatic.com/store_item_assets/steam/apps/2537590/header.jpg?t=1787591449,Microsoft Flight Simulator 2024에서 역대 최대 규모의 비행기를 조종하면서 전 세계를 탐험하고 흥미진진한 시뮬레이션을 진행하면서 우수한 비행사로 거듭날 수 있습니다.
1361210,"Warhammer 40,000: Darktide",False,44000,11000,75,6,대체로 긍정적,138092,0.7171,액션|어드벤처|RPG,멀티플레이어|협동|온라인 협동|크로스 플랫폼 멀티플레이어|Steam 도전 과제|캡션 이용 가능|앱 내 구매|컨트롤러 일부 지원|가족 공유,멀티플레이어|협동|온라인 협동,12,2022년 11월 30일,Fatshark,Fatshark,https://shared.akamai.steamstatic.com/store_item_assets/steam/apps/1361210/f07ebcb73a34112ac61c54608b1f1ded7e45eb8a/header.jpg?t=1782226781,"이 격렬하고 잔혹한 액션 슈팅 게임에서 피에 굶주린 적들로부터 테르티움을 되찾으세요. Warhammer 40,000: Darktide는 Vermintide 시리즈로 상을 받은 팀이 선보이는 새로운 협동 중심의 경험입니다. 테르티움이 몰락하면 이교도들이 일어날 것입니다."
1477590,EZ2ON REBOOT : R,False,44800,44800,0,8,매우 긍정적,6269,0.9102,액션|캐주얼|스포츠,싱글 플레이어|멀티플레이어|PvP|온라인 PvP|협동|온라인 협동|Steam 도전 과제|DUALSHOCK 컨트롤러 지원|DualSense 컨트롤러 지원|컨트롤러 일부 지원|Steam Cloud|가족 공유|Steam 타임라인,싱글 플레이어|멀티플레이어|협동|온라인 협동|PvP,3,2022년 4월 14일,"Neonovice Co., Ltd.|SQUARE PIXELS","Neonovice Co., Ltd.",https://shared.akamai.steamstatic.com/store_item_assets/steam/apps/1477590/086013aa26296d382101d15acd8ec2208212ab6c/header.jpg?t=1781689101,"모두가 함께 즐기는 리듬 게임, EZ2ON REBOOT : R - 유명 리듬게임 프랜차이즈인 'EZ2ON'의 최신작을 Steam에서 즐길 수 있습니다. 시리즈를 총망라하는 게임 속의 명곡들과 새로운 감각의 콘텐츠들을 플레이하며 EZ2ON만의 즐거움에 빠져보세요."
3751260,The Blood of Dawnwalker 더 블러드 오브 던워커,False,79800,79800,0,0,사용자 평가 없음,0,0.0,액션|어드벤처|RPG,싱글 플레이어|Steam 도전 과제|컨트롤러 완벽 지원|Steam 트레이딩 카드|색상 대체|음량 개별 조절|난이도 조정|게임패드 권장|수시 저장|Steam Cloud|가족 공유,싱글 플레이어,15,2026년 9월 2일,Rebel Wolves,Bandai Namco Entertainment,https://shared.akamai.steamstatic.com/store_item_assets/steam/apps/3751260/a036c8739673ee053c0560aa452b0f4840e62b7f/header_koreana.jpg?t=1787847868,"The Blood of Dawnwalker는 14세기 유럽을 배경으로 한 오픈월드 다크 판타지 액션 RPG입니다. 당신은 낮에는 인간, 밤에는 뱀파이어로 변하는 코엔을 조작하며, 자신의 선택이나 밝혀낸 비밀이 불러오는 이야기 속에서 가족을 구하기 위해 싸워야 합니다."
3357650,PRAGMATA,False,69800,69800,0,9,압도적으로 긍정적,51890,0.9656,액션|어드벤처,싱글 플레이어|Steam 도전 과제|컨트롤러 완벽 지원|Steam 트레이딩 카드|캡션 이용 가능|게임패드 권장|DUALSHOCK 컨트롤러 지원|DUALSHOCK 컨트롤러 지원|DualSense 컨트롤러 지원|DualSense 컨트롤러 지원|Steam Cloud|HDR 사용 가능|가족 공유,싱글 플레이어,14,2026년 4월 16일,"CAPCOM Co., Ltd.","CAPCOM Co., Ltd.",https://shared.akamai.steamstatic.com/store_item_assets/steam/apps/3357650/e32e168b25ed68a0cf6264c220c07e96c2abfb56/header.jpg?t=1777351016,"캡콤이 선보이는 완전 신작 SF 액션 어드벤처 타이틀, 프래그마타. 달에서 조난당한 조사원 휴와 안드로이드 소녀 다이애나, 두 주인공과 함께 폭주한 AI가 지배하는 달 기지를 탐험하며 지구로 돌아갈 방법을 찾으세요."
774181,리듬 닥터 (Rhythm Doctor),False,21500,17200,20,9,압도적으로 긍정적,26924,0.9817,액션|캐주얼|인디|전략|무료 플레이,싱글 플레이어|멀티플레이어|협동|스크린 공유 및 분할 협동|공유 및 분할 화면|Steam 도전 과제|컨트롤러 완벽 지원|Steam 창작마당|음량 개별 조절|난이도 조정|게임 메뉴 음성 안내|#category_playable_without_vision|Steam Cloud|레벨 에디터 포함|Remote Play Together|가족 공유,싱글 플레이어|멀티플레이어|협동,10,2025년 12월 6일,7th Beat Games,7th Beat Games|indienova,https://shared.akamai.steamstatic.com/store_item_assets/steam/apps/774181/header.jpg?t=1786548815,"리듬 감각으로 환자들의 생명을 구하세요! 리듬 닥터는 심장 박동에 맞춰 환자들을 제세동하는 리듬 게임입니다. 두근거리는 음악과 함께 환자들의 독특한 심장 박동을 익히고, 리듬 감각을 방해하는 바이러스를 쓰러트리세요."
1966720,Lethal Company,False,11000,11000,0,9,압도적으로 긍정적,510559,0.9697,액션|어드벤처|인디|앞서 해보기,싱글 플레이어|멀티플레이어|협동|온라인 협동|음량 개별 조절|스테레오 사운드|컨트롤러 일부 지원|가족 공유,싱글 플레이어|멀티플레이어|협동|온라인 협동,1,2023년 10월 23일,Zeekerss,Zeekerss,https://shared.akamai.steamstatic.com/store_item_assets/steam/apps/1966720/header.jpg?t=1775380053,A co-op horror about scavenging at abandoned moons to sell scrap to the Company.
550470,NosTale - Anime MMORPG,True,0,0,0,6,대체로 긍정적,3632,0.7013,액션|어드벤처|대규모 멀티플레이어|RPG|무료 플레이,멀티플레이어|MMO|PvP|온라인 PvP|협동|온라인 협동|Steam 트레이딩 카드|앱 내 구매|가족 공유,멀티플레이어|협동|온라인 협동|PvP,8,2017년 9월 18일,"Entwell Co., Ltd.",Gameforge 4D GmbH,https://shared.akamai.steamstatic.com/store_item_assets/steam/apps/550470/c532920e91cd6efca9901c33f00b2c8a838480a0/header_alt_assets_7.jpg?t=1787147043,"NosTale is a free-to-play anime action MMORPG which takes you on an exciting journey through a world full of mystery with your friends. More than 30 specialist classes and tons of loyal pets provide plenty of excitement and variety in PvP, PvE and raids"
1290000,PowerWash Simulator,False,29800,11920,60,9,압도적으로 긍정적,58615,0.964,캐주얼|인디|시뮬레이션,싱글 플레이어|멀티플레이어|협동|온라인 협동|크로스 플랫폼 멀티플레이어|Steam 도전 과제|컨트롤러 완벽 지원|Steam 트레이딩 카드|DUALSHOCK 컨트롤러 지원|DUALSHOCK 컨트롤러 지원|DualSense 컨트롤러 지원|DualSense 컨트롤러 지원|Steam Cloud|가족 공유,싱글 플레이어|멀티플레이어|협동|온라인 협동,12,2022년 7월 14일,FuturLab,FuturLab,https://shared.akamai.steamstatic.com/store_item_assets/steam/apps/1290000/header.jpg?t=1780392261,"PowerWash Simulator로 스트레스를 날려버리세요! 세차게 뿜어지는 물줄기 소리로 걱정을 씻어내세요. 파워 세척기를 켜고 눈에 보이는 먼지와 얼룩을 모두 날려 버리고, 반짝이는 마무리로 파워 세척이 주는 소소한 만족감을 느껴보세요."
4073860,쭉쭉주식회사,False,6240,4990,20,8,매우 긍정적,742,0.8342,캐주얼|시뮬레이션,싱글 플레이어|Steam 도전 과제|컨트롤러 완벽 지원|음량 개별 조절|마우스 전용 옵션|#category_playable_at_your_own_pace|퀵타임 이벤트 없이 플레이 가능|DUALSHOCK 컨트롤러 지원|DUALSHOCK 컨트롤러 지원|DualSense 컨트롤러 지원|DualSense 컨트롤러 지원|Steam Cloud|가족 공유,싱글 플레이어,14,2026년 8월 25일,Snickerdoodle Games|Funk Games,Funk Games|Gamersky Games,https://shared.akamai.steamstatic.com/store_item_assets/steam/apps/4073860/5cc98d013ebdc099bc7bceeeb1fce37ad5926d85/header_koreana.jpg?t=1787953893,"청소 방치형 게임을 사랑하는 여러분!쭉쭉주식회사에 오신 것을 환영합니다! 오물 흡입 차량을 몰고 폐기된 부지를 누비며 쌓인 진흙, 폐기물, 오염 물질을 모조리 흡입하세요. 겉보기에는 아무 가치도 없는 쓰레기들을 공장으로 운반해 끝없이 쏟아지는 부와 자원으로 탈바꿈합니다!"
261550,Mount & Blade II: Bannerlord,False,60000,60000,0,8,매우 긍정적,296666,0.8766,액션|인디|RPG|시뮬레이션|전략,싱글 플레이어|멀티플레이어|PvP|온라인 PvP|Steam 도전 과제|Steam 트레이딩 카드|Steam 창작마당|컨트롤러 일부 지원|Steam Cloud|레벨 에디터 포함|Remote Play 태블릿|가족 공유,싱글 플레이어|멀티플레이어|PvP,13,2022년 10월 25일,TaleWorlds Entertainment,TaleWorlds Entertainment,https://shared.akamai.steamstatic.com/store_item_assets/steam/apps/261550/header.jpg?t=1764252300,"본 게임은 전략/액션 RPG입니다. 캐릭터를 생성하고, 외교에 참여하고, 제작, 거래를 하고, 방대한 중세풍의 샌드박스에서 새로운 땅을 정복하십시오. 군대를 일으켜 전쟁에 뛰어들고, 깊이가 있으나 직관적인 실력 기반의 전투 시스템을 채용한 대규모 실시간 전투에서 자신의 부대에 명령을 내리고 함께 싸우십시오."
2569510,MLB 9이닝스 라이벌 26,True,0,0,0,6,대체로 긍정적,1730,0.7931,스포츠|무료 플레이,멀티플레이어|PvP|온라인 PvP|크로스 플랫폼 멀티플레이어|컨트롤러 완벽 지원|앱 내 구매|DUALSHOCK 컨트롤러 지원|DUALSHOCK 컨트롤러 지원|DualSense 컨트롤러 지원|DualSense 컨트롤러 지원|가족 공유,멀티플레이어|PvP,5,2025년 3월 17일,Com2uS,Com2uS,https://shared.akamai.steamstatic.com/store_item_assets/steam/apps/2569510/c724668176edd7c473bea1dd76eee389d063c08f/header_koreana.jpg?t=1787709557,메이저리그에서 라이벌들과의 리얼한 승부를! 최상의 그래픽으로 캐주얼하게 즐기는 MLB 공식 라이선스 야구게임 MLB 9이닝스 라이벌 26
739630,Phasmophobia,False,21500,21500,0,8,매우 긍정적,838081,0.9438,액션|인디|앞서 해보기,싱글 플레이어|멀티플레이어|협동|온라인 협동|Steam 도전 과제|컨트롤러 완벽 지원|추적되는 컨트롤러 지원|VR 지원|Steam 트레이딩 카드|카메라 움직임 조정|난이도 조정|퀵타임 이벤트 없이 플레이 가능|DUALSHOCK 컨트롤러 지원|DUALSHOCK 컨트롤러 지원|DualSense 컨트롤러 지원|DualSense 컨트롤러 지원|스테레오 사운드|서라운드 사운드|Steam Cloud|Remote Play 휴대전화|Remote Play 태블릿|가족 공유,싱글 플레이어|멀티플레이어|협동|온라인 협동,26,2020년 9월 18일,Kinetic Games,Kinetic Games,https://shared.akamai.steamstatic.com/store_item_assets/steam/apps/739630/3dab2169bcaac566718921c87f5982560123e8bf/header_alt_assets_12.jpg?t=1787675345,Phasmophobia is a 4 player online co-op psychological horror. Paranormal activity is on the rise and it’s up to you and your team to use all the ghost-hunting equipment at your disposal in order to gather as much evidence as you can.
2995920,It Takes Two Friend's Pass,False,0,0,0,9,압도적으로 긍정적,268783,0.9543,액션|어드벤처|인디,멀티플레이어|협동|온라인 협동|스크린 공유 및 분할 협동|공유 및 분할 화면|컨트롤러 완벽 지원|DUALSHOCK 컨트롤러 지원|DualSense 컨트롤러 지원,멀티플레이어|협동|온라인 협동,12,2021년 5월 25일,Hazelight Studio,Electronic Arts,https://shared.akamai.steamstatic.com/store_item_assets/steam/apps/2995920/header.jpg?t=1733241802,친구 패스*를 다운로드하면 It Takes Two를 친구와 무료로 플레이할 수 있습니다! 정식 게임을 소유한 친구를 통해 무료로 친구 패스를 다운로드하고 함께 플레이하세요!
4080220,EA SPORTS FC™ 27,False,80000,80000,0,0,사용자 평가 없음,0,0.0,시뮬레이션|스포츠,싱글 플레이어|멀티플레이어|PvP|온라인 PvP|스크린 공유 및 분할 PvP|협동|온라인 협동|스크린 공유 및 분할 협동|공유 및 분할 화면|크로스 플랫폼 멀티플레이어|Steam 도전 과제|컨트롤러 완벽 지원|앱 내 구매|DUALSHOCK 컨트롤러 지원|DualSense 컨트롤러 지원|DualSense 컨트롤러 지원|HDR 사용 가능,싱글 플레이어|멀티플레이어|협동|온라인 협동|PvP,21,2026년 9월 24일,EA CANADA|EA Romania,Electronic Arts,https://shared.akamai.steamstatic.com/store_item_assets/steam/apps/4080220/05d419a45653a1299ce46d13dbff4533fa076c1c/header.jpg?t=1785786005,EA SPORTS FC™ 27의 The World’s Game에 오신 것을 환영합니다. The Grounds에 입장해 스트리트와 스타디움이 만나는 축구 플레이그라운드를 경험해 보세요. 커뮤니티의 피드백을 반영한 혁신을 통해 더욱 현실적인 축구 게임플레이를 구현하여 모든 모드에서 더욱 향상된 컨트롤을 제공합니다.
2379740,Wizardry Variants Daphne,True,0,0,0,5,복합적,3812,0.5732,RPG,싱글 플레이어|앱 내 구매|컨트롤러 일부 지원|가족 공유,싱글 플레이어,6,2025년 3월 5일,"Drecom Co., Ltd.","Drecom Co., Ltd.",https://shared.akamai.steamstatic.com/store_item_assets/steam/apps/2379740/header.jpg?t=1772694401,"절망의 문이 다시금 열린다. 파멸이라는 치명적인 매력으로 유혹하는 미궁은 계속해서 전사들을 매료시키고, 섬멸한다. 여행자여 쉴 새 없이 몰아치는 위험에 몸을 맡기고, 리스크를 음미하며, 승리를 탐하라. -Wizardry Variants Daphne- 리스크를 감수하라."
477160,Human Fall Flat,False,20500,20500,0,8,매우 긍정적,226614,0.9463,어드벤처|캐주얼|인디|시뮬레이션,싱글 플레이어|멀티플레이어|PvP|온라인 PvP|협동|스크린 공유 및 분할 협동|공유 및 분할 화면|Steam 도전 과제|컨트롤러 완벽 지원|Steam 트레이딩 카드|Steam 창작마당|색상 대체|음량 개별 조절|키보드 전용 옵션|퀵타임 이벤트 없이 플레이 가능|스테레오 사운드|서라운드 사운드|Steam Cloud|통계|Remote Play TV|Remote Play Together|가족 공유,싱글 플레이어|멀티플레이어|협동|PvP,16,2016년 7월 22일,No Brakes Games,Curve Games,https://shared.akamai.steamstatic.com/store_item_assets/steam/apps/477160/a8d37fbfe022fad010cf6f43f612bd815cd485a0/header_alt_assets_27_koreana.jpg?t=1784801515,"Human Fall Flat은 부유하는 초현실적 세계에서 가벼운 마음으로 즐길 수 있는 유쾌한 플랫폼 게임 세트로, 혼자서 플레이하거나 최대 8명의 플레이어와 함께 온라인으로 플레이할 수 있습니다. 무료로 제공되는 새로운 레벨을 통해 더욱 흥미로운 게임과 활기찬 커뮤니티가 계속 유지됩니다."
2344520,디아블로® IV,False,62400,62400,0,5,복합적,74902,0.6517,액션|어드벤처|캐주얼|대규모 멀티플레이어|RPG,싱글 플레이어|멀티플레이어|PvP|온라인 PvP|협동|온라인 협동|크로스 플랫폼 멀티플레이어|Steam 도전 과제|컨트롤러 완벽 지원|앱 내 구매|텍스트 크기 조정|카메라 움직임 조정|색상 대체|난이도 조정|키보드 전용 옵션|마우스 전용 옵션|게임 메뉴 음성 안내|퀵타임 이벤트 없이 플레이 가능|DUALSHOCK 컨트롤러 지원|DualSense 컨트롤러 지원|DualSense 컨트롤러 지원|수시 저장|스테레오 사운드|자막 옵션,싱글 플레이어|멀티플레이어|협동|온라인 협동|PvP,14,2023년 10월 17일,"Blizzard Entertainment, Inc.","Blizzard Entertainment, Inc.",https://shared.akamai.steamstatic.com/store_item_assets/steam/apps/2344520/80f21a42e378b93e8fbb68ee43103be8ab84891b/header.jpg?t=1782839766,"궁극의 액션 RPG 모험, 디아블로® IV에서 성역을 위한 전투에 참여하십시오. 높은 평가를 받은 캠페인과 신규 시즌 콘텐츠를 경험하십시오."
780310,The Riftbreaker,False,32000,9600,70,8,매우 긍정적,24698,0.9036,액션|어드벤처|인디|RPG|시뮬레이션|전략,싱글 플레이어|멀티플레이어|협동|온라인 협동|LAN 협동|Steam 도전 과제|컨트롤러 완벽 지원|Steam 트레이딩 카드|Steam 창작마당|카메라 움직임 조정|음량 개별 조절|난이도 조정|퀵타임 이벤트 없이 플레이 가능|DUALSHOCK 컨트롤러 지원|DUALSHOCK 컨트롤러 지원|DualSense 컨트롤러 지원|DualSense 컨트롤러 지원|수시 저장|스테레오 사운드|서라운드 사운드|Steam Cloud|레벨 에디터 포함|Remote Play TV|가족 공유,싱글 플레이어|멀티플레이어|협동|온라인 협동,10,2021년 10월 14일,EXOR Studios,EXOR Studios|Surefire.Games,https://shared.akamai.steamstatic.com/store_item_assets/steam/apps/780310/header.jpg?t=1776772717,"리프트브레이커는 솔로 및 최대 4인까지 즐길 수 있는 협동 게임으로 기지 건설, 생존, 액션 RPG 요소가 결합되어 있습니다. 핵 앤 슬래시로 끝도 없이 밀려오는 적들을 처리하세요. 생존을 위해 기지를 건설하고, 강력한 무기를 제작하고, 새로운 발명품을 연구하세요."
699130,World War Z,False,50000,18500,63,8,매우 긍정적,32499,0.8245,액션,싱글 플레이어|멀티플레이어|PvP|온라인 PvP|협동|온라인 협동|크로스 플랫폼 멀티플레이어|Steam 도전 과제|컨트롤러 완벽 지원|Steam Cloud|가족 공유,싱글 플레이어|멀티플레이어|협동|온라인 협동|PvP,12,2021년 9월 21일,Saber Interactive Inc,Saber Interactive Inc,https://shared.akamai.steamstatic.com/store_item_assets/steam/apps/699130/b35277055fbb7e07c26c5e31e4398684c6461d53/header.jpg?t=1786453804,"World War Z is a heart-pounding coop third-person shooter for up to 4 players featuring massive swarms of hundreds of zombies, focused on fast-paced, gruesomely spectacular action."
4298500,Last Breath 最后的气息,False,10000,9000,10,6,대체로 긍정적,110,0.7182,액션|어드벤처|인디|RPG,싱글 플레이어|Steam 도전 과제|컨트롤러 완벽 지원|Steam Cloud|가족 공유,싱글 플레이어,9,2026년 8월 27일,HP⁺ DOG,HP⁺ DOG,https://shared.akamai.steamstatic.com/store_item_assets/steam/apps/4298500/400750a86a4d4ee9b5dbea3c6df006ce3bd1f127/header.jpg?t=1787892673,"Last Breath is a tense side-scrolling shooter in a fungal-ravaged world, where humanity has become “Spore Zombies.” As the older sister Guan Jin, fight through the ruins to find your lost sibling. Scavenge, adapt, survive. But what awaits: redemption or a deeper nightmare?"
427520,Factorio,False,40000,40000,0,9,압도적으로 긍정적,233916,0.9751,캐주얼|인디|시뮬레이션|전략,싱글 플레이어|멀티플레이어|협동|온라인 협동|LAN 협동|크로스 플랫폼 멀티플레이어|Steam 도전 과제|텍스트 크기 조정|카메라 움직임 조정|음량 개별 조절|난이도 조정|퀵타임 이벤트 없이 플레이 가능|DUALSHOCK 컨트롤러 지원|DUALSHOCK 컨트롤러 지원|DualSense 컨트롤러 지원|DualSense 컨트롤러 지원|수시 저장|자막 옵션|컨트롤러 일부 지원|Steam Cloud|레벨 에디터 포함|Remote Play 태블릿|가족 공유,싱글 플레이어|멀티플레이어|협동|온라인 협동,30,2020년 8월 14일,Wube Software LTD.,Wube Software LTD.,https://shared.akamai.steamstatic.com/store_item_assets/steam/apps/427520/ab9a2df0a77caebde20dc45adc021de8cdcf7cc5/header.jpg?t=1787348817,"Factorio는 무한한 2D 세상에서 복잡성이 증가하는 아이템을 생산하기 위해 자동화 공장을 만드는 게임입니다. - 당신의 상상력으로 공장을 설계, 독창적인 방법으로 간단한 요소를 결합하고 마지막엔 당신을 좋아하지 않는 생물들로 부터 공장을 지키세요."
2879840,방 탈출 시뮬레이터2,False,19900,19900,0,8,매우 긍정적,4613,0.9215,어드벤처|캐주얼|인디|시뮬레이션,싱글 플레이어|멀티플레이어|협동|온라인 협동|크로스 플랫폼 멀티플레이어|Steam 도전 과제|컨트롤러 완벽 지원|Steam 트레이딩 카드|캡션 이용 가능|Steam 창작마당|Steam 창작마당|텍스트 크기 조정|카메라 움직임 조정|색상 대체|음량 개별 조절|퀵타임 이벤트 없이 플레이 가능|DUALSHOCK 컨트롤러 지원|DUALSHOCK 컨트롤러 지원|DualSense 컨트롤러 지원|DualSense 컨트롤러 지원|수시 저장|Steam Input API 지원|스테레오 사운드|서라운드 사운드|Steam Cloud|레벨 에디터 포함|Remote Play TV|가족 공유,싱글 플레이어|멀티플레이어|협동|온라인 협동,15,2025년 10월 27일,Pine Studio,Pine Studio,https://shared.akamai.steamstatic.com/store_item_assets/steam/apps/2879840/618aab14bdc14563dc08288f2eb14fc63970a2a3/header_koreana.jpg?t=1784731700,"많은 인기를 끈 방 탈출 게임의 후속작으로, 혼자 또는 친구와 함께 탐험할 수 있는 다양하고 새로운 방을 통해 일인칭 퍼즐을 새롭게 해석합니다. 방 편집기 2.0으로 복잡한 퍼즐을 풀거나, 숨겨진 비밀을 파헤치거나, 나만의 방을 만들어 보세요."
2567870,Chained Together,False,5600,4480,20,8,매우 긍정적,63629,0.8978,어드벤처|캐주얼|인디|시뮬레이션,싱글 플레이어|멀티플레이어|협동|온라인 협동|스크린 공유 및 분할 협동|공유 및 분할 화면|컨트롤러 일부 지원|Remote Play Together|가족 공유,싱글 플레이어|멀티플레이어|협동|온라인 협동,1,2024년 6월 19일,Anegar Games,Secret Mode,https://shared.akamai.steamstatic.com/store_item_assets/steam/apps/2567870/9989d3793429ffa481cc3228bb66d65565b9ce2b/header.jpg?t=1787564004,"지옥의 깊은 곳에서 시작하여, 사슬로 묶인 채 친구들과 함께 다양한 세계들을 넘어 올라가세요. 혼자서 또는 협동으로, 정상에 도달해보고 거기에서 여러분을 기다리고 있는 것을 발견하세요..."
1665460,eFootball™,True,0,0,0,5,복합적,116748,0.5173,시뮬레이션|스포츠|무료 플레이,싱글 플레이어|멀티플레이어|PvP|온라인 PvP|스크린 공유 및 분할 PvP|협동|온라인 협동|스크린 공유 및 분할 협동|공유 및 분할 화면|크로스 플랫폼 멀티플레이어|앱 내 구매|게임패드 권장|DUALSHOCK 컨트롤러 지원|DualSense 컨트롤러 지원|컨트롤러 일부 지원|Steam Cloud|가족 공유,싱글 플레이어|멀티플레이어|협동|온라인 협동|PvP,17,2021년 9월 29일,KONAMI,KONAMI,https://shared.akamai.steamstatic.com/store_item_assets/steam/apps/1665460/86619d0fb7126b3d5276004175f9a62181223c0f/header.jpg?t=1787619924,합계 10억 다운로드를 돌파한 열광적인 축구의 세계가 여기에! 전 세계의 유저와 eFootball™을 즐기자!
2141730,Backrooms: Escape Together,False,11000,11000,0,8,매우 긍정적,48692,0.8874,액션|어드벤처|캐주얼|인디|앞서 해보기,싱글 플레이어|멀티플레이어|협동|온라인 협동|Steam 도전 과제|컨트롤러 완벽 지원|카메라 움직임 조정|색상 대체|음량 개별 조절|퀵타임 이벤트 없이 플레이 가능|DUALSHOCK 컨트롤러 지원|DUALSHOCK 컨트롤러 지원|DualSense 컨트롤러 지원|DualSense 컨트롤러 지원|Steam Input API 지원|스테레오 사운드|서라운드 사운드|Steam Cloud|가족 공유,싱글 플레이어|멀티플레이어|협동|온라인 협동,22,2022년 10월 18일,Triiodide Studios,Triiodide Studios,https://shared.akamai.steamstatic.com/store_item_assets/steam/apps/2141730/header.jpg?t=1780282746,"1~6인용 사실적인 비주얼의 협동 호러. 절차적으로 생성되는 11개 레벨을 헤쳐나가며, 가진 것을 활용해 Backrooms 깊숙이 생존하세요."
4132330,Pizza House Simulator🍕,False,14000,10500,25,8,매우 긍정적,326,0.8558,캐주얼|인디|시뮬레이션|전략,싱글 플레이어|멀티플레이어|협동|온라인 협동|Steam 도전 과제|통계|가족 공유,싱글 플레이어|멀티플레이어|협동|온라인 협동,19,2026년 8월 19일,Broken Lyre Entertainment|Wendigo Games,Devotion Interactive,https://shared.akamai.steamstatic.com/store_item_assets/steam/apps/4132330/f7e10419b196f7a814eb941ee88f8a648ae7d459/header.jpg?t=1787256029,"Run your dream pizzeria solo or with up to 6 players in chaotic online co-op multiplayer. Cook authentic pizzas, automate your kitchen, customize your restaurant, survive disasters, invest in stocks, gamble and build the ultimate Italian restaurant empire."
880940,Pummel Party,False,16500,16500,0,8,매우 긍정적,57751,0.8857,액션|캐주얼|인디,싱글 플레이어|멀티플레이어|PvP|온라인 PvP|스크린 공유 및 분할 PvP|공유 및 분할 화면|Steam 도전 과제|컨트롤러 완벽 지원|Steam 창작마당|레벨 에디터 포함|Remote Play 휴대전화|Remote Play 태블릿|Remote Play TV|Remote Play Together|가족 공유,싱글 플레이어|멀티플레이어|PvP,11,2018년 9월 20일,Rebuilt Games,Rebuilt Games,https://shared.akamai.steamstatic.com/store_item_assets/steam/apps/880940/header.jpg?t=1725311353,Pummel Party는 4~8명의 플레이어가 온라인 및 로컬로 플레이하는 멀티 플레이어 파티 게임입니다. 보드 모드에서 여러 터무니없는 아이템을 사용해 친구나 인공지능을 쳐부수고 독특한 미니 게임 컬렉션에서 우정 파괴 대전을 펼치세요.
2622380,ELDEN RING 밤의 통치자,False,49800,49800,0,8,매우 긍정적,190208,0.8171,액션|RPG,싱글 플레이어|멀티플레이어|협동|온라인 협동|Steam 도전 과제|컨트롤러 완벽 지원|카메라 움직임 조정|음량 개별 조절|게임패드 권장|퀵타임 이벤트 없이 플레이 가능|DUALSHOCK 컨트롤러 지원|DUALSHOCK 컨트롤러 지원|DualSense 컨트롤러 지원|DualSense 컨트롤러 지원|Steam Input API 지원|스테레오 사운드|서라운드 사운드|Steam Cloud|가족 공유,싱글 플레이어|멀티플레이어|협동|온라인 협동,15,2025년 5월 29일,"FromSoftware, Inc.","FromSoftware, Inc.|Bandai Namco Entertainment",https://shared.akamai.steamstatic.com/store_item_assets/steam/apps/2622380/header.jpg?t=1773099036,『ELDEN RING 밤의 통치자』는 ELDEN RING 세계관을 이용해 게임의 핵심 디자인을 재구축하여 플레이어에게 새로운 게임 체험을 전달하고자 하는 신작 어드벤처 게임입니다.
346110,ARK: Survival Evolved,False,16500,10890,34,8,매우 긍정적,776390,0.8334,액션|어드벤처|인디|대규모 멀티플레이어|RPG,싱글 플레이어|멀티플레이어|MMO|협동|Steam 도전 과제|컨트롤러 완벽 지원|Steam 창작마당|Steam Cloud|Valve Anti-Cheat 사용|레벨 에디터 포함|Remote Play 태블릿|가족 공유,싱글 플레이어|멀티플레이어|협동,21,2017년 8월 27일,Studio Wildcard|Instinct Games|Efecto Studios|Virtual Basement LLC,Studio Wildcard|Snail Games USA,https://shared.akamai.steamstatic.com/store_item_assets/steam/apps/346110/header.jpg?t=1765677889,"Stranded on the shores of a mysterious island, you must learn to survive. Use your cunning to kill or tame the primeval creatures roaming the land, and encounter other players to survive, dominate... and escape!"
1659040,HITMAN World of Assassination,False,73500,29400,60,8,매우 긍정적,68498,0.8728,액션|어드벤처,싱글 플레이어|Steam 도전 과제|컨트롤러 완벽 지원|추적되는 컨트롤러 지원|VR 지원|VR 지원|음량 개별 조절|퀵타임 이벤트 없이 플레이 가능|DUALSHOCK 컨트롤러 지원|DUALSHOCK 컨트롤러 지원|DualSense 컨트롤러 지원|DualSense 컨트롤러 지원|스테레오 사운드|자막 옵션|서라운드 사운드|Steam Cloud|가족 공유,싱글 플레이어,9,2022년 1월 20일,IO Interactive A/S,IO Interactive A/S,https://shared.akamai.steamstatic.com/store_item_assets/steam/apps/1659040/ee5525740b5411879af81e5d98616abb7e617d5e/header_alt_assets_13.jpg?t=1787842920,"궁극의 암살자 세계로 여러분을 초대합니다. 'HITMAN 암살자의 세계'는 메인 캠페인, 계약 모드, 승급, 미스터리 목표 아케이드, 로그라이크에서 모티브를 얻은 HITMAN: Freelancer 및 HITMAN, HITMAN 2, HITMAN 3의 가장 뛰어난 장점만을 녹여냈습니다."
2142790,Fields of Mistria,False,15500,15500,0,9,압도적으로 긍정적,33540,0.9716,인디|RPG|시뮬레이션,싱글 플레이어|컨트롤러 완벽 지원|DUALSHOCK 컨트롤러 지원|DualSense 컨트롤러 지원|DualSense 컨트롤러 지원|Steam Cloud|가족 공유,싱글 플레이어,1,2026년 8월 5일,NPC Studio,NPC Studio,https://shared.akamai.steamstatic.com/store_item_assets/steam/apps/2142790/38313105cdcda9295fed4b124e5f5437872d35b4/header_alt_assets_4.jpg?t=1785944891,"새로운 삶을 꾸려보세요! 꿈의 농장을 짓고 가능성으로 가득 찬 세상을 발견하세요. 향수를 불러일으키는 농장 / 라이프 시뮬레이션 RPG에서 마법, 로맨스, 모험이 여러분을 기다리고 있습니다!"
2827750,페이탈 클로,False,27000,21600,20,8,매우 긍정적,258,0.8992,액션|어드벤처|인디,싱글 플레이어|Steam 도전 과제|컨트롤러 완벽 지원|음량 개별 조절|난이도 조정|수시 저장|Steam Cloud|가족 공유,싱글 플레이어,10,2026년 8월 26일,NDEV GAMES,Com2us Holdings,https://shared.akamai.steamstatic.com/store_item_assets/steam/apps/2827750/d7d0e546e2ed7a1cd07f3abfdc2b65f140201b24/header.jpg?t=1787727739,"FatalClaw는 생동감 넘치는 2D로 구현된 메트로 배니아 게임입니다. 선조들의 도움으로 부활한 고양이 ""키샤""와 함께 신비롭고 미스터리로 가득 찬 봉인된 지하세계를 자신만의 방식으로 탐험하고 감염된 강력한 적들의 능력을 흡수해 생존자들과 함께 지상으로 나갈 열쇠를 찾으세요."
4012810,STEINS;GATE RE:BOOT,False,61500,55350,10,8,매우 긍정적,734,0.8678,어드벤처|캐주얼,싱글 플레이어|Steam 도전 과제|컨트롤러 일부 지원|가족 공유,싱글 플레이어,4,2026년 8월 19일,MAGES. Inc.,"Spike Chunsoft Co., Ltd.",https://shared.akamai.steamstatic.com/store_item_assets/steam/apps/4012810/07418d40a3fdd2f403bfa506f50051f4254fa02a/header.jpg?t=1787210343,"STEINS;GATE returns! Rebooted for the modern era! Featuring fully updated visuals, UI, and an all-new story that breathes new life into the streets of Akihabara."
3768760,007 퍼스트 라이트,False,79000,79000,0,8,매우 긍정적,44601,0.9146,액션|어드벤처,싱글 플레이어|Steam 도전 과제|컨트롤러 완벽 지원|카메라 움직임 조정|음량 개별 조절|난이도 조정|DualSense 컨트롤러 지원|DualSense 컨트롤러 지원|자막 옵션|Steam Cloud|가족 공유,싱글 플레이어,14,2026년 5월 26일,IO Interactive A/S,IO Interactive A/S,https://shared.akamai.steamstatic.com/store_item_assets/steam/apps/3768760/6646220d04fce26fc441f589e8f98d66c9e33b9c/header_alt_assets_2.jpg?t=1786116490,"최고의 요원이 되어 보세요. 007 퍼스트 라이트 는 IO Interactive가 개발한 스릴 넘치는 첩보 액션 어드벤처 게임입니다. 젊고 유능하지만 가끔씩 무모해지는 영국 비밀정보국 훈련 프로그램의 신입, 제임스 본드를 따라 세계에서 가장 유명한 첩보 요원의 탄생 스토리를 확인해 보세요."
2384580,진・삼국무쌍: ORIGINS,False,79800,79800,0,8,매우 긍정적,30059,0.9328,액션|RPG|전략,싱글 플레이어|Steam 도전 과제|컨트롤러 완벽 지원|Steam 트레이딩 카드|색상 대체|음량 개별 조절|난이도 조정|스테레오 사운드|서라운드 사운드|Steam Cloud|HDR 사용 가능|가족 공유,싱글 플레이어,10,2025년 1월 16일,"KOEI TECMO GAMES CO., LTD.","KOEI TECMO GAMES CO., LTD.",https://shared.akamai.steamstatic.com/store_item_assets/steam/apps/2384580/header_koreana.jpg?t=1775536473,"압도적인 전장의 일기당천 상쾌 액션! 이름 없는 영웅이 그리는 삼국지, 「진・삼국무쌍」 시리즈 신작."
2492670,METAL GEAR SOLID 4: Guns of the Patriots - Master Collection Version,False,36000,36000,0,9,압도적으로 긍정적,1082,0.9538,액션|어드벤처,싱글 플레이어|Steam 도전 과제|컨트롤러 완벽 지원|Steam 트레이딩 카드|음량 개별 조절|난이도 조정|DUALSHOCK 컨트롤러 지원|DUALSHOCK 컨트롤러 지원|DualSense 컨트롤러 지원|DualSense 컨트롤러 지원|스테레오 사운드|서라운드 사운드|Steam Cloud|가족 공유,싱글 플레이어,6,2026년 8월 27일,KONAMI,KONAMI,https://shared.akamai.steamstatic.com/store_item_assets/steam/apps/2492670/458033bb7aad4e6b8a61af0f7798d23db2683864/header.jpg?t=1787835863,Solid Snake의 마지막 미션 Big Shell incident으로부터 5년 뒤 PMCs (Private Military Contractors)의 대두로 전쟁이 비즈니스로 변모한 시대. Liquid Ocelot의 궐기를 저지하기 위해 전설의 영웅인 Solid Snake가 최후의 싸움에 도전한다.
2526380,Sword of Convallaria,True,0,0,0,6,대체로 긍정적,4798,0.7518,RPG|전략|무료 플레이,싱글 플레이어|컨트롤러 완벽 지원|앱 내 구매|DUALSHOCK 컨트롤러 지원|DUALSHOCK 컨트롤러 지원|DualSense 컨트롤러 지원|DualSense 컨트롤러 지원|가족 공유,싱글 플레이어,5,2024년 7월 31일,XD,XD,https://shared.akamai.steamstatic.com/store_item_assets/steam/apps/2526380/header.jpg?t=1769103220,뉴클래식 SRPG [소드 오브 콘발라리아]는 중세 판타지 세계관을 배경으로 한 하이퀄리티 픽셀 아트와 깊이 있는 전략 플레이를 통해 한층 업그레이드된 SRPG의 재미와 감동을 선사합니다. 향수와 추억이 가득 담긴 클래식한 픽셀 그래픽과 최신 3D 기술과의 절묘한 만남!
2807960,Battlefield™ 6,False,80000,80000,0,5,복합적,364558,0.64,액션,싱글 플레이어|멀티플레이어|PvP|온라인 PvP|크로스 플랫폼 멀티플레이어|Steam 도전 과제|컨트롤러 완벽 지원|앱 내 구매|카메라 움직임 조정|음성 채팅 텍스트 변환|텍스트 채팅 음성 변환|색상 대체|음량 개별 조절|난이도 조정|키보드 전용 옵션|퀵타임 이벤트 없이 플레이 가능|DUALSHOCK 컨트롤러 지원|DualSense 컨트롤러 지원|DualSense 컨트롤러 지원|스테레오 사운드|자막 옵션|서라운드 사운드|Steam Cloud|HDR 사용 가능,싱글 플레이어|멀티플레이어|PvP,13,2025년 10월 10일,Battlefield Studios,Electronic Arts,https://shared.akamai.steamstatic.com/store_item_assets/steam/apps/2807960/c12d12ce3c7d217398d3fcad77427bfc9d57c570/header.jpg?t=1787669881,"최고의 전면전을 경험하세요. 전차, 전투기, 거대한 병기로 가득한 전쟁에서 가장 치명적인 무기는 여러분의 분대입니다."
3489700,스텔라 블레이드™,False,62800,62800,0,8,매우 긍정적,93660,0.9374,액션|어드벤처|RPG,싱글 플레이어|Steam 도전 과제|컨트롤러 완벽 지원|Steam 트레이딩 카드|텍스트 크기 조정|카메라 움직임 조정|색상 대체|음량 개별 조절|난이도 조정|퀵타임 이벤트 없이 플레이 가능|DUALSHOCK 컨트롤러 지원|DUALSHOCK 컨트롤러 지원|DualSense 컨트롤러 지원|DualSense 컨트롤러 지원|Steam Input API 지원|스테레오 사운드|자막 옵션|서라운드 사운드|Steam Cloud|통계|HDR 사용 가능|가족 공유,싱글 플레이어,22,2025년 6월 11일,SHIFT UP Corporation,PlayStation Publishing LLC (excluding China),https://shared.akamai.steamstatic.com/store_item_assets/steam/apps/3489700/header_koreana.jpg?t=1776466244,"포스트 아포칼립스 액션 어드벤처, 스텔라 블레이드™에서 멸종 위기의 인류를 구원하세요. 지구 몰락의 비밀을 풀며 맹렬한 전투와 뜻밖의 스토리를 경험하세요."
2589500,위스퍼 오브 더 하우스: 잠꼬대마을 이야기,False,16500,13200,20,9,압도적으로 긍정적,5546,0.9695,어드벤처|캐주얼|인디|시뮬레이션,싱글 플레이어|Steam 도전 과제|컨트롤러 일부 지원|Steam Cloud|가족 공유,싱글 플레이어,9,2025년 8월 27일,元气弹工作室(GD Studio),元气弹工作室(GD Studio)|LoongGate,https://shared.akamai.steamstatic.com/store_item_assets/steam/apps/2589500/b583875b613ec65128b603fe2a02efcbac180418/header_alt_assets_3_koreana.jpg?t=1787795288,"《위스퍼 오브 더 하우스: 잠꼬대마을 이야기》는 정리와 꾸미기를 주제로 하는 아늑한 힐링 게임입니다. 마을 주민들의 이사, 정리, 청소를 돕는 다양한 의뢰를 수행하세요. 여러분의 부드러운 손길이 그들의 삶에 변화를 가져오고, 어쩌면 마을에 숨겨진 비밀스러운 이야기도 발견하게 될지 모릅니다."
3636770,Servant of the Lake,False,8700,8700,0,9,압도적으로 긍정적,6579,0.986,어드벤처|인디,싱글 플레이어|Steam 도전 과제|Steam Cloud|가족 공유,싱글 플레이어,23,2026년 8월 13일,Rusty Lake,Rusty Lake,https://shared.akamai.steamstatic.com/store_item_assets/steam/apps/3636770/b744b35a64a8d04a3421b0f011113c0342789055/header.jpg?t=1787167955,으스스한 Vanderboom 저택의 하인으로 첫 출근하는 날입니다. 러스티 레이크 시리즈의 신규 싱글플레이어 포인트앤클릭 어드벤처인 Servant of the Lake에서 퍼즐을 풀고 가문을 모시고 연금술의 어두운 비밀을 밝혀주세요.
4421010,Bills Must Be Paid,False,7600,7600,0,9,압도적으로 긍정적,8516,0.9691,액션|캐주얼|인디|시뮬레이션|전략,싱글 플레이어|Steam 도전 과제|컨트롤러 완벽 지원|카메라 움직임 조정|색상 대체|음량 개별 조절|#category_playable_at_your_own_pace|퀵타임 이벤트 없이 플레이 가능|DUALSHOCK 컨트롤러 지원|DUALSHOCK 컨트롤러 지원|DualSense 컨트롤러 지원|DualSense 컨트롤러 지원|수시 저장|Steam Cloud|가족 공유,싱글 플레이어,10,2026년 7월 29일,Rike Games,Rike Games,https://shared.akamai.steamstatic.com/store_item_assets/steam/apps/4421010/fc7d507e465320493fbf224b54d769c043601390/header.jpg?t=1787749429,"너는 빈털터리다, 저금통을 박살내라, 고지서는 반드시 납부해야 한다. 짧고 액티브한 인크리멘탈 게임. 돈을 모으고, 업그레이드하고, 빚에서 벗어나라!"
949230,Cities: Skylines II,False,55000,55000,0,5,복합적,91924,0.557,시뮬레이션,싱글 플레이어|Steam 도전 과제|컨트롤러 완벽 지원|Steam Cloud|가족 공유,싱글 플레이어,12,2023년 10월 24일,Iceflake Studios|Colossal Order,Paradox Interactive,https://shared.akamai.steamstatic.com/store_item_assets/steam/apps/949230/header.jpg?t=1782861918,역대 가장 현실적인 도시 건설 게임의 허허벌판에 도시를 세워 메트로폴리스로 키워보세요. 창의력과 문제 해결 능력을 한층 더 자극하게 됩니다. 정교한 시뮬레이션과 살아 숨 쉬는 경제를 활용해 제한 없이 나만의 세계를 그려보세요.
4244510,프랫폴,False,8400,8400,0,8,매우 긍정적,3124,0.9052,액션|어드벤처|인디,싱글 플레이어|멀티플레이어|협동|온라인 협동|Steam 도전 과제|컨트롤러 완벽 지원|Steam 창작마당|텍스트 크기 조정|카메라 움직임 조정|음량 개별 조절|#category_playable_at_your_own_pace|퀵타임 이벤트 없이 플레이 가능|DUALSHOCK 컨트롤러 지원|DUALSHOCK 컨트롤러 지원|DualSense 컨트롤러 지원|DualSense 컨트롤러 지원|스테레오 사운드|Steam Cloud|Steam 순위표|가족 공유,싱글 플레이어|멀티플레이어|협동|온라인 협동,14,2026년 4월 20일,Quad Head,Quad Head,https://shared.akamai.steamstatic.com/store_item_assets/steam/apps/4244510/d0865ad5304f9c87c60238ad3752c1ec08de5469/header_koreana.jpg?t=1784880390,"사라진 반려견을 찾아 위험한 동굴 속으로 떨어지고, 땅을 파고, 폭발을 일으키며 아래로 계속 내려가세요. 함정과 위험 요소, 치명적인 중력으로 가득한 협동 게임에서 친구들과 함께 조심스럽게 걸음을 옮기세요. 미지의 세계로 뛰어들어 반려견을 구조할 수 있을까요?"
529340,Victoria 3,False,55000,55000,0,6,대체로 긍정적,60943,0.7034,시뮬레이션|전략,싱글 플레이어|멀티플레이어|PvP|온라인 PvP|크로스 플랫폼 멀티플레이어|Steam 도전 과제|Steam 창작마당|색상 대체|음량 개별 조절|난이도 조정|키보드 전용 옵션|마우스 전용 옵션|퀵타임 이벤트 없이 플레이 가능|수시 저장|스테레오 사운드|서라운드 사운드|Steam Cloud|가족 공유,싱글 플레이어|멀티플레이어|PvP,11,2022년 10월 25일,Paradox Development Studio,Paradox Interactive,https://shared.akamai.steamstatic.com/store_item_assets/steam/apps/529340/header.jpg?t=1782399029,Paradox Development Studio가 흥미진진한 격변의 19세기 속에서 나만의 이상 사회를 만들 수 있는 세계로 여러분을 초대합니다. Paradox 역사상 최고의 기대를 받고 있는 게임 중 하나인 Victoria 3에서 사회 내 상충하는 다양한 이해관계를 조정하고 눈부신 역사를 만들어보세요.
3196440,Vacation Cafe Simulator,False,21000,16800,20,8,매우 긍정적,585,0.8667,캐주얼|인디|시뮬레이션,싱글 플레이어|멀티플레이어|협동|온라인 협동|Steam 도전 과제|Steam Cloud|가족 공유,싱글 플레이어|멀티플레이어|협동|온라인 협동,12,2026년 8월 20일,Alice Games,Alice Games,https://shared.akamai.steamstatic.com/store_item_assets/steam/apps/3196440/399e3b9c7d919cf8293ea97a27ba6f1e2226bc03/header.jpg?t=1787659614,"아늑한 이탈리아 휴양 카페 🏖️ 타이머 없이, 스트레스 없이 😌 전통 요리를 만들고 🍝 업그레이드하고 커스터마이즈하세요 🏠 프로세코를 마시며 🥂 휴식하고, 꿈의 카페를 성장시키세요 ✨"
552990,World of Warships,True,0,0,0,6,대체로 긍정적,156242,0.764,액션|대규모 멀티플레이어|시뮬레이션|전략|무료 플레이,멀티플레이어|MMO|PvP|온라인 PvP|협동|온라인 협동|Steam 도전 과제|Steam 트레이딩 카드|앱 내 구매|텍스트 크기 조정|카메라 움직임 조정|색상 대체|음량 개별 조절|퀵타임 이벤트 없이 플레이 가능|Steam Cloud|가족 공유,멀티플레이어|협동|온라인 협동|PvP,18,2017년 11월 15일,Wargaming Group Limited,Wargaming Group Limited,https://shared.akamai.steamstatic.com/store_item_assets/steam/apps/552990/abbc679f780559a8fc4abb0f48c7862ee97c4b3d/header_alt_assets_14.jpg?t=1787820977,기습에 능한 구축함부터 거함거포의 상징인 전함 등 20세기 초반부터 등장한 800척의 다양한 군함을 직접 운용하여 치열한 해상 전투가 벌어지는 전장에 참전할 수 있는 기회를 놓치지 마십시오. 취향에 따라 군함 외관을 장식하고 강화 장치를 장착하여 해상을 정복해 보십시오!
1672970,Minecraft Dungeons,False,24900,12450,50,8,매우 긍정적,19143,0.9033,액션|어드벤처|RPG,싱글 플레이어|멀티플레이어|협동|온라인 협동|스크린 공유 및 분할 협동|공유 및 분할 화면|크로스 플랫폼 멀티플레이어|Steam 도전 과제|컨트롤러 완벽 지원|Steam 트레이딩 카드|가족 공유,싱글 플레이어|멀티플레이어|협동|온라인 협동,15,2021년 9월 22일,Mojang Studios|‪Double Eleven,Xbox Game Studios,https://shared.akamai.steamstatic.com/store_item_assets/steam/apps/1672970/header.jpg?t=1787063807,Minecraft 세계관에 고전 던전 크롤러 스타일로 구현한 흥미진진한 액션 어드벤처를 즐겨보세요!
1984270,디지몬 스토리 타임 스트레인저,False,69800,69800,0,8,매우 긍정적,22413,0.8946,RPG,싱글 플레이어|Steam 도전 과제|컨트롤러 완벽 지원|게임패드 권장|DUALSHOCK 컨트롤러 지원|DUALSHOCK 컨트롤러 지원|DualSense 컨트롤러 지원|DualSense 컨트롤러 지원|Steam Cloud|가족 공유,싱글 플레이어,11,2025년 10월 2일,Media.Vision Inc.,Bandai Namco Entertainment Inc.,https://shared.akamai.steamstatic.com/store_item_assets/steam/apps/1984270/c48b5fb089cba616eb0c8c7b1db067456b28a54e/header_koreana.jpg?t=1787032079,"「디지몬 스토리」 시리즈 최신작이 드디어 등장.이번 작품은 세계 붕괴의 비밀을 추적하면서 인간 세계와 이세계를 넘나들며 모험하고 다양한 디지몬을 수집, 육성하는 RPG입니다."
2001120,Split Fiction,False,56000,56000,0,9,압도적으로 긍정적,126176,0.9694,액션|어드벤처,멀티플레이어|협동|온라인 협동|스크린 공유 및 분할 협동|공유 및 분할 화면|크로스 플랫폼 멀티플레이어|Steam 도전 과제|컨트롤러 완벽 지원|Steam 트레이딩 카드|캡션 이용 가능|카메라 움직임 조정|색상 대체|DUALSHOCK 컨트롤러 지원|DualSense 컨트롤러 지원|DualSense 컨트롤러 지원|스테레오 사운드|서라운드 사운드|Steam Cloud|Remote Play Together|HDR 사용 가능|가족 공유,멀티플레이어|협동|온라인 협동,11,2025년 3월 6일,Hazelight Studios,Electronic Arts,https://shared.akamai.steamstatic.com/store_item_assets/steam/apps/2001120/header.jpg?t=1763484567,경계를 넘나드는 협동 어드벤처 Split Fiction에서 다양한 세계를 경험하며 놀라운 순간을 만끽하세요.
2399420,Le Mans Ultimate,False,55000,55000,0,6,대체로 긍정적,19792,0.7879,레이싱|시뮬레이션|스포츠,싱글 플레이어|멀티플레이어|PvP|온라인 PvP|협동|온라인 협동|VR 지원|컨트롤러 일부 지원|가족 공유,싱글 플레이어|멀티플레이어|협동|온라인 협동|PvP,10,2025년 7월 22일,Studio 397,Studio 397,https://shared.akamai.steamstatic.com/store_item_assets/steam/apps/2399420/f510badbf573eecdf529ae735a49331f4b9919be/header.jpg?t=1786718804,"Step into the world of endurance racing and race on the official game of the FIA World Endurance Championship and 24 Hours of Le Mans. Race the latest Hypercars, LMGT3, LMP2 and GTE machinery on laser-scanned circuits with dynamic weather, ranked online competition, asynchronous Co-op and VR."
2215430,Ghost of Tsushima 디렉터스 컷,False,62800,62800,0,8,매우 긍정적,95895,0.9393,액션|어드벤처,싱글 플레이어|멀티플레이어|PvP|온라인 PvP|협동|온라인 협동|Steam 도전 과제|컨트롤러 완벽 지원|Steam 트레이딩 카드|텍스트 크기 조정|카메라 움직임 조정|색상 대체|음량 개별 조절|난이도 조정|퀵타임 이벤트 없이 플레이 가능|DUALSHOCK 컨트롤러 지원|DUALSHOCK 컨트롤러 지원|DualSense 컨트롤러 지원|DualSense 컨트롤러 지원|수시 저장|Steam Input API 지원|스테레오 사운드|자막 옵션|서라운드 사운드|Steam Cloud|HDR 사용 가능|가족 공유,싱글 플레이어|멀티플레이어|협동|온라인 협동|PvP,26,2024년 5월 16일,Sucker Punch Productions|Nixxes Software,PlayStation Publishing LLC,https://shared.akamai.steamstatic.com/store_item_assets/steam/apps/2215430/header.jpg?t=1763409398,"폭풍이 몰려옵니다. PC에서 완전한 Ghost of Tsushima 디렉터스 컷의 세계로 모험을 떠나세요. 이 오픈 월드 액션 어드벤처 게임에서 나만의 길을 개척하고 숨겨진 경이를 발견하세요. Sucker Punch Productions, Nixxes Software 및 PlayStation Studios가 제공합니다."
1874880,Arma Reforger,False,44900,31430,30,6,대체로 긍정적,56695,0.798,액션|시뮬레이션|전략,싱글 플레이어|멀티플레이어|PvP|온라인 PvP|협동|온라인 협동|크로스 플랫폼 멀티플레이어|Steam 도전 과제|컨트롤러 완벽 지원|캡션 이용 가능|Steam Cloud,싱글 플레이어|멀티플레이어|협동|온라인 협동|PvP,13,2023년 11월 16일,Bohemia Interactive,Bohemia Interactive,https://shared.akamai.steamstatic.com/store_item_assets/steam/apps/1874880/header.jpg?t=1779966148,"대규모 복합 전투에 참여하고, 실시간 미션을 만들고 진행하고, 끝없는 커뮤니티 모드로 나만의 경험을 만들어 가세요. 냉전 시대로 투입되어 가장 사실적이고 몰입도 높은 군사 샌드박스를 경험해 보세요."
4113940,Sovereign Tower,False,24500,24500,0,8,매우 긍정적,2804,0.928,인디|RPG,싱글 플레이어|Steam 도전 과제|컨트롤러 완벽 지원|음량 개별 조절|#category_playable_at_your_own_pace|퀵타임 이벤트 없이 플레이 가능|DUALSHOCK 컨트롤러 지원|DUALSHOCK 컨트롤러 지원|DualSense 컨트롤러 지원|DualSense 컨트롤러 지원|수시 저장|Steam Cloud|가족 공유,싱글 플레이어,6,2026년 8월 6일,WILD WITS GAMES,Curve Games,https://shared.akamai.steamstatic.com/store_item_assets/steam/apps/4113940/1ddf28e27d7c8dcc7474171358ef64cc90eabc71/header.jpg?t=1787066893,"풍부한 스토리를 자랑하는 원탁 기사단 경영 RPG에서 마법의 탑을 다스리는 군주가 되어 보세요. 개성 넘치는 기사들을 모집하고, 임무를 부여하고, 기사들의 자존심을 다스리며 왕국의 운명을 개척해 나가세요. 운명이 뜻대로 되지 않는다면, 시간을 되돌리고, 비밀을 밝혀내고, 운명을 끊임없이 다시 써내려갈 수 있습니다."
550,Left 4 Dead 2,False,11000,11000,0,9,압도적으로 긍정적,1055597,0.9752,액션,싱글 플레이어|멀티플레이어|PvP|온라인 PvP|협동|온라인 협동|Steam 도전 과제|컨트롤러 완벽 지원|Steam 트레이딩 카드|캡션 이용 가능|Steam 창작마당|카메라 움직임 조정|색상 대체|음량 개별 조절|난이도 조정|퀵타임 이벤트 없이 플레이 가능|DUALSHOCK 컨트롤러 지원|DUALSHOCK 컨트롤러 지원|DualSense 컨트롤러 지원|DualSense 컨트롤러 지원|Steam Input API 지원|스테레오 사운드|서라운드 사운드|Steam Cloud|Valve Anti-Cheat 사용|통계|Source SDK 포함|코멘터리 제공|Remote Play 휴대전화|Remote Play 태블릿|Remote Play TV|Remote Play Together|가족 공유|Steam 타임라인,싱글 플레이어|멀티플레이어|협동|온라인 협동|PvP,28,2009년 11월 16일,Valve,Valve,https://shared.akamai.steamstatic.com/store_item_assets/steam/apps/550/header.jpg?t=1772742214,"Set in the zombie apocalypse, Left 4 Dead 2 is a co-operative action horror FPS takes you and your friends through the cities, swamps and cemeteries of the Deep South, from Savannah to New Orleans across five expansive campaigns."
440,Team Fortress 2,True,0,0,0,8,매우 긍정적,1248723,0.9103,액션|무료 플레이,멀티플레이어|크로스 플랫폼 멀티플레이어|Steam 도전 과제|Steam 트레이딩 카드|캡션 이용 가능|Steam 창작마당|앱 내 구매|카메라 움직임 조정|색상 대체|음량 개별 조절|스테레오 사운드|서라운드 사운드|컨트롤러 일부 지원|Valve Anti-Cheat 사용|통계|레벨 에디터 포함|코멘터리 제공|Remote Play 휴대전화|Remote Play 태블릿,멀티플레이어,27,2007년 10월 10일,Valve,Valve,https://shared.akamai.steamstatic.com/store_item_assets/steam/apps/440/header.jpg?t=1757348372,"다양한 전술적 능력과 뚜렷한 개성을 갖춘 9가지 병과의 캐릭터를 플레이하세요. 끊임없이 업데이트되는 새로운 게임 모드, 맵, 장비 그리고 가장 중요한 모자까지 지금 바로 즐겨보세요!"
4115450,Phantom Blade Zero,False,69800,69800,0,0,사용자 평가 없음,0,0.0,액션|RPG,싱글 플레이어|Steam 도전 과제|컨트롤러 완벽 지원|텍스트 크기 조정|음량 개별 조절|난이도 조정|게임패드 권장|DUALSHOCK 컨트롤러 지원|DUALSHOCK 컨트롤러 지원|DualSense 컨트롤러 지원|DualSense 컨트롤러 지원|Steam Input API 지원|스테레오 사운드|자막 옵션|Steam Cloud|가족 공유,싱글 플레이어,15,2026년 10월 28일,S-GAME Studio,S-GAME Publishing,https://shared.akamai.steamstatic.com/store_item_assets/steam/apps/4115450/7f882f889630270d3d3fb93825ac6f55b55e7a6c/header.jpg?t=1787142639,"「팬텀 블레이드 제로」는 S-GAME이 개발, 발행하고 언리얼 엔진5로 제작된 다크 무협 ARPG입니다. 치명상을 입은 검객에게 남은 시간 단 66일. 죽음의 도주에서 무림의 거대한 음모를 밝혀내고, 규율이 무너진 혼돈 속에서 무도를 증명하고 자아와 진실을 되찾으세요."
568220,Lobotomy Corporation | Monster Management Simulation,False,26000,26000,0,8,매우 긍정적,56759,0.9422,인디|시뮬레이션,싱글 플레이어|가족 공유,싱글 플레이어,11,2018년 4월 9일,ProjectMoon,ProjectMoon,https://shared.akamai.steamstatic.com/store_item_assets/steam/apps/568220/header.jpg?t=1636694188,당신이 상상할 수 없을 온갖 종류의 괴물들. 여러분은 괴물들을 격리시키는 로보토미사의 관리자가 되어 다양한 종류의 괴물들을 관리하게 됩니다. 여러분은 직원들에게 명령을 시키고 그 결과를 지켜볼 수 있을 겁니다. 환상체들로 부터 에너지를 모아 시설을 확장하고 더 많은 괴물들을 관리하세요.
892970,Valheim,False,32000,32000,0,8,매우 긍정적,540907,0.9399,액션|어드벤처|인디|RPG|앞서 해보기,싱글 플레이어|멀티플레이어|협동|온라인 협동|컨트롤러 완벽 지원|카메라 움직임 조정|음량 개별 조절|난이도 조정|수시 저장|스테레오 사운드|Steam Cloud|Remote Play 태블릿|가족 공유,싱글 플레이어|멀티플레이어|협동|온라인 협동,14,2021년 2월 2일,Iron Gate AB,Coffee Stain Publishing,https://shared.akamai.steamstatic.com/store_item_assets/steam/apps/892970/de0bdcf6c008c508a79d8e75eb91fc67f4bebd5d/header.jpg?t=1786012504,북구 신화와 바이킹 문화에 기반한 판타지 세계를 배경으로 펼쳐지는 생존 및 탐험 게임.
105600,Terraria,False,11000,11000,0,9,압도적으로 긍정적,1549666,0.9738,액션|어드벤처|인디|RPG,싱글 플레이어|멀티플레이어|PvP|온라인 PvP|협동|온라인 협동|Steam 도전 과제|컨트롤러 완벽 지원|Steam 트레이딩 카드|Steam Cloud|Remote Play 휴대전화|Remote Play 태블릿|Remote Play TV|가족 공유,싱글 플레이어|멀티플레이어|협동|온라인 협동|PvP,9,2011년 5월 16일,Re-Logic,Re-Logic,https://shared.akamai.steamstatic.com/store_item_assets/steam/apps/105600/header.jpg?t=1769844435,"Dig, fight, explore, build! Nothing is impossible in this action-packed adventure game. Four Pack also available!"
3985950,윤회 보험사 R.I.P.,False,18600,18600,0,6,대체로 긍정적,2778,0.7664,액션|어드벤처|캐주얼|앞서 해보기,싱글 플레이어|Steam 도전 과제|Steam 트레이딩 카드|컨트롤러 일부 지원|Steam Cloud|가족 공유,싱글 플레이어,7,2026년 1월 25일,WarmCore Studio,2P Games,https://shared.akamai.steamstatic.com/store_item_assets/steam/apps/3985950/33df850a0c47f5afb02ba2ed8efdf0e95f623a2d/header_alt_assets_4_koreana.jpg?t=1787645550,"윤회 보험사 R.I.P. 에 합류하신 것을 환영합니다! 디아블로식 파밍과 뱀서라이크의 핵 앤 슬래시를 결합한 탑다운 로그라이트 슈터입니다. 프로그램 요원이 되어 주신 기술과 전설 무기로 화면을 가득 채운 좀비를 정화하며, 파밍을 통해 자신만의 강력한 스타일을 만들어 나가세요. 퇴근 찍는 거 잊지 마시고, 죽더라도 멈추지 마세요!"
2827200,미메시스,False,11000,11000,0,8,매우 긍정적,10286,0.8444,액션|어드벤처|캐주얼|인디|앞서 해보기,멀티플레이어|협동|온라인 협동|컨트롤러 완벽 지원|DUALSHOCK 컨트롤러 지원|DUALSHOCK 컨트롤러 지원|DualSense 컨트롤러 지원|DualSense 컨트롤러 지원|Steam Cloud|가족 공유,멀티플레이어|협동|온라인 협동,18,2025년 10월 27일,"ReLU Games, Inc.","ReLU Games, Inc.|KRAFTON, Inc.",https://shared.akamai.steamstatic.com/store_item_assets/steam/apps/2827200/8a2a6edc97fbf23ea6941974bdf4ed9a6ab34eb4/header.jpg?t=1787626772,4인의 플레이어가 함께하는 생존 공포 게임. 저주받은 비가 내리면 동료를 완벽히 흉내 내는 '미메시스'가 등장해 이제껏 경험하지 못했던 새로운 차원의 긴장감을 제공합니다.
1203620,인슈라오디드 (Enshrouded),False,31000,31000,0,8,매우 긍정적,104937,0.858,액션|어드벤처|인디|RPG|앞서 해보기,싱글 플레이어|멀티플레이어|협동|온라인 협동|Steam 도전 과제|컨트롤러 완벽 지원|텍스트 크기 조정|카메라 움직임 조정|색상 대체|음량 개별 조절|난이도 조정|DUALSHOCK 컨트롤러 지원|DUALSHOCK 컨트롤러 지원|DualSense 컨트롤러 지원|DualSense 컨트롤러 지원|스테레오 사운드|Steam Cloud|가족 공유,싱글 플레이어|멀티플레이어|협동|온라인 협동,15,2024년 1월 24일,Keen Games GmbH,Keen Games GmbH,https://shared.akamai.steamstatic.com/store_item_assets/steam/apps/1203620/062c788d22ecf236269da0f115150c0d3b7055a4/header.jpg?t=1782800102,"불꽃 속에서 태어난 당신은 사라져가는 종족의 마지막 희망의 불꽃입니다. 깨어나십시오. 타락한 안개의 공포에서 살아남으십시오. 그리고 잃어버린 왕국의 아름다움을 되찾으십시오. 광활한 세상을 향해 여정을 떠나고, 극도의 보스들을 물리치고, 웅장한 성을 짓고, 최대 16명의 플레이어를 위한 이 협동 서바이벌 액션 RPG에서 당신의 길을 개척하세요."
2958130,쥬라기 월드 에볼루션 3,False,63000,63000,0,8,매우 긍정적,13317,0.9338,시뮬레이션|전략,싱글 플레이어|Steam 도전 과제|컨트롤러 완벽 지원|Steam 트레이딩 카드|카메라 움직임 조정|색상 대체|#category_contrast_controls|음량 개별 조절|#category_playable_at_your_own_pace|퀵타임 이벤트 없이 플레이 가능|수시 저장|스테레오 사운드|자막 옵션|서라운드 사운드|Steam Cloud|HDR 사용 가능|가족 공유,싱글 플레이어,12,2025년 10월 21일,Frontier Developments,Frontier Developments,https://shared.akamai.steamstatic.com/store_item_assets/steam/apps/2958130/5d0e48e90bbf775d6d3f98edab2ff56b357204da/header_koreana.jpg?t=1786453396,"완전히 새로운 여러분만의 쥬라기 월드를 만들어 보세요. 여러 아성체의 등장과 함께 경외심을 불러일으키는 공룡 세대를 길러내고, 전 세계에 뻗어나가는 고생물 공원을 만들고 관리하며, 강력한 신규 창작 옵션으로 상상력을 마음껏 발휘해 보세요."
1435790,방 탈출 시뮬레이터,False,19900,19900,0,8,매우 긍정적,19333,0.9389,어드벤처|캐주얼|인디|시뮬레이션,싱글 플레이어|멀티플레이어|PvP|온라인 PvP|협동|온라인 협동|크로스 플랫폼 멀티플레이어|Steam 도전 과제|컨트롤러 완벽 지원|추적되는 컨트롤러 지원|VR 지원|Steam 트레이딩 카드|Steam 창작마당|DUALSHOCK 컨트롤러 지원|DUALSHOCK 컨트롤러 지원|DualSense 컨트롤러 지원|DualSense 컨트롤러 지원|Steam Input API 지원|Steam Cloud|통계|레벨 에디터 포함|가족 공유,싱글 플레이어|멀티플레이어|협동|온라인 협동|PvP,13,2021년 10월 19일,Pine Studio,Pine Studio,https://shared.akamai.steamstatic.com/store_item_assets/steam/apps/1435790/413708a2da512607f70bb22b29270359586c6e5f/header.jpg?t=1782813501,"Escape Simulator는 단독 또는 온라인 협동 플레이가 가능한 1인칭 퍼즐 게임입니다. 점점 더 많아지는, 고도의 상호 작용이 가능한 방탈출 세트를 탐험하세요. 가구를 옮기고, 모든 것을 집어 들고 검사하고, 냄비를 부수고 자물쇠를 부수세요! 레벨 편집기를 통해 커뮤니티가 만든 방을 지원합니다."
3041230,Windrose,False,32000,28800,10,8,매우 긍정적,52104,0.8696,액션|어드벤처|RPG|앞서 해보기,싱글 플레이어|멀티플레이어|협동|온라인 협동|컨트롤러 완벽 지원|음량 개별 조절|난이도 조정|퀵타임 이벤트 없이 플레이 가능|스테레오 사운드|Steam Cloud|가족 공유,싱글 플레이어|멀티플레이어|협동|온라인 협동,13,2026년 4월 14일,Kraken Express,Kraken Express|Pocketpair Publishing (Japan),https://shared.akamai.steamstatic.com/store_item_assets/steam/apps/3041230/7e838d87d787735d5d29d72777c5ee55653dfb2b/header.jpg?t=1783932953,"해적 시대로 PvE 생존 모험을 떠나보세요. 육지와 바다에서, 혼자서 혹은 친구들과 함께 싸우세요. 건설하고, 제작하고, 어두운 비밀이 가득한 광활한 오픈 월드를 탐험하세요. 라이트한 소울라이크 전투를 마스터하고 도전적인 보스에 맞서세요. 함선을 지휘하고 어마어마한 보물을 약탈하세요!"
223750,DCS World Steam Edition,True,0,0,0,8,매우 긍정적,40999,0.8501,시뮬레이션|무료 플레이,싱글 플레이어|멀티플레이어|PvP|온라인 PvP|LAN PvP|협동|온라인 협동|LAN 협동|추적되는 컨트롤러 지원|VR 지원|캡션 이용 가능|VR 지원|카메라 움직임 조정|색상 대체|음량 개별 조절|난이도 조정|키보드 전용 옵션|마우스 전용 옵션|퀵타임 이벤트 없이 플레이 가능|수시 저장|스테레오 사운드|서라운드 사운드|터치 전용 옵션|컨트롤러 일부 지원|레벨 에디터 포함,싱글 플레이어|멀티플레이어|협동|온라인 협동|PvP,7,2013년 8월 2일,Eagle Dynamics SA,Eagle Dynamics SA,https://shared.akamai.steamstatic.com/store_item_assets/steam/apps/223750/header.jpg?t=1784736456,"Feel the excitement of flying the Su-25T ""Frogfoot"" attack jet and the TF-51D ""Mustang"" in the free-to-play Digital Combat Simulator World!"
1801110,다른 겨울의 우리들,False,6250,6250,0,8,매우 긍정적,12982,0.915,액션|어드벤처|캐주얼|인디,멀티플레이어|협동|온라인 협동|LAN 협동|컨트롤러 완벽 지원|게임패드 권장|가족 공유,멀티플레이어|협동|온라인 협동,29,2023년 8월 9일,tokoronyori,Kodansha,https://shared.akamai.steamstatic.com/store_item_assets/steam/apps/1801110/header_koreana.jpg?t=1748672108,"""다른 겨울의 우리들""는 2인용 퍼즐 어드벤처 게임입니다. 집을 뛰쳐나온 두 소년이 되어 함께 힘을 합쳐 먼 곳으로 떠나보세요. 두 소년의 여정을 통해 어린 시절의 우정을 되살려보세요."
1962700,서브노티카 2,False,33700,33700,0,8,매우 긍정적,126351,0.9107,액션|어드벤처|앞서 해보기,싱글 플레이어|멀티플레이어|협동|온라인 협동|크로스 플랫폼 멀티플레이어|컨트롤러 완벽 지원|텍스트 크기 조정|카메라 움직임 조정|색상 대체|#category_contrast_controls|음량 개별 조절|난이도 조정|#category_playable_at_your_own_pace|퀵타임 이벤트 없이 플레이 가능|수시 저장|스테레오 사운드|자막 옵션|Steam Cloud|가족 공유,싱글 플레이어|멀티플레이어|협동|온라인 협동,11,2026년 5월 14일,Unknown Worlds Entertainment,Unknown Worlds Entertainment,https://shared.akamai.steamstatic.com/store_item_assets/steam/apps/1962700/header.jpg?t=1785967256,"서브노티카 2는 언노운 월즈(Unknown Worlds)의 서브노티카 시리즈의 신작으로, 새로운 외계 행성에서 펼쳐지는 수중 생존 어드벤처 게임입니다. 혼자서, 또는 최대 4인 협동 플레이로 기지를 건설하고 도구를 제작하면서 미지의 행성에서 살아남으세요. 바닷속을 탐험하며 그 비밀을 밝혀내세요."
1284210,Guild Wars 2®,True,0,0,0,8,매우 긍정적,29430,0.882,어드벤처|대규모 멀티플레이어|RPG|무료 플레이,멀티플레이어|MMO|PvP|온라인 PvP|협동|온라인 협동|앱 내 구매|가족 공유,멀티플레이어|협동|온라인 협동|PvP,4,2022년 8월 23일,ArenaNet®,ArenaNet®|NCSOFT,https://shared.akamai.steamstatic.com/store_item_assets/steam/apps/1284210/header.jpg?t=1782483330,"Guild Wars 2 is an award-winning online roleplaying game with fast-paced action combat, deep character customization, and no subscription fee required. Choose from an arsenal of professions and weapons, explore a vast open world, compete in PVP modes and more. Join over 16 million players now!"
2000950,Call of Duty®: Modern Warfare®,False,83900,83900,0,6,대체로 긍정적,44778,0.7898,액션,싱글 플레이어|멀티플레이어|PvP|온라인 PvP|협동|온라인 협동|크로스 플랫폼 멀티플레이어|Steam 도전 과제|컨트롤러 완벽 지원|앱 내 구매,싱글 플레이어|멀티플레이어|협동|온라인 협동|PvP,13,2023년 3월 8일,Infinity Ward|Beenox|High Moon Studios|Raven Software,Activision,https://shared.akamai.steamstatic.com/store_item_assets/steam/apps/2000950/header.jpg?t=1778886798,다양한 스펙 옵스 챌린지와 혼합된 멀티플레이어 맵 및 모드가 있는 최고의 온라인 게임에서 열광적인 캠페인을 경험하거나 팀을 구성하십시오.
1243830,Overcooked! All You Can Eat,False,41000,12300,70,6,대체로 긍정적,8188,0.729,캐주얼|인디|시뮬레이션|전략,싱글 플레이어|멀티플레이어|PvP|온라인 PvP|스크린 공유 및 분할 PvP|협동|온라인 협동|스크린 공유 및 분할 협동|공유 및 분할 화면|크로스 플랫폼 멀티플레이어|Steam 도전 과제|컨트롤러 완벽 지원|Remote Play Together|가족 공유,싱글 플레이어|멀티플레이어|협동|온라인 협동|PvP,13,2021년 3월 23일,Team17 Digital|Ghost Town Games,Team17 Digital,https://shared.akamai.steamstatic.com/store_item_assets/steam/apps/1243830/header.jpg?t=1780480509,Overcooked! 1과 2에서 60FPS의 부드러움을 4k 화질로 양파 왕국에서 제공하는 모든 걸 경험하세요. 처음부터 다시 새롭게 시작해보세요. 200개 이상(22개 추가)의 레벨과 80명 이상(3명 추가)의 요리사와 함께 경험할 수 있는 궁극의 Overcooked! 입니다.
3228590,Deadzone: Rogue,False,27000,13500,50,8,매우 긍정적,16398,0.8235,액션,싱글 플레이어|멀티플레이어|협동|온라인 협동|크로스 플랫폼 멀티플레이어|Steam 도전 과제|컨트롤러 완벽 지원|음량 개별 조절|난이도 조정|퀵타임 이벤트 없이 플레이 가능|DUALSHOCK 컨트롤러 지원|DualSense 컨트롤러 지원|스테레오 사운드|Steam Cloud|가족 공유,싱글 플레이어|멀티플레이어|협동|온라인 협동,14,2025년 8월 11일,Prophecy Games,Prophecy Games,https://shared.akamai.steamstatic.com/store_item_assets/steam/apps/3228590/e96bd8ad3067f931a3b8008c4453c58d0d2acd19/header.jpg?t=1784756793,"Deadzone: Rogue 는 우주를 배경으로 한 로그라이트 1인칭 슈팅 게임입니다. 적 기계 무리를 쓸어버리고, 강력한 증강과 원소를 조합해 나만의 빌드를 만들며, 플레이할 때마다 더 강해지세요 — 솔로나 협동 모드로."
3405690,EA SPORTS FC™ 26,False,22000,22000,0,5,복합적,103873,0.505,시뮬레이션|스포츠,싱글 플레이어|멀티플레이어|PvP|온라인 PvP|스크린 공유 및 분할 PvP|협동|온라인 협동|스크린 공유 및 분할 협동|공유 및 분할 화면|크로스 플랫폼 멀티플레이어|Steam 도전 과제|컨트롤러 완벽 지원|앱 내 구매|음성 채팅 텍스트 변환|난이도 조정|키보드 전용 옵션|DUALSHOCK 컨트롤러 지원|DualSense 컨트롤러 지원|DualSense 컨트롤러 지원|스테레오 사운드|자막 옵션|HDR 사용 가능,싱글 플레이어|멀티플레이어|협동|온라인 협동|PvP,21,2025년 9월 25일,EA Canada|EA Romania,Electronic Arts,https://shared.akamai.steamstatic.com/store_item_assets/steam/apps/3405690/2d96aa1b06e453cd62dae9029d412f19e61932c3/header.jpg?t=1787676422,"EA SPORTS FC™ 26에서 이전과는 다른 방식으로 The World's Game을 경험하세요. 48개 팀 국제 토너먼트 모드에서 영광을 향해 도전하고, 테마별 감독 라이브 챌린지에 도전하고, 새로운 국가대표 아이콘 및 영웅과 함께 선수 커리어를 시작하세요."
728880,Overcooked! 2,False,26000,26000,0,8,매우 긍정적,84054,0.904,액션|캐주얼|인디,싱글 플레이어|멀티플레이어|PvP|온라인 PvP|스크린 공유 및 분할 PvP|협동|온라인 협동|스크린 공유 및 분할 협동|공유 및 분할 화면|Steam 도전 과제|컨트롤러 완벽 지원|Steam 트레이딩 카드|Steam Cloud|Remote Play 휴대전화|Remote Play 태블릿|Remote Play TV|Remote Play Together|가족 공유,싱글 플레이어|멀티플레이어|협동|온라인 협동|PvP,12,2018년 8월 7일,Ghost Town Games Ltd.|Team17,Team17,https://shared.akamai.steamstatic.com/store_item_assets/steam/apps/728880/header.jpg?t=1784805486,혼란스러운 요리 액션으로 가득한 Overcooked가 돌아왔습니다! 양파 왕국으로 돌아가는 여행을 떠나세요. 클래식 협동 또는 온라인 플레이에서 셰프 팀을 만들어서 최대 4명까지 플레이하세요. 앞치마를 준비하세요... 다시 세상을 구할 때가 되었습니다!
3764200,BIOHAZARD requiem,False,79800,79800,0,9,압도적으로 긍정적,182771,0.9595,액션|어드벤처,싱글 플레이어|Steam 도전 과제|컨트롤러 완벽 지원|Steam 트레이딩 카드|캡션 이용 가능|DUALSHOCK 컨트롤러 지원|DUALSHOCK 컨트롤러 지원|DualSense 컨트롤러 지원|DualSense 컨트롤러 지원|Steam Cloud|HDR 사용 가능|가족 공유,싱글 플레이어,14,2026년 2월 26일,"CAPCOM Co., Ltd.","CAPCOM Co., Ltd.",https://shared.akamai.steamstatic.com/store_item_assets/steam/apps/3764200/46a28870620bab1c2bc4de903bdcbcf4e423c58b/header_koreana.jpg?t=1779840172,"생자에게 공포를, 사자에게 진혼을. 바이오하자드 시리즈, 그리고 서바이벌 호러 장르의 새로운 기원 「BIOHAZARD requiem」 . ""레퀴엠""은 플레이어의 마음을 거칠게 뒤흔든다."
3751950,어쌔신 크리드 블랙 플래그 리싱크드,False,69000,69000,0,8,매우 긍정적,29078,0.8024,액션|어드벤처,싱글 플레이어|Steam 도전 과제|Steam 트레이딩 카드|캡션 이용 가능|앱 내 구매|텍스트 크기 조정|카메라 움직임 조정|색상 대체|음량 개별 조절|난이도 조정|키보드 전용 옵션|마우스 전용 옵션|게임 메뉴 음성 안내|퀵타임 이벤트 없이 플레이 가능|DUALSHOCK 컨트롤러 지원|DUALSHOCK 컨트롤러 지원|DualSense 컨트롤러 지원|DualSense 컨트롤러 지원|수시 저장|스테레오 사운드|자막 옵션|서라운드 사운드|컨트롤러 일부 지원|HDR 사용 가능,싱글 플레이어,13,2026년 7월 9일,Ubisoft Singapore|Ubisoft Barcelona|Ubisoft Bordeaux|Ubisoft Belgrade|Ubisoft Chengdu|Ubisoft India|Ubisoft Kyiv|Ubisoft Montpellier|Ubisoft Philippines|Ubisoft Quebec|Ubisoft Shanghai|Ubisoft Montreal|Ubisoft Romania,Ubisoft,https://shared.akamai.steamstatic.com/store_item_assets/steam/apps/3751950/a9683f2e7e4996f37599bce0942eb7be4c65b682/header_koreana.jpg?t=1787915122,"독보적인 1인 해적 모험의 귀환! 해적의 황금기, 에드워드 켄웨이가 되어 카리브해를 순항하세요. 압도적인 시각 효과, 개선된 게임플레이 및 새로운 콘텐츠로 가득한 원작 리메이크 게임을 만나볼 수 있습니다."
3859630,METAL GEAR SOLID: MASTER COLLECTION Vol.2,False,61000,61000,0,5,복합적,42,0.6667,액션|어드벤처,싱글 플레이어|가족 공유,싱글 플레이어,6,2026년 8월 27일,KONAMI,KONAMI,https://shared.akamai.steamstatic.com/store_item_assets/steam/apps/3859630/31d5f5ef4a143bf915429e307f37cab6e2939678/header.jpg?t=1787837610,"""Metal Gear"" 시리즈의 집대성이 되는 마스터 컬렉션 2탄으로, “Metal Gear Solid 4: Guns of the Patriots” 와 “Metal Gear Solid: Peace Walker (HD Collection version),” 에 추가로 보너스 컨텐츠로 디지털 사운드 트랙과 ""Metal Gear: Ghost Babel"" 이 포함"
2239710,Into the Dead: Our Darkest Days,False,27000,21600,20,8,매우 긍정적,9575,0.8924,액션|시뮬레이션|전략|앞서 해보기,싱글 플레이어|컨트롤러 완벽 지원|DUALSHOCK 컨트롤러 지원|DUALSHOCK 컨트롤러 지원|DualSense 컨트롤러 지원|DualSense 컨트롤러 지원|가족 공유,싱글 플레이어,12,2025년 4월 9일,PikPok,Boltray Games (China)|PikPok (worldwide),https://shared.akamai.steamstatic.com/store_item_assets/steam/apps/2239710/7b0a688bc97be91cb9df160f7ab3d58d2e5e7e74/header.jpg?t=1787804719,"1980년 텍사스. 월튼시티에 좀비 감염이 확산되습니다. 생존을 위한 끊임없는 투쟁 속에서 수집, 제작, 전투를 통해 필사적인 생존자 무리를 한 피난처에서 다른 피난처로 계속 이끄세요. 현명하게 계획하고, 함께 뭉치고, 살아남고 싶다면 반드시 계속 움직여야 합니다."
4380490,냥냥 우체국,False,11000,11000,0,8,매우 긍정적,6461,0.92,인디|시뮬레이션,싱글 플레이어|멀티플레이어|협동|온라인 협동|Steam 도전 과제|컨트롤러 완벽 지원|음량 개별 조절|난이도 조정|#category_playable_at_your_own_pace|퀵타임 이벤트 없이 플레이 가능|DUALSHOCK 컨트롤러 지원|DUALSHOCK 컨트롤러 지원|DualSense 컨트롤러 지원|DualSense 컨트롤러 지원|Steam Cloud|가족 공유,싱글 플레이어|멀티플레이어|협동|온라인 협동,13,2026년 7월 9일,Maracas Studio,Maracas Studio|Gamersky Games,https://shared.akamai.steamstatic.com/store_item_assets/steam/apps/4380490/cfde145bd55c0f57e8da76ce43932bcf0f2faa88/header_koreana.jpg?t=1787328174,"친구와 함께 고양이가 되어 아늑한 우체국을 운영해 보세요! 소포를 포장하고 분류하며 배송하고, 창고를 깔끔하게 정리해 보세요. 밤이 되면 신비한 마법 소포가 나타나고, 우체국에 숨겨진 따뜻한 비밀이 하나씩 밝혀집니다."
374320,DARK SOULS™ III,False,49800,49800,0,8,매우 긍정적,439340,0.9434,액션,싱글 플레이어|멀티플레이어|협동|Steam 도전 과제|컨트롤러 완벽 지원|Steam 트레이딩 카드|카메라 움직임 조정|음량 개별 조절|퀵타임 이벤트 없이 플레이 가능|수시 저장|스테레오 사운드|서라운드 사운드|Remote Play 휴대전화|Remote Play 태블릿|Remote Play TV|가족 공유,싱글 플레이어|멀티플레이어|협동,12,2016년 4월 11일,"FromSoftware, Inc.","FromSoftware, Inc.|Bandai Namco Entertainment",https://shared.akamai.steamstatic.com/store_item_assets/steam/apps/374320/header.jpg?t=1748630784,"장르를 새로 개척했다는 평가를 들으며 많은 좋은 평가들을 얻고 있는 다크 소울 시리즈는 계속해서 한계를 넘어서, 더욱 야심찬 단계에 도전하고자 하고 있습니다. 준비를 하고 어둠을 밝히십시오!"
3950020,Duet Night Abyss,True,0,0,0,5,복합적,2117,0.572,액션|RPG|무료 플레이,멀티플레이어|협동|온라인 협동|Steam 도전 과제|컨트롤러 완벽 지원|앱 내 구매|키보드 전용 옵션|퀵타임 이벤트 없이 플레이 가능|수시 저장|가족 공유,멀티플레이어|협동|온라인 협동,6,2026년 1월 19일,Pan Studio,Hero Games,https://shared.akamai.steamstatic.com/store_item_assets/steam/apps/3950020/a85b56b3502a1fa5c2024dc23842f1789ec590f7/header_koreana.jpg?t=1785187462,"Break All Limits! 모든 캐릭터 & 무기 가챠없이 100% 획득! ——신규 버전「질주하는 별들」업데이트! 한정 코스튬 광채 탐색 최대 60회 증정, 로그인 시 캐릭터 & 무기 선택 패키지 획득"
250900,The Binding of Isaac: Rebirth,False,15500,15500,0,9,압도적으로 긍정적,450087,0.9689,액션,싱글 플레이어|멀티플레이어|공유 및 분할 화면|Steam 도전 과제|컨트롤러 완벽 지원|Steam 트레이딩 카드|Steam Cloud|Remote Play TV|Remote Play Together|가족 공유,싱글 플레이어|멀티플레이어,1,2014년 11월 4일,"Nicalis, Inc.|Edmund McMillen","Nicalis, Inc.",https://shared.akamai.steamstatic.com/store_item_assets/steam/apps/250900/header.jpg?t=1731977365,"The Binding of Isaac: Rebirth is a randomly generated action RPG shooter with heavy Rogue-like elements. Following Isaac on his journey players will find bizarre treasures that change Isaac’s form giving him super human abilities and enabling him to fight off droves of mysterious creatures, discover secrets and fight his way to safety."
934700,Dead Island 2,False,50700,10140,80,6,대체로 긍정적,29190,0.7746,액션|어드벤처,싱글 플레이어|멀티플레이어|협동|온라인 협동|Steam 도전 과제|컨트롤러 완벽 지원|Steam 트레이딩 카드|텍스트 크기 조정|카메라 움직임 조정|음량 개별 조절|난이도 조정|키보드 전용 옵션|DUALSHOCK 컨트롤러 지원|DualSense 컨트롤러 지원|스테레오 사운드|자막 옵션|Steam Cloud|가족 공유,싱글 플레이어|멀티플레이어|협동|온라인 협동,14,2024년 4월 22일,Dambuster Studios,Deep Silver,https://shared.akamai.steamstatic.com/store_item_assets/steam/apps/934700/header.jpg?t=1761231459,"Dead Island 2는 개성 있는 호러와 다크한 유머, 클래스가 다른 좀비 킬링으로 무장한, 스릴 넘치는 1인칭 액션 RPG입니다. 좀비 감염이 흘러넘치며 고어로 흠뻑 젖은 로스앤젤레스의 관광 명소들을 탐험해보세요. 매력적인 캐릭터들을 만나고, 다양한 무기와 모드, 스킬로 무장한 뒤, 피와 살점이 흩날리는 디테일을 만끽하며 수많은 적들을 썰어보세요."
1371980,노 레스트 포 더 위키드,False,42000,42000,0,8,매우 긍정적,81037,0.8031,액션|어드벤처|RPG|앞서 해보기,싱글 플레이어|멀티플레이어|협동|온라인 협동|게임패드 권장|DUALSHOCK 컨트롤러 지원|DUALSHOCK 컨트롤러 지원|DualSense 컨트롤러 지원|DualSense 컨트롤러 지원|컨트롤러 일부 지원|Steam Cloud|HDR 사용 가능|가족 공유,싱글 플레이어|멀티플레이어|협동|온라인 협동,12,2024년 4월 18일,Moon Studios GmbH,Moon Studios GmbH,https://shared.akamai.steamstatic.com/store_item_assets/steam/apps/1371980/331de7e745f43867f0a220339153ac6019822ea4/header.jpg?t=1784886886,수상 경력에 빛나는 Ori and the Blind Forest 및 Ori and the Will of the Wisps의 개발사 Moon Studios가 No Rest for the Wicked로 돌아옵니다. 정교한 세계에서 소울라이크 스타일 전투가 펼쳐지는 독특한 감성의 액션 RPG를 경험하세요. 최대 4인 협동 플레이를 지원합니다.
2904000,마법 주문 팀,False,14500,14500,0,8,매우 긍정적,16592,0.8139,액션|캐주얼|인디,싱글 플레이어|멀티플레이어|협동|온라인 협동|크로스 플랫폼 멀티플레이어|Steam 도전 과제|카메라 움직임 조정|음량 개별 조절|게임패드 권장|마우스 전용 옵션|DUALSHOCK 컨트롤러 지원|DUALSHOCK 컨트롤러 지원|DualSense 컨트롤러 지원|DualSense 컨트롤러 지원|스테레오 사운드|서라운드 사운드|컨트롤러 일부 지원|Steam Cloud|가족 공유,싱글 플레이어|멀티플레이어|협동|온라인 협동,17,2026년 4월 29일,Bolt Blaster Games,Bolt Blaster Games,https://shared.akamai.steamstatic.com/store_item_assets/steam/apps/2904000/623519b4f52cc7a3e5d3e4ae659f9f175b93253e/header_koreana.jpg?t=1787049537,"1-4인 온라인 협동 서바이벌 게임. 마법사 친구들과 어둠의 무리에 맞서세요. 팀 목표, 업그레이드, 강력한 주문 시너지. 프렌들리 파이어 탄막 지옥에서 아무도 안전하지 않습니다! 로그라이트 스타일의 빠른 액션."
2688950,플래닛 코스터 2,False,53000,53000,0,6,대체로 긍정적,14509,0.7413,시뮬레이션|전략,싱글 플레이어|Steam 도전 과제|컨트롤러 완벽 지원|Steam 트레이딩 카드|카메라 움직임 조정|색상 대체|음량 개별 조절|난이도 조정|#category_playable_at_your_own_pace|퀵타임 이벤트 없이 플레이 가능|수시 저장|스테레오 사운드|서라운드 사운드|Steam Cloud|HDR 사용 가능|가족 공유,싱글 플레이어,13,2024년 11월 6일,Frontier Developments,Frontier Developments,https://shared.akamai.steamstatic.com/store_item_assets/steam/apps/2688950/header_koreana.jpg?t=1787133907,"스릴 넘치는 롤러코스터와 환상적인 물 미끄럼틀을 내 마음대로 만들고 꾸미세요. 최고의 테마 공원을 관리하고, 멋진 창작물을 다른 플레이어와 공유해 보세요. 파도를 탈 준비는 되셨나요?"
4090360,숲에서의 탈출: 막차 (Forest Escape: Last Train),False,8200,6560,20,8,매우 긍정적,516,0.8159,액션|어드벤처|인디|앞서 해보기,싱글 플레이어|멀티플레이어|협동|온라인 협동|크로스 플랫폼 멀티플레이어|Steam 도전 과제|음량 개별 조절|퀵타임 이벤트 없이 플레이 가능|컨트롤러 일부 지원|Steam Cloud|가족 공유,싱글 플레이어|멀티플레이어|협동|온라인 협동,13,2026년 7월 10일,"Frag Lab, LLC","Two Cakes Studio|Frag Lab, LLC",https://shared.akamai.steamstatic.com/store_item_assets/steam/apps/4090360/f5769faf012f67873578bd989610b5f02092e64b/header_koreana.jpg?t=1787665735,"는 1~4인 멀티 협동 생존 게임입니다. 안개 낀 숲, 미친 소장의 초현실적 악몽, 그리고 곧 부서질 듯한 기차... 동료들과 함께 힘을 합쳐 낡은 기관차를 수리·업그레이드·수호하며 핵심 자원을 채집하세요. 악몽에 완전히 삼켜지기 전에 유일한 탈출로를 향해 달리세요!"
2129530,REANIMAL,False,42000,42000,0,6,대체로 긍정적,25163,0.75,어드벤처,싱글 플레이어|멀티플레이어|협동|온라인 협동|스크린 공유 및 분할 협동|공유 및 분할 화면|크로스 플랫폼 멀티플레이어|Steam 도전 과제|컨트롤러 완벽 지원|Steam 트레이딩 카드|음량 개별 조절|게임패드 권장|퀵타임 이벤트 없이 플레이 가능|DUALSHOCK 컨트롤러 지원|DualSense 컨트롤러 지원|스테레오 사운드|서라운드 사운드|Steam Cloud|Remote Play Together|가족 공유,싱글 플레이어|멀티플레이어|협동|온라인 협동,15,2026년 2월 13일,Tarsier Studios,THQ Nordic|Amplifier Studios,https://shared.akamai.steamstatic.com/store_item_assets/steam/apps/2129530/4cdda917a0155258a2e7909d7869f35d8f980f96/header.jpg?t=1786129496,Little Nightmares™ I & II의 제작사가 그 어느 때보다도 더 어둡고 끔찍한 여정으로 여러분을 초대합니다. 이 공포 어드벤처 게임에서는 실종된 친구들을 구하고 집이라는 이름의 지옥 같은 섬에서 탈출하려는 한 남매의 이야기가 펼쳐집니다.
3214610,Cinderia,False,19500,15600,20,8,매우 긍정적,4839,0.8787,액션|어드벤처|인디|RPG|앞서 해보기,싱글 플레이어|Steam 도전 과제|컨트롤러 일부 지원|Steam Cloud|가족 공유,싱글 플레이어,11,2026년 3월 30일,MyACG Studio,MyACG Studio|NPC Entertainment,https://shared.akamai.steamstatic.com/store_item_assets/steam/apps/3214610/fa3f3ed3d74bc05798082d54eb03e35cfbb05173/header.jpg?t=1787153526,"Cinderia는 극도로 통쾌한 Rogue-lite 액션 게임입니다.스킬, 콤보, 패시브, 장비 등 눈에 보이는 모든 것을 자유롭게 조합해 나만의 전투 스타일을 만들어 보세요. 어둠이 대지를 뒤덮었지만, 폐허 속에는 아직 미약한 빛이 깜빡이고 있습니다."
958260,DEAD OR ALIVE Xtreme Venus Vacation,True,0,0,0,8,매우 긍정적,28859,0.8296,스포츠|무료 플레이,멀티플레이어|앱 내 구매|Remote Play 휴대전화|Remote Play 태블릿|가족 공유,멀티플레이어,5,2019년 3월 25일,"KOEI TECMO GAMES CO., LTD.","KOEI TECMO GAMES CO., LTD.",https://shared.akamai.steamstatic.com/store_item_assets/steam/apps/958260/header.jpg?t=1783472733,『DEAD OR ALIVE Xtreme Venus Vacation』에서 플레이어는 「비너스 군도」의 오너가 되어 캐릭터들를 보조하면서 아름다움과 강함의 축제「비너스 페스티벌」에서 경쟁합니다.
2963950,페르소나4 리바이벌,False,79800,79800,0,0,사용자 평가 없음,0,0.0,어드벤처|RPG,싱글 플레이어|컨트롤러 완벽 지원|게임패드 권장|DUALSHOCK 컨트롤러 지원|DUALSHOCK 컨트롤러 지원|DualSense 컨트롤러 지원|DualSense 컨트롤러 지원|Steam Input API 지원|가족 공유,싱글 플레이어,15,2027년 2월 17일,ATLUS,SEGA,https://shared.akamai.steamstatic.com/store_item_assets/steam/apps/2963950/e83b7da1c2e9ddbed1a27038bd86e9714b2aa893/header.jpg?t=1787883430,"심야 텔레비전이라고 알아?' 청춘×오컬트×괴사건이 어우러진, 소중한 1년이 당신을 기다리고 있다! 시골 마을을 덮친 살인 사건과 기묘한 괴담. 마음의 힘 '페르소나'에 각성한 동료들과 함께 사건을 저지하고, 진실을 추구하는 여행을 떠나보자!"
1332010,Stray,False,32000,16000,50,9,압도적으로 긍정적,177360,0.9721,어드벤처|인디,싱글 플레이어|Steam 도전 과제|컨트롤러 완벽 지원|Steam 트레이딩 카드|Steam Cloud|Remote Play TV|가족 공유,싱글 플레이어,16,2022년 7월 19일,BlueTwelve Studio,Annapurna Interactive,https://shared.akamai.steamstatic.com/store_item_assets/steam/apps/1332010/71daca1910d664d31240b9623a495e0c0828807f/header.jpg?t=1785424330,가족과 헤어지고 길을 잃고만 외로운 고양이는 오래 전 잊혀진 도시를 탈출하기 위해 고대의 신비를 풀어야 합니다.
2172910,캡틴 츠바사 2 월드 파이터즈,False,69800,69800,0,5,복합적,166,0.5181,액션|스포츠,싱글 플레이어|멀티플레이어|PvP|온라인 PvP|스크린 공유 및 분할 PvP|공유 및 분할 화면|Steam 도전 과제|게임패드 권장|컨트롤러 일부 지원|Steam Cloud|가족 공유,싱글 플레이어|멀티플레이어|PvP,12,2026년 8월 27일,TAMSOFT CORPORATION,Bandai Namco Entertainment Inc.,https://shared.akamai.steamstatic.com/store_item_assets/steam/apps/2172910/f351eaae86bea3787847972d86332f6ad58efa58/header_koreana.jpg?t=1787868212,『캡틴 츠바사』의 가정용 게임 최신작이 6년 만에 등장! 시리즈 최대 볼륨과 대폭으로 파워업한 필드 액션을 즐길 수 있는 축구 액션 게임! 선수들끼리 끊임없이 예측 불가능한 슈퍼 플레이를 펼치는 네오 축구 액션을 체감하라!
2288150,삼국지8  REMAKE,False,69800,69800,0,5,복합적,3933,0.4978,시뮬레이션|전략,싱글 플레이어|Steam 도전 과제|Steam 트레이딩 카드|음량 개별 조절|난이도 조정|마우스 전용 옵션|퀵타임 이벤트 없이 플레이 가능|수시 저장|스테레오 사운드|서라운드 사운드|컨트롤러 일부 지원|Steam Cloud|가족 공유,싱글 플레이어,5,2024년 10월 23일,"KOEI TECMO GAMES CO., LTD.","KOEI TECMO GAMES CO., LTD.",https://shared.akamai.steamstatic.com/store_item_assets/steam/apps/2288150/header_koreana.jpg?t=1776671493,역사 시뮬레이션 게임의 명작 『삼국지Ⅷ』이 20년의 세월을 뛰어넘어 지금 다시 태어난다. 군주를 비롯한 모든 무장을 주인공으로 삼국지의 세계를 즐길 수 있는 '전무장 플레이'가 더욱 진화하여 등장! 최다 등장 무장과 시나리오 수로 그려내는 '삼국지' 시리즈 최고의 무장 드라마가 여기에.
3949040,RV There Yet?,False,8900,8900,0,8,매우 긍정적,83885,0.9023,액션|어드벤처|인디,싱글 플레이어|멀티플레이어|협동|온라인 협동|컨트롤러 완벽 지원|Steam Input API 지원|Steam Cloud|가족 공유,싱글 플레이어|멀티플레이어|협동|온라인 협동,18,2025년 10월 21일,Nuggets Entertainment,Nuggets Entertainment,https://shared.akamai.steamstatic.com/store_item_assets/steam/apps/3949040/cae24b4ed7f4531be51f0d63f785b7d253f92dc3/header.jpg?t=1778071815,캠핑카를 집까지 운전하는 협동 어드벤처 게임입니다.
594650,Hunt: Showdown 1896,False,48900,19560,60,6,대체로 긍정적,277464,0.7373,액션,멀티플레이어|PvP|온라인 PvP|협동|온라인 협동|Steam 도전 과제|컨트롤러 완벽 지원|Steam 트레이딩 카드|앱 내 구매|Steam 순위표|Remote Play 태블릿|Remote Play TV,멀티플레이어|협동|온라인 협동|PvP,14,2019년 8월 27일,Crytek,Crytek,https://shared.akamai.steamstatic.com/store_item_assets/steam/apps/594650/279c054bf947c40225a8f2f56b15bf7f817976f0/header_alt_assets_27.jpg?t=1785847079,Hunt: Showdown 1896은 탈출 슈팅 장르의 새로운 시대를 여는 중독적이고 가차없는 게임입니다. 역사에서 잊혀진 타락한 벽지에서 혼자 또는 친구들과 함께 시간을 초월한 악에 맞서 싸우세요. 뒤틀린 괴물과 다른 무자비한 헌터들을 넘어서야만 현상금을 손에 넣을 수 있습니다. 헌트가 당신을 집어삼키는 동안 모든 것을 거세요.
974480,Echoes of Mystralia,False,21000,21000,0,8,매우 긍정적,581,0.8296,액션|어드벤처|인디|RPG|앞서 해보기,싱글 플레이어|Steam 도전 과제|컨트롤러 완벽 지원|게임패드 권장|Steam Cloud|가족 공유,싱글 플레이어,10,2026년 8월 11일,Borealys Games,Borealys Games,https://shared.akamai.steamstatic.com/store_item_assets/steam/apps/974480/26537d383779a9fd622b94f146342691da37ef78/header_alt_assets_1_koreana.jpg?t=1787255564,여러 수상 경력을 자랑하는 미스트랄리아의 마법사 속 주문 만들기 시스템이 새로운 시대를 맞이합니다. 액션 RPG 로그라이트 게임을 플레이하며 과거의 그림자로부터 미스트랄리아를 구원해 주세요. 수많은 주문을 조합하여 세계의 기억을 구해야 합니다.
526870,Satisfactory,False,42000,42000,0,9,압도적으로 긍정적,278540,0.9726,어드벤처|인디|시뮬레이션|전략,싱글 플레이어|멀티플레이어|협동|온라인 협동|크로스 플랫폼 멀티플레이어|Steam 도전 과제|텍스트 크기 조정|카메라 움직임 조정|색상 대체|음량 개별 조절|난이도 조정|퀵타임 이벤트 없이 플레이 가능|DUALSHOCK 컨트롤러 지원|DUALSHOCK 컨트롤러 지원|DualSense 컨트롤러 지원|DualSense 컨트롤러 지원|수시 저장|스테레오 사운드|서라운드 사운드|컨트롤러 일부 지원|Steam Cloud|Remote Play 태블릿|가족 공유,싱글 플레이어|멀티플레이어|협동|온라인 협동,13,2024년 9월 10일,Coffee Stain Studios,Coffee Stain Publishing,https://shared.akamai.steamstatic.com/store_item_assets/steam/apps/526870/header.jpg?t=1780413533,"Satisfactory is a first-person open-world factory building game with a dash of exploration and combat. Play alone or with friends, explore an alien planet, create multi-story factories, and enter conveyor belt heaven!"
1289670,EA Play,False,7000,7000,0,5,복합적,12,0.5,액션|스포츠,싱글 플레이어|멀티플레이어|PvP|온라인 PvP|협동|온라인 협동|스크린 공유 및 분할 협동|공유 및 분할 화면|크로스 플랫폼 멀티플레이어|Steam 도전 과제|컨트롤러 완벽 지원|Steam 트레이딩 카드|캡션 이용 가능|앱 내 구매|DUALSHOCK 컨트롤러 지원|DUALSHOCK 컨트롤러 지원|DualSense 컨트롤러 지원|DualSense 컨트롤러 지원|레벨 에디터 포함|Remote Play Together|HDR 사용 가능,싱글 플레이어|멀티플레이어|협동|온라인 협동|PvP,1,2020년 8월 31일,Electronic Arts,Electronic Arts,https://shared.akamai.steamstatic.com/store_item_assets/steam/apps/1289670/ceda3c4ec3c3f9e0f9d64d9a8edf392a8a445f26/header.jpg?t=1787072360,"스릴 가득한 세계의 문을 여세요. EA의 최고 타이틀 컬렉션 무제한 이용, 엄선된 신작 게임의 트라이얼, 멤버 할인, 보상*을 받으세요."
3595230,콜 오브 듀티®: 모던 워페어 II 2022,False,87500,87500,0,5,복합적,28781,0.462,액션,싱글 플레이어|멀티플레이어|PvP|온라인 PvP|협동|온라인 협동|크로스 플랫폼 멀티플레이어|Steam 도전 과제|컨트롤러 완벽 지원|캡션 이용 가능|앱 내 구매,싱글 플레이어|멀티플레이어|협동|온라인 협동|PvP,14,2022년 10월 22일,Infinity Ward|Raven Software|Beenox|Treyarch|High Moon Studios|Sledgehammer Games|Demonware|Toys for Bob,Activision,https://shared.akamai.steamstatic.com/store_item_assets/steam/apps/3595230/ce4d5e53b36cb9d3c4309d1df72bf8663bbbc7ef/header.jpg?t=1778886532,콜 오브 듀티®: 모던 워페어® II 2022는 플레이어를 전례 없는 글로벌 분쟁 한가운데로 인도합니다.
1096900,RPG Maker MZ,False,84000,32760,61,8,매우 긍정적,2342,0.8535,RPG|디자인과 일러스트레이션|교육|웹 퍼블리싱|게임 개발,Steam 창작마당|컨트롤러 일부 지원,,12,2020년 8월 27일,Gotcha Gotcha Games|KADOKAWA|Yoji Ojima,Gotcha Gotcha Games,https://shared.akamai.steamstatic.com/store_item_assets/steam/apps/1096900/header.jpg?t=1787875027,RPG Maker MZ를 소개합니다. RPG Maker 시리즈의 최신 버전으로 누구나 쉽게 RPG를 만들 수 있습니다! 새로운 기능과 동작 개선을 통해 제작 환경이 향상되고 더욱 강력한 연출 표현이 가능해져 플레이어가 진정으로 추구하는 게임을 제작할 수 있습니다.
2870920,야단법석 쥐스토랑,False,19950,9580,52,8,매우 긍정적,2153,0.8774,액션|캐주얼|인디|RPG|시뮬레이션|전략,싱글 플레이어|멀티플레이어|협동|온라인 협동|Steam 도전 과제|Steam Cloud|가족 공유,싱글 플레이어|멀티플레이어|협동|온라인 협동,11,2025년 11월 7일,toR Studio,Polden Publishing,https://shared.akamai.steamstatic.com/store_item_assets/steam/apps/2870920/f869fdd8460797d04dce9b2038e5b91f6446ab02/header_koreana.jpg?t=1779715608,"중세 레스토랑을 쥐들과 운영하자! 요리하고 손님에게 던지고, 전설의 쥐 셰프가 되어라!"
2444750,Shape of Dreams,False,27000,27000,0,8,매우 긍정적,20218,0.9004,액션|어드벤처|인디|RPG,싱글 플레이어|멀티플레이어|협동|온라인 협동|Steam 도전 과제|컨트롤러 완벽 지원|DUALSHOCK 컨트롤러 지원|DUALSHOCK 컨트롤러 지원|DualSense 컨트롤러 지원|DualSense 컨트롤러 지원|Steam Cloud|가족 공유,싱글 플레이어|멀티플레이어|협동|온라인 협동,13,2025년 9월 10일,Lizard Smoothie,NEOWIZ,https://shared.akamai.steamstatic.com/store_item_assets/steam/apps/2444750/7206b4477a2f19a2d1c015717fd0cd86fd1e0313/header_alt_assets_4.jpg?t=1783499966,"Shape of Dreams는 풍부하게 상상된 로그라이크 세계에서 빠르고 몽환적인 액션을 선사합니다. 긴장감 넘치는 전투와 유연한 조작, 끊임없이 변하는 세계가 플레이어를 몰입하게 만듭니다. 혼자 플레이하든 최대 3명의 친구와 함께하든, 매번 새로운 전략과 반사신경을 시험하는 스릴 넘치는 여정이 기다리고 있습니다."
3293260,Waterpark Simulator,False,14000,14000,0,9,압도적으로 긍정적,13517,0.9637,캐주얼|인디|시뮬레이션,싱글 플레이어|멀티플레이어|협동|온라인 협동|Steam 도전 과제|컨트롤러 완벽 지원|Steam 트레이딩 카드|DUALSHOCK 컨트롤러 지원|DUALSHOCK 컨트롤러 지원|DualSense 컨트롤러 지원|DualSense 컨트롤러 지원|Steam Cloud|가족 공유,싱글 플레이어|멀티플레이어|협동|온라인 협동,15,2026년 7월 31일,CayPlay,CayPlay,https://shared.akamai.steamstatic.com/store_item_assets/steam/apps/3293260/d777414ab68027db0399200587fd78d409cc9602/header_alt_assets_5.jpg?t=1787323953,"Build and run your own waterpark solo or with friends. Design slides, send guests flying with ragdoll physics, manage staff, and fully customize your park. Turn total madness into a diamond five-star empire in this first-person management simulator!"
753640,Outer Wilds,False,29500,17700,40,9,압도적으로 긍정적,107147,0.9561,액션|어드벤처,싱글 플레이어|Steam 도전 과제|컨트롤러 완벽 지원|Steam 트레이딩 카드|텍스트 크기 조정|카메라 움직임 조정|색상 대체|음량 개별 조절|게임패드 권장|키보드 전용 옵션|퀵타임 이벤트 없이 플레이 가능|DUALSHOCK 컨트롤러 지원|DUALSHOCK 컨트롤러 지원|DualSense 컨트롤러 지원|DualSense 컨트롤러 지원|스테레오 사운드|서라운드 사운드|Steam Cloud|Remote Play 휴대전화|Remote Play 태블릿|Remote Play TV|가족 공유,싱글 플레이어,13,2020년 6월 18일,Mobius Digital,Annapurna Interactive,https://shared.akamai.steamstatic.com/store_item_assets/steam/apps/753640/079ae4a7ff4b5875adc5c63c4c0b84e5a3e6966b/header.jpg?t=1785424341,"Giant Bomb, Polygon, Eurogamer, The Guardian에 의해 2019년 올해의 게임에 이름을 올리며 냉정한 호평과 수상 실적이 있는 Outer Wilds는 무한 시간 루프에 갇힌 태양계에 관한 공개된 세계의 미스터리 게임입니다."
2183900,"Warhammer 40,000: Space Marine 2",False,69800,69800,0,8,매우 긍정적,223201,0.8392,액션|어드벤처|RPG,싱글 플레이어|멀티플레이어|PvP|온라인 PvP|협동|온라인 협동|크로스 플랫폼 멀티플레이어|Steam 도전 과제|컨트롤러 완벽 지원|Steam 트레이딩 카드|텍스트 크기 조정|카메라 움직임 조정|색상 대체|음량 개별 조절|난이도 조정|DUALSHOCK 컨트롤러 지원|DualSense 컨트롤러 지원|DualSense 컨트롤러 지원|스테레오 사운드|자막 옵션|서라운드 사운드|Steam Cloud|가족 공유,싱글 플레이어|멀티플레이어|협동|온라인 협동|PvP,17,2024년 9월 9일,Saber Interactive,Focus Entertainment,https://shared.akamai.steamstatic.com/store_item_assets/steam/apps/2183900/8d0dab78ca05bbc9fbf6f5853058e6c803b52302/header_alt_assets_13_koreana.jpg?t=1787837240,스페이스 마린의 초인적인 기술과 잔혹함을 직접 체현하십시오. 치명적인 능력과 강력한 무기로 끝없이 몰려오는 타이라니드 무리를 말살해야 합니다. 1인 또는 멀티플레이어 모드에서 박진감 넘치는 3인칭 액션을 펼치며 제국을 지키십시오.
3818350,Pro Eleven,True,0,0,0,5,복합적,92,0.4891,인디|스포츠|무료 플레이,멀티플레이어|PvP|온라인 PvP|협동|온라인 협동|앱 내 구매|음량 개별 조절|퀵타임 이벤트 없이 플레이 가능|가족 공유,멀티플레이어|협동|온라인 협동|PvP,6,2026년 3월 6일,DONTEL,DONTEL,https://shared.akamai.steamstatic.com/store_item_assets/steam/apps/3818350/de66f7fea947a0a01b5c0aea6c4e791d91221fb7/header.jpg?t=1787211915,PRO ELEVEN은 1명의 선수를 육성하여 다른 사람들과 플레이하는 게임입니다.
3198850,플레이투게더,True,0,0,0,6,대체로 긍정적,1701,0.7472,,멀티플레이어|MMO|PvP|온라인 PvP|협동|온라인 협동|크로스 플랫폼 멀티플레이어|Steam 도전 과제|앱 내 구매|DUALSHOCK 컨트롤러 지원|DUALSHOCK 컨트롤러 지원|DualSense 컨트롤러 지원|DualSense 컨트롤러 지원|컨트롤러 일부 지원|가족 공유,멀티플레이어|협동|온라인 협동|PvP,13,2025년 1월 13일,"HAEGIN Co.,Ltd.","HAEGIN Co.,Ltd.",https://shared.akamai.steamstatic.com/store_item_assets/steam/apps/3198850/b3aeeda43b27534a23d438597b503db64b792933/header.jpg?t=1787188179,"플레이투게더는 전 세계 유저가 함께 즐기는 인기 캐주얼 소셜게임입니다. 다양한 캐릭터 커스텀으로 나만의 개성을 표현하고 집을 멋있게 꾸며 친구들을 초대해서 홈파티를 열어보세요. 다양한 미니게임, 펫, 낚시, 채집, 채광, 학교 등 수많은 콘텐츠를 친구들과 재밌게 즐겨보세요."
2456740,inZOI (인조이),False,44800,44800,0,6,대체로 긍정적,32520,0.7719,어드벤처|캐주얼|시뮬레이션|앞서 해보기,싱글 플레이어|컨트롤러 일부 지원|Steam Cloud|가족 공유,싱글 플레이어,15,2025년 3월 27일,inZOI Studio,"KRAFTON, Inc.",https://shared.akamai.steamstatic.com/store_item_assets/steam/apps/2456740/89acee5c3d965af802002617d6c130e5e03bd240/header.jpg?t=1777449358,"""Every life becomes a story"" 원하는 대로 '조이'들의 삶을 조작하고 지켜보며 자신만의 이야기를 만들어보세요. 자유롭고 손쉬운 커스터마이징으로 캐릭터와 건축 등 꿈꾸던 삶의 모습을 창조하고, 디테일한 시뮬레이션 속에서 발생하는 다양한 사건을 마주하며 삶의 희로애락을 경험할 수 있습니다."
1909950,슈퍼로봇대전 Y,False,79800,79800,0,8,매우 긍정적,2786,0.827,RPG|시뮬레이션|전략,싱글 플레이어|Steam 도전 과제|컨트롤러 완벽 지원|앱 내 구매|DUALSHOCK 컨트롤러 지원|DUALSHOCK 컨트롤러 지원|DualSense 컨트롤러 지원|DualSense 컨트롤러 지원|Steam Cloud|가족 공유,싱글 플레이어,5,2025년 8월 27일,Bandai Namco Forge Digitals Inc.,Bandai Namco Entertainment Inc.,https://shared.akamai.steamstatic.com/store_item_assets/steam/apps/1909950/76888ae5f3774a1fd099e635f815a5407db46af6/header_alt_assets_1_koreana.jpg?t=1785995196,"눈 앞의 파멸과 몰려오는 재앙― 숙명을 넘어서라, 강철의 수호자! 슈퍼로봇대전은 다양한 애니메이션에 등장한 로봇들이 작품의 장벽을 넘어 한자리에 모여 공통의 적과 싸우는 시뮬레이션 RPG 시리즈입니다."
1859910,활협전,False,20000,20000,0,6,대체로 긍정적,37759,0.7644,어드벤처|인디|RPG|전략,싱글 플레이어|Steam 도전 과제|컨트롤러 완벽 지원|DUALSHOCK 컨트롤러 지원|DualSense 컨트롤러 지원|Steam Cloud|가족 공유,싱글 플레이어,3,2024년 6월 14일,Obb Studio Inc.,Paras Games|Obb Studio Inc.,https://shared.akamai.steamstatic.com/store_item_assets/steam/apps/1859910/5b8fdaee4692e9d5d12351fb98d96845fb256f52/header_koreana.jpg?t=1780993657,"《활협전》은 당신의 선택으로 완성되는 이야기입니다. 혼란스러운 강호, 한때 천하를 호령했던 당문은 쇠락하였고, 이제 위기에 처해있습니다. 당문의 이름 없는 졸개인 당신은, 살아남기 위해 몸을 사리겠습니까, 아니면 문파의 존망을 위해 기꺼이 목숨을 던지겠습니까."
3946950,Click the Button,False,3250,2760,15,8,매우 긍정적,1728,0.9416,캐주얼|인디|시뮬레이션,싱글 플레이어|Steam 도전 과제|카메라 움직임 조정|음량 개별 조절|키보드 전용 옵션|퀵타임 이벤트 없이 플레이 가능|수시 저장|Steam Cloud|가족 공유,싱글 플레이어,13,2026년 8월 26일,LoopCap,LoopCap,https://shared.akamai.steamstatic.com/store_item_assets/steam/apps/3946950/15ece08bab35f4935d997dc44870d73aed3974bf/header.jpg?t=1787967826,Click the Button은 버튼을 클릭하여 놀라운 보상을 제공하는 상자를 받는 방치형 게임입니다. 스킬을 향상시켜 가장 강한 자가 되세요.
3079210,Hell Let Loose: Vietnam,False,45920,45920,0,5,복합적,10451,0.6104,액션|대규모 멀티플레이어|시뮬레이션|전략,멀티플레이어|PvP|온라인 PvP|크로스 플랫폼 멀티플레이어|Steam 도전 과제|DualSense 컨트롤러 지원|DualSense 컨트롤러 지원|컨트롤러 일부 지원|가족 공유,멀티플레이어|PvP,12,2026년 8월 13일,Expression Games,Team17,https://shared.akamai.steamstatic.com/store_item_assets/steam/apps/3079210/2e52f99e70e827b57a2205469dc5d529e8e0490a/header.jpg?t=1787663962,"Hell Let Loose: Vietnam과 함께 폭발적인 전쟁의 분노로 뛰어드십시오. 역사상 가장 상징적인 분쟁 속에서 팀워크, 전술, 파괴적인 무기가 결합된 방대한 50v50 플레이어 전투를 통해 결정적인 역할을 수행하고 전장을 유리하게 만드십시오."
2950790,IRON NEST: Heavy Turret Simulator,False,19900,19900,0,9,압도적으로 긍정적,12741,0.979,액션|인디|시뮬레이션,싱글 플레이어|Steam 도전 과제|컨트롤러 완벽 지원|색상 대체|#category_contrast_controls|음량 개별 조절|퀵타임 이벤트 없이 플레이 가능|DUALSHOCK 컨트롤러 지원|DUALSHOCK 컨트롤러 지원|DualSense 컨트롤러 지원|DualSense 컨트롤러 지원|스테레오 사운드|서라운드 사운드|Steam Cloud|가족 공유,싱글 플레이어,16,2026년 8월 6일,Nick Nieuwoudt|Dominik Latos,Nick Nieuwoudt|Dominik Latos,https://shared.akamai.steamstatic.com/store_item_assets/steam/apps/2950790/e6c9e990560078611472e5dab98e79a405ed33f4/header.jpg?t=1787498698,"IRON NEST는 거대한 전쟁 병기로 전장을 지배하는 잔혹한 디젤펑크 중포병 게임입니다. 수신된 좌표를 바탕으로 지도를 측정하고, 유압 장치를 한계까지 끌어올리며, 포를 방열하여 파괴적인 타격을 쏟아부으십시오 ⟹ 최고 사령부의 명령에 복종하시겠습니까, 오퍼레이터님?"
3219030,Planet Zoo 2,False,51500,51500,0,0,사용자 평가 없음,0,0.0,시뮬레이션|전략,싱글 플레이어|Steam 도전 과제|컨트롤러 완벽 지원|텍스트 크기 조정|카메라 움직임 조정|색상 대체|음량 개별 조절|#category_playable_at_your_own_pace|퀵타임 이벤트 없이 플레이 가능|DUALSHOCK 컨트롤러 지원|DualSense 컨트롤러 지원|수시 저장|스테레오 사운드|서라운드 사운드|Steam Cloud|HDR 사용 가능|가족 공유,싱글 플레이어,17,2026년 10월 13일,Frontier Developments,Frontier Developments,https://shared.akamai.steamstatic.com/store_item_assets/steam/apps/3219030/09222bdf6acfa52881f379fadaa7efcd84921db5/header_koreana.jpg?t=1787315723,"플래닛 주 2에서 더욱 생생한 야생의 세계를 만드세요. 전 세계 곳곳을 배경으로 경이로운 동물들이 가득한 개성 넘치는 동물원을 만들어 보세요. 완전 수생 및 비행 동물을 포함한 다채로운 동물들을 돌보고, 동물원의 경계를 넘어 광활한 야생동물 보호지로 동물들을 돌려보내세요."
444200,World of Tanks Blitz,True,0,0,0,6,대체로 긍정적,153257,0.7789,액션|대규모 멀티플레이어|시뮬레이션|전략|무료 플레이,멀티플레이어|MMO|PvP|온라인 PvP|협동|온라인 협동|크로스 플랫폼 멀티플레이어|Steam 트레이딩 카드|앱 내 구매|카메라 움직임 조정|색상 대체|음량 개별 조절|수시 저장|스테레오 사운드|터치 전용 옵션|가족 공유,멀티플레이어|협동|온라인 협동|PvP,20,2016년 11월 9일,Wargaming Group Limited,Wargaming Group Limited,https://shared.akamai.steamstatic.com/store_item_assets/steam/apps/444200/bd64dd64069d31a55e803ca181f4e1b6df7c9ae5/header.jpg?t=1785649889,"무료 온라인 7대7 전차 슈팅 게임에서 적 전차 포탑과 함께 스트레스도 날려보십시오! 박물관에나 있을 법한 고전부터 ‘정말 실제로 존재했나?’ 스페셜까지, 수백 대 전차를 직접 운용하고, 쇳덩이가 난무하는 5~7분의 빠른 난투전을 즐겨보십시오. 혼자 플레이하거나 친구와 팀을 이루어 즐길 수도 있으며, 그리 높지 않은 사양에서도 부드러운 액션을 즐길 수 있습니다."
1562700,산나비,False,15500,15500,0,9,압도적으로 긍정적,44953,0.9725,액션|어드벤처|인디,싱글 플레이어|컨트롤러 일부 지원|Steam Cloud|가족 공유,싱글 플레이어,11,2023년 11월 8일,WONDER POTION,NEOWIZ,https://shared.akamai.steamstatic.com/store_item_assets/steam/apps/1562700/header_koreana.jpg?t=1764564242,"기계팔로 무장한 퇴역 군인은 초거대 재벌의 부패한 사유 도시를 오릅니다. 도시에 숨겨진 비밀을 밝혀내기 위해, 그리고 '산나비'를 찾아내 복수하기 위해. 사이버펑크 디스토피아를 배경으로 펼쳐지는 역동적이고 스타일리쉬한 2D ""사슬 액션"" 어드벤처 플랫포머 게임, 산나비입니다."
2178420,트리 오브 세이비어,True,0,0,0,5,복합적,493,0.4848,대규모 멀티플레이어|RPG|무료 플레이,멀티플레이어|MMO|PvP|온라인 PvP|협동|온라인 협동|Steam 트레이딩 카드|앱 내 구매|가족 공유,멀티플레이어|협동|온라인 협동|PvP,1,2022년 12월 26일,"IMCGAMES Co.,Ltd.","IMCGAMES Co.,Ltd.",https://shared.akamai.steamstatic.com/store_item_assets/steam/apps/2178420/header.jpg?t=1785824179,"거대한 나무가 지상에 등장한 이후, 인간들을 보살펴주던 여신들은 종적을 감추고, 인간들은 갑작스레 나타난 몬스터와 맞닥뜨리게 됩니다. 운명을 관장하는 여신, 라이마로부터 계시를 받은 구원자들이 세상에 등장하기 시작하고, 사라진 여신들을 찾아 세상을 구하기 위한 여정을 시작합니다."
2825860,The Sinking City 2,False,71500,71500,0,8,매우 긍정적,1307,0.8309,액션|어드벤처,싱글 플레이어|Steam 도전 과제|컨트롤러 완벽 지원|Steam 트레이딩 카드|음량 개별 조절|난이도 조정|DUALSHOCK 컨트롤러 지원|DualSense 컨트롤러 지원|DualSense 컨트롤러 지원|스테레오 사운드|Steam Cloud|가족 공유,싱글 플레이어,15,2026년 8월 18일,Frogwares,Frogwares,https://shared.akamai.steamstatic.com/store_item_assets/steam/apps/2825860/05f1db0ecea4914621f13ebaa81710e505de2c6b/header.jpg?t=1787235451,"1920년대를 배경으로 한 The Sinking City 2는 러브크래프트적 공포에 깊이 물든 서바이벌 호러 게임입니다. 태곳적 신에 맞서고, 죽은 자에게 쫓기며 침수된 아캄의 골목을 탐험하세요. 한 사람의 목숨과 도시 전체를 저울질해야 합니다."
1040200,Crime Scene Cleaner,False,31000,22630,27,9,압도적으로 긍정적,34118,0.981,액션|시뮬레이션,싱글 플레이어|Steam 도전 과제|컨트롤러 완벽 지원|Steam Cloud|가족 공유,싱글 플레이어,16,2024년 8월 14일,President Studio,President Studio|PlayWay S.A.,https://shared.akamai.steamstatic.com/store_item_assets/steam/apps/1040200/a305a7831bee10a091625950d6cd3cdb97f72a22/header.jpg?t=1786642790,"한번 갱단과 엮이게 되면 평생 갱단의 일부로 남게 됩니다. 그래도 최소한 갱단에서 보수는 넉넉하게 챙겨주죠. 당신이 오직 해야 할 일은 갱단이 벌인 지저분한 일의 뒤처리를 하는 것입니다. 하지만 일이 일인 만큼, 범죄 현장을 청소하고 경찰을 잘 따돌리며 다음 임무를 준비해야 합니다."
2881650,Content Warning,False,8600,5330,38,8,매우 긍정적,162846,0.9383,액션|어드벤처|인디,멀티플레이어|협동|온라인 협동|크로스 플랫폼 멀티플레이어|DUALSHOCK 컨트롤러 지원|DualSense 컨트롤러 지원|컨트롤러 일부 지원|Steam Cloud|가족 공유,멀티플레이어|협동|온라인 협동,12,2024년 4월 1일,Zorro|Wilnyl|Philip|thePetHen|Skog,Evil Landfall?,https://shared.akamai.steamstatic.com/store_item_assets/steam/apps/2881650/header.jpg?t=1785137321,친구들이 무서운 짓을 벌이는 모습을 촬영해 SpöökTube 인플루언서가 되어보세요! (혼자 가지는 않기를 강력하게 권장해 드립니다)
2163330,Yet Another Zombie Survivors,False,16500,10720,35,8,매우 긍정적,14664,0.9149,액션|캐주얼|인디|RPG,싱글 플레이어|Steam 도전 과제|컨트롤러 완벽 지원|카메라 움직임 조정|색상 대체|음량 개별 조절|난이도 조정|키보드 전용 옵션|마우스 전용 옵션|퀵타임 이벤트 없이 플레이 가능|DUALSHOCK 컨트롤러 지원|DUALSHOCK 컨트롤러 지원|DualSense 컨트롤러 지원|DualSense 컨트롤러 지원|Steam Cloud|Steam 순위표|Remote Play TV|가족 공유,싱글 플레이어,10,2026년 8월 20일,Awesome Games Studio,Awesome Games Studio,https://shared.akamai.steamstatic.com/store_item_assets/steam/apps/2163330/268dd84acee9b52e2878c9f6ddc4cae1261d403f/header_alt_assets_2_koreana.jpg?t=1787858180,무리가 다가오고 있지만 당신은 싸울 준비가 되어 있습니다! 팀을 구성하고 강화 방법을 결정하여 수천의 언데드에 대해 가장 효율적인 시너지를 찾아보세요. 생존하십시오. 그런 다음 진화하세요. 그리고 이 겉보기엔 단순하지만 중독성 있는 리버스 탄막 게임에서 모든 한계를 돌파하세요.
993090,Lossless Scaling,False,7800,7800,0,8,매우 긍정적,38697,0.9046,유틸리티,,,35,2018년 12월 28일,THS,THS,https://shared.akamai.steamstatic.com/store_item_assets/steam/apps/993090/84ba6dc3a83e3dd4c0739985edbaf2e4051f57c4/header.jpg?t=1762179586,All-in-one gaming utility for frame generation and scaling
1260320,Party Animals,False,25900,25900,0,6,대체로 긍정적,78835,0.7979,액션|캐주얼|인디,싱글 플레이어|멀티플레이어|PvP|온라인 PvP|스크린 공유 및 분할 PvP|협동|온라인 협동|스크린 공유 및 분할 협동|공유 및 분할 화면|크로스 플랫폼 멀티플레이어|Steam 도전 과제|컨트롤러 완벽 지원|앱 내 구매|게임패드 권장|DUALSHOCK 컨트롤러 지원|DUALSHOCK 컨트롤러 지원|DualSense 컨트롤러 지원|DualSense 컨트롤러 지원|Remote Play Together|가족 공유,싱글 플레이어|멀티플레이어|협동|온라인 협동|PvP,10,2023년 9월 20일,Recreate Games,Source Technology,https://shared.akamai.steamstatic.com/store_item_assets/steam/apps/1260320/header.jpg?t=1783653381,"Fight your friends as puppies, kittens and other fuzzy creatures in PARTY ANIMALS! Paw it out with your friends remotely, or huddle together for chaotic fun on the same screen. Interact with the world under our realistic physics engine. Did I mention PUPPIES?"
3028330,Battlefield™ REDSEC,True,0,0,0,5,복합적,16541,0.4449,액션|무료 플레이,싱글 플레이어|멀티플레이어|PvP|온라인 PvP|크로스 플랫폼 멀티플레이어|Steam 도전 과제|컨트롤러 완벽 지원|앱 내 구매|DUALSHOCK 컨트롤러 지원|DualSense 컨트롤러 지원|DualSense 컨트롤러 지원|Steam Cloud|HDR 사용 가능,싱글 플레이어|멀티플레이어|PvP,13,2025년 10월 28일,Battlefield Studios,Electronic Arts,https://shared.akamai.steamstatic.com/store_item_assets/steam/apps/3028330/7f156ef258b0b34011363f8da61b7e2a714232c7/header.jpg?t=1787838845,"Battlefield의 상징적인 DNA로 구축된 궁극의 무료 플레이 FPS 거점인 REDSEC에 오신 것을 환영합니다. 배틀 로얄, 건틀릿, Portal의 힘을 선보입니다."
701160,Kingdom Two Crowns,False,21500,4300,80,8,매우 긍정적,39453,0.9021,어드벤처|인디|시뮬레이션|전략,싱글 플레이어|멀티플레이어|협동|온라인 협동|스크린 공유 및 분할 협동|공유 및 분할 화면|Steam 도전 과제|컨트롤러 완벽 지원|DUALSHOCK 컨트롤러 지원|DualSense 컨트롤러 지원|Steam Cloud|Remote Play 휴대전화|Remote Play 태블릿|Remote Play TV|Remote Play Together|가족 공유,싱글 플레이어|멀티플레이어|협동|온라인 협동,11,2018년 12월 11일,Fury Studios|Coatsink,Raw Fury,https://shared.akamai.steamstatic.com/store_item_assets/steam/apps/701160/d72cfd4ce3ae1d24e54bf05d6255d56b6e20d5b5/header.jpg?t=1787901832,"코인을 모으고, 방어선을 구축하고, 무너진 왕국을 되찾으세요. 탐험을 통해 비밀을 밝혀내고, 새로운 기술을 잠금 해제해서 그리드 괴물들의 파상 공격으로부터 왕관을 지키세요. Kingdom은 아름다운 픽셀 세계를 배경으로 펼쳐지는 협동 전략 및 타워 디펜스 게임입니다."
3105440,Heroes of Might and Magic: Olden Era 히어로즈 오브 마이트 앤 매직: 올든 에라,False,39900,39900,0,8,매우 긍정적,22103,0.8692,RPG|전략|앞서 해보기,싱글 플레이어|멀티플레이어|PvP|온라인 PvP|스크린 공유 및 분할 PvP|공유 및 분할 화면|Steam 도전 과제|Steam 트레이딩 카드|색상 대체|#category_contrast_controls|음량 개별 조절|난이도 조정|마우스 전용 옵션|#category_playable_at_your_own_pace|퀵타임 이벤트 없이 플레이 가능|수시 저장|서라운드 사운드|Steam Cloud|Remote Play Together|가족 공유,싱글 플레이어|멀티플레이어|PvP,16,2026년 4월 30일,Unfrozen,Hooded Horse,https://shared.akamai.steamstatic.com/store_item_assets/steam/apps/3105440/1b4d6c4d876197e9806177e9853ccb8a13fb8274/header_koreana.jpg?t=1787907975,히어로즈 오브 마이트 앤 매직: 올든 에라는 장르의 근간이 되고 비평가들의 찬사를 받은 턴제 전략 게임 시리즈의 기원으로 거슬러 올라가는 공식 프리퀄입니다. 솔로 또는 멀티플레이로 대규모 군대를 일으키고 파괴적인 주문을 휘두르며 적을 물리치세요.
1940340,Darkest Dungeon® II,False,42000,13020,69,6,대체로 긍정적,26773,0.7467,인디|RPG|전략,싱글 플레이어|Steam 도전 과제|컨트롤러 완벽 지원|Steam 트레이딩 카드|Steam 창작마당|DUALSHOCK 컨트롤러 지원|DUALSHOCK 컨트롤러 지원|DualSense 컨트롤러 지원|DualSense 컨트롤러 지원|Steam Cloud|가족 공유,싱글 플레이어,15,2023년 5월 8일,Red Hook Studios,Red Hook Studios,https://shared.akamai.steamstatic.com/store_item_assets/steam/apps/1940340/header.jpg?t=1759351183,"Darkest Dungeon II는 저주받은 자들의 여정을 담은 로그라이크 게임입니다. 원정대를 모집하고, 짐마차를 꾸리고, 쇠락해 가는 땅을 거쳐 종말을 막고자 절박한 최후의 여정을 떠나 보십시오. 하지만 여러분이 마주하게 될 가장 크나큰 위험은 바로 내부로부터 출현할 것입니다..."
281990,Stellaris,False,55000,55000,0,8,매우 긍정적,196914,0.8576,시뮬레이션|전략,싱글 플레이어|멀티플레이어|크로스 플랫폼 멀티플레이어|Steam 도전 과제|Steam 트레이딩 카드|Steam 창작마당|Steam Cloud|가족 공유,싱글 플레이어|멀티플레이어,10,2016년 5월 9일,Paradox Development Studio,Paradox Interactive,https://shared.akamai.steamstatic.com/store_item_assets/steam/apps/281990/header.jpg?t=1782139685,"항성간 여행을 통해 우주를 탐험하며 수많은 종족들도 만나보세요. 과학선을 보내 우주를 조사하고 탐험하면서 은하 제국을 건설하고, 건축선을 보내 새로 발견한 행성에 기지를 건설하세요. 소속 사회를 위한 탐험에 나서 매장된 보물과 은하계의 경이를 발견하고, 탐험가의 한계치와 진화 범위를 설정하세요. 동맹이 체결되고, 전쟁이 선포됩니다."
2358720,검은 신화: 오공,False,64800,64800,0,9,압도적으로 긍정적,1208871,0.965,액션|어드벤처|RPG,싱글 플레이어|Steam 도전 과제|컨트롤러 완벽 지원|Steam 트레이딩 카드|게임패드 권장|퀵타임 이벤트 없이 플레이 가능|DualSense 컨트롤러 지원|DualSense 컨트롤러 지원|스테레오 사운드|서라운드 사운드|Steam Cloud|가족 공유,싱글 플레이어,15,2024년 8월 19일,Game Science,Game Science,https://shared.akamai.steamstatic.com/store_item_assets/steam/apps/2358720/header.jpg?t=1760601605,"《검은 신화: 오공》은 중국 신화를 배경으로 하는 액션 RPG 게임입니다. 당신은 '천명을 지닌 자'가 되어 과거의 전설 속 진실을 밝히기 위해, 위험과 놀라움이 가득한 서역으로의 여정에 나서게 됩니다."
1326470,Sons Of The Forest,False,32000,32000,0,8,매우 긍정적,317991,0.8845,액션|어드벤처|인디|시뮬레이션,싱글 플레이어|멀티플레이어|협동|온라인 협동|Steam 도전 과제|컨트롤러 완벽 지원|DUALSHOCK 컨트롤러 지원|DUALSHOCK 컨트롤러 지원|DualSense 컨트롤러 지원|DualSense 컨트롤러 지원|Steam Cloud|가족 공유,싱글 플레이어|멀티플레이어|협동|온라인 협동,16,2024년 2월 22일,Endnight Games Ltd,Newnight ,https://shared.akamai.steamstatic.com/store_item_assets/steam/apps/1326470/header.jpg?t=1708624856,외딴 섬에서 실종된 억만장자를 찾기 위해 파견된 당신은 식인종으로 가득한 지옥을 마주하게 됩니다. 이 무시무시한 오픈 월드 기반의 공포 서바이벌 시뮬레이터에서 혼자 또는 친구들과 함께 무기를 제작하고 건물을 지으며 생존을 위해 고군분투하세요.
391540,Undertale,False,10500,10500,0,9,압도적으로 긍정적,338575,0.9649,인디|RPG,싱글 플레이어|Steam 트레이딩 카드|Remote Play 휴대전화|Remote Play 태블릿|가족 공유,싱글 플레이어,2,2015년 9월 15일,tobyfox,tobyfox,https://shared.akamai.steamstatic.com/store_item_assets/steam/apps/391540/header.jpg?t=1757349115,UNDERTALE! The RPG game where you don't have to destroy anyone.
1607250,MY HERO ULTRA RUMBLE,True,0,0,0,5,복합적,27235,0.6845,액션|캐주얼|무료 플레이,싱글 플레이어|멀티플레이어|PvP|온라인 PvP|협동|온라인 협동|크로스 플랫폼 멀티플레이어|Steam 도전 과제|앱 내 구매|DUALSHOCK 컨트롤러 지원|DUALSHOCK 컨트롤러 지원|DualSense 컨트롤러 지원|DualSense 컨트롤러 지원|컨트롤러 일부 지원|가족 공유,싱글 플레이어|멀티플레이어|협동|온라인 협동|PvP,6,2023년 9월 28일,Byking Inc.,Bandai Namco Entertainment,https://shared.akamai.steamstatic.com/store_item_assets/steam/apps/1607250/header.jpg?t=1785376799,"『나의 히어로 아카데미아』의 캐릭터가 되어 3인 1조, 총 8팀으로 진행되는 배틀 로얄을 이겨나가라! ""개성""을 구사하여 온라인 동료들과 협력하면서 최후의 1팀이 되자!"
1677280,Company of Heroes 3,False,59800,59800,0,5,복합적,40024,0.5676,액션|전략,싱글 플레이어|멀티플레이어|PvP|온라인 PvP|협동|온라인 협동|Steam 도전 과제|Steam 트레이딩 카드|Steam 창작마당|통계|가족 공유,싱글 플레이어|멀티플레이어|협동|온라인 협동|PvP,15,2023년 2월 23일,Relic Entertainment,Relic Entertainment,https://shared.akamai.steamstatic.com/store_item_assets/steam/apps/1677280/header.jpg?t=1787074089,"사상 최대의 야심작으로 돌아온 Company of Heroes 3에서는 눈부신 지중해 전구를 배경으로 한 가슴 뛰는 전투와 심도 있는 전략적 선택이 갖춰져 있습니다. Company of Heroes 3의 전투에는 모두 이야기가 깃들어 있습니다... 여러분의 이야기는 무엇입니까?"""
2373990,나 혼자만 레벨업:어라이즈 오버드라이브,False,46000,27600,40,6,대체로 긍정적,9011,0.7117,액션|RPG,싱글 플레이어|멀티플레이어|협동|온라인 협동|컨트롤러 완벽 지원|DUALSHOCK 컨트롤러 지원|DUALSHOCK 컨트롤러 지원|DualSense 컨트롤러 지원|DualSense 컨트롤러 지원|Steam Cloud|가족 공유,싱글 플레이어|멀티플레이어|협동|온라인 협동,21,2025년 11월 24일,Netmarble Neo,Netmarble,https://shared.akamai.steamstatic.com/store_item_assets/steam/apps/2373990/1b460b4220b5f70b751302ada424bb5f54cbcfce/header_koreana.jpg?t=1781758887,"글로벌 143억 뷰 '나 혼자만 레벨업' 웹툰, 액션 RPG 게임으로 등장! 시작은 E급. 하지만 끝은 누구도 예측할 수 없다. 강력한 액션의 재미와 그림자 군주로 각성한 성진우, 그리고 4인 협동 레이드까지! 웹툰을 찢고 나온 감동, 나 혼자만 레벨업:어라이즈 오버드라이브에서 만나보세요!"
1139980,Travellers Rest,False,19500,14620,25,8,매우 긍정적,18062,0.8786,어드벤처|캐주얼|인디|RPG|시뮬레이션|앞서 해보기,싱글 플레이어|멀티플레이어|협동|온라인 협동|스크린 공유 및 분할 협동|공유 및 분할 화면|Steam 도전 과제|컨트롤러 완벽 지원|DUALSHOCK 컨트롤러 지원|DUALSHOCK 컨트롤러 지원|DualSense 컨트롤러 지원|DualSense 컨트롤러 지원|Steam Cloud|Remote Play Together|가족 공유,싱글 플레이어|멀티플레이어|협동|온라인 협동,23,2020년 7월 28일,Isolated Games,Isolated Games|IndieArk,https://shared.akamai.steamstatic.com/store_item_assets/steam/apps/1139980/b841b8cba7cd65e65d9f03680f09a99552c8a6d7/header_alt_assets_7.jpg?t=1786094805,"만들고, 경작하고, 짓고 요리하세요! Travellers Rest 에서 여러분은 왕국내 최고의 선술집 주인이 되기 위해 이용 가능한 모든 도구를 사용해야 할 것입니다. 세상과 다채로운 인물들을 발견해 특별한 요리와 음료들로 손님들을 대접해 기쁘게하세요."
3595270,콜 오브 듀티®: 모던 워페어 III 2023,False,84500,84500,0,5,복합적,21908,0.464,액션,싱글 플레이어|멀티플레이어|PvP|온라인 PvP|협동|온라인 협동|크로스 플랫폼 멀티플레이어|Steam 도전 과제|컨트롤러 완벽 지원|캡션 이용 가능|앱 내 구매,싱글 플레이어|멀티플레이어|협동|온라인 협동|PvP,15,2023년 11월 10일,Sledgehammer Games|Treyarch|Infinity Ward|Beenox|Raven Software|High Moon Studios|Demonware,Activision,https://shared.akamai.steamstatic.com/store_item_assets/steam/apps/3595270/7d0f21912a075c33bbb5ea558100e187ceb234ac/header.jpg?t=1778886604,기록을 경신한 콜 오브 듀티®: 모던 워페어 II 2022의 속편에서 프라이스 대위와 태스크 포스 141은 궁극의 위협에 맞서 싸웁니다.
2185060,투 포인트 뮤지엄,False,38000,38000,0,9,압도적으로 긍정적,13277,0.9538,캐주얼|인디|시뮬레이션|전략,싱글 플레이어|Steam 도전 과제|컨트롤러 완벽 지원|Steam 트레이딩 카드|Steam 창작마당|텍스트 크기 조정|카메라 움직임 조정|음량 개별 조절|마우스 전용 옵션|퀵타임 이벤트 없이 플레이 가능|DUALSHOCK 컨트롤러 지원|DUALSHOCK 컨트롤러 지원|DualSense 컨트롤러 지원|DualSense 컨트롤러 지원|수시 저장|스테레오 사운드|서라운드 사운드|Steam Cloud|가족 공유,싱글 플레이어,15,2025년 3월 4일,Two Point Studios,SEGA,https://shared.akamai.steamstatic.com/store_item_assets/steam/apps/2185060/f518d1aa2754296e280ba3fe0d2bd4392fa6e3eb/header.jpg?t=1787235787,"멋진 박물관을 개장하고 관리해 보세요! 놀라운 유물을 찾아 직접 탐사를 떠나세요. 박물관 인테리어를 직접 설계 및 개선하고, 직원들을 만족시키고, 관람객들을 즐겁게 하고, 풍성한 기부금을 유도하고… 아이들이 전시품을 함부로 만지지 못하게 떼어 놓으시고요."
286160,Tabletop Simulator,False,21500,21500,0,9,압도적으로 긍정적,74309,0.9594,캐주얼|인디|RPG|시뮬레이션|전략,싱글 플레이어|멀티플레이어|PvP|온라인 PvP|스크린 공유 및 분할 PvP|협동|온라인 협동|스크린 공유 및 분할 협동|공유 및 분할 화면|크로스 플랫폼 멀티플레이어|Steam 도전 과제|컨트롤러 완벽 지원|추적되는 컨트롤러 지원|VR 지원|Steam 트레이딩 카드|Steam 창작마당|Steam Cloud|레벨 에디터 포함|Remote Play Together|가족 공유,싱글 플레이어|멀티플레이어|협동|온라인 협동|PvP,1,2015년 6월 5일,Berserk Games,Berserk Games,https://shared.akamai.steamstatic.com/store_item_assets/steam/apps/286160/header.jpg?t=1772387518,"Tabletop Simulator is the only simulator where you can let your aggression out by flipping the table! There are no rules to follow: just you, a physics sandbox, and your friends. Make your own online board games or play the thousands of community created mods. Unlimited gaming possibilities!"
1282270,Strinova,True,0,0,0,6,대체로 긍정적,30674,0.7435,액션|대규모 멀티플레이어|무료 플레이,멀티플레이어|MMO|PvP|온라인 PvP|협동|온라인 협동|크로스 플랫폼 멀티플레이어|Steam 트레이딩 카드|캡션 이용 가능|앱 내 구매|가족 공유,멀티플레이어|협동|온라인 협동|PvP,10,2024년 11월 21일,iDreamSky,iDreamSky,https://shared.akamai.steamstatic.com/store_item_assets/steam/apps/1282270/6bd6c6b66dd137ddda618f5e9275633c740d7168/header.jpg?t=1786415566,스트리노바는 애니메이션 스타일 3인칭 대전 슈팅 게임입니다. 3차원과 2차원을 자유롭게 넘나들며 다른 게임과 차별화된 스트리노바의 독특한 전투 시스템과 박진감 넘치는 플레이를 경험해 보세요.
1604030,V Rising,False,34500,34500,0,8,매우 긍정적,136804,0.8896,액션|어드벤처|대규모 멀티플레이어,싱글 플레이어|멀티플레이어|PvP|온라인 PvP|LAN PvP|협동|온라인 협동|LAN 협동|Steam 도전 과제|카메라 움직임 조정|음량 개별 조절|난이도 조정|퀵타임 이벤트 없이 플레이 가능|DUALSHOCK 컨트롤러 지원|DUALSHOCK 컨트롤러 지원|DualSense 컨트롤러 지원|DualSense 컨트롤러 지원|수시 저장|스테레오 사운드|자막 옵션|서라운드 사운드|컨트롤러 일부 지원|Steam Cloud|가족 공유,싱글 플레이어|멀티플레이어|협동|온라인 협동|PvP,18,2024년 5월 8일,Stunlock Studios,Stunlock Studios,https://shared.akamai.steamstatic.com/store_item_assets/steam/apps/1604030/be49834ab147ad22ba17005fb847c93917d18b97/header.jpg?t=1787038382,뱀파이어로서 깨어나 인근 거주지에서 피 사냥을 통해 힘을 회복합니다. 치명적인 뜨거운 햇빛을 피하고 자신만의 성채를 건설하고 끊임없이 변화하는 신비로운 오픈 세계에서 발전합시다. 온라인에서 동맹군을 찾아 생존자의 땅을 정복하세요.
761890,알비온 온라인,True,0,0,0,6,대체로 긍정적,93443,0.7846,대규모 멀티플레이어|RPG|무료 플레이,멀티플레이어|MMO|PvP|온라인 PvP|크로스 플랫폼 멀티플레이어|Steam 도전 과제|앱 내 구매|DUALSHOCK 컨트롤러 지원|DUALSHOCK 컨트롤러 지원|DualSense 컨트롤러 지원|DualSense 컨트롤러 지원|컨트롤러 일부 지원|가족 공유,멀티플레이어|PvP,17,2018년 5월 16일,Sandbox Interactive GmbH,Sandbox Interactive GmbH,https://shared.akamai.steamstatic.com/store_item_assets/steam/apps/761890/ea5ce1793872e23cc9ce82ac1f317869c67469b6/header_alt_assets_2.jpg?t=1787224203,"알비온 온라인은 높은 자유도를 가진 판타지 MMORPG 게임으로, 플레이어가 직접 경제, 직업, 전투방식을 만들어가고 스릴 넘치는 PvP 전투를 경험할 수 있습니다. 위험과 기회가 가득한 방대한 세계를 탐험해 보세요. 부를 쌓고, 연합군을 결성하며 알비온 세계에 당신의 역사를 기록해 보세요."
3159330,어쌔신 크리드 섀도우스,False,79000,79000,0,6,대체로 긍정적,39358,0.753,액션|어드벤처|RPG,싱글 플레이어|Steam 도전 과제|Steam 트레이딩 카드|캡션 이용 가능|앱 내 구매|텍스트 크기 조정|카메라 움직임 조정|색상 대체|음량 개별 조절|난이도 조정|키보드 전용 옵션|마우스 전용 옵션|게임 메뉴 음성 안내|퀵타임 이벤트 없이 플레이 가능|DUALSHOCK 컨트롤러 지원|DUALSHOCK 컨트롤러 지원|DualSense 컨트롤러 지원|DualSense 컨트롤러 지원|수시 저장|스테레오 사운드|자막 옵션|서라운드 사운드|컨트롤러 일부 지원|HDR 사용 가능,싱글 플레이어,13,2025년 3월 19일,Ubisoft Quebec|Ubisoft Belgrade|Ubisoft Bordeaux|Ubisoft Bucharest & Craiova|Ubisoft Chengdu|Ubisoft Montpellier|Ubisoft Montreal|Ubisoft Osaka|Ubisoft Philippines|Ubisoft Shanghai|Ubisoft Singapore|Ubisoft Sofia|Ubisoft Ukraine,Ubisoft,https://shared.akamai.steamstatic.com/store_item_assets/steam/apps/3159330/header_koreana.jpg?t=1786637452,"봉건 시대 일본에서 장대한 액션 어드벤처를 체험하세요! 혼란스러운 시기를 담은 아름다운 오픈 월드를 탐험하며, 치명적인 시노비 암살자와 전설적인 최강의 사무라이로 거듭나게 됩니다."
1696770,The Mermaid Mask,False,21000,18900,10,9,압도적으로 긍정적,2586,0.995,어드벤처|캐주얼|인디,싱글 플레이어|Steam 도전 과제|컨트롤러 완벽 지원|음량 개별 조절|마우스 전용 옵션|#category_playable_at_your_own_pace|퀵타임 이벤트 없이 플레이 가능|DUALSHOCK 컨트롤러 지원|DUALSHOCK 컨트롤러 지원|DualSense 컨트롤러 지원|DualSense 컨트롤러 지원|수시 저장|터치 전용 옵션|Steam Cloud|가족 공유,싱글 플레이어,12,2026년 7월 16일,SFB Games,SFB Games,https://shared.akamai.steamstatic.com/store_item_assets/steam/apps/1696770/7fb7b905c4004e882bc7671e55507acadc5cd5bb/header.jpg?t=1784233084,"불가능한 밀실 살인 사건: 세계에서 가장 기이한 잠수함 내부, 수상한 용의자들이 가득한 이곳에서 모르투가 선장이 고대의 솥 옆에 쓰러진 채 발견됩니다. 손으로 직접 제작한 포인트 앤드 클릭 게임에서 날카로운 유머와 까다로운 퍼즐을 경험해 보세요. Tangle Tower와 Crow Country 제작진이 선사하는 새로운 미스터리에 푹 빠져 보세요."
3072450,FAKEBOOK : 페이크북,False,16500,16500,0,8,매우 긍정적,826,0.9116,어드벤처|캐주얼|인디|시뮬레이션,싱글 플레이어|Steam 도전 과제|Steam Cloud|가족 공유,싱글 플레이어,4,2024년 11월 10일,banjihagames,banjihagames,https://shared.akamai.steamstatic.com/store_item_assets/steam/apps/3072450/075daa095fd931bd237b3d98edb7d7de3e94305e/header_koreana.jpg?t=1785600928,"가상 SNS 공간을 무대로 펼쳐지는 포인트 앤 클릭 추리 어드벤처! 매일 수천만의 이용자가 일상을 공유하는 이곳에서 가족, 친구, 기업, 아이돌이 숨긴 비밀을 찾아내세요."
457140,Oxygen Not Included,False,26000,26000,0,9,압도적으로 긍정적,143551,0.9672,인디|시뮬레이션,싱글 플레이어|Steam 트레이딩 카드|가족 공유,싱글 플레이어,4,2019년 7월 30일,Klei Entertainment,Klei Entertainment,https://shared.akamai.steamstatic.com/store_item_assets/steam/apps/457140/header.jpg?t=1783532487,"Oxygen Not Included는 우주 콜로니 시뮬레이션 게임입니다. 외계의 우주 암석 깊은 곳에서 근면한 일꾼들은 생존하고 나아가 번영하기 위해 과학을 마스터하고, 낯선 새로운 생명체에 맞서며, 경이로운 우주 테크놀로지를 활용해야 합니다."
644930,They Are Billions,False,31000,27900,10,8,매우 긍정적,51374,0.8512,전략,싱글 플레이어|Steam 도전 과제|Steam 트레이딩 카드|Steam 창작마당|Steam Cloud|통계|Steam 순위표|레벨 에디터 포함|Remote Play 태블릿|가족 공유,싱글 플레이어,12,2019년 6월 18일,Numantian Games,Numantian Games,https://shared.akamai.steamstatic.com/store_item_assets/steam/apps/644930/header.jpg?t=1595631876,They Are Billions는 세계 종말 후의 행성에서 펼쳐지는 스팀펑크 전략 게임입니다. 얼마 남지 않은 인류를 몰살시키려는 수십억 명의 감염자들에 맞서 생존하기 위해 식민지를 건설하고 방어하십시오. 좀비 종말 이후 인류의 운명은?
2914150,융융 전파 신드롬,False,18000,18000,0,8,매우 긍정적,4222,0.9119,어드벤처|인디|시뮬레이션,싱글 플레이어|Steam 도전 과제|Steam Cloud|Steam 순위표|가족 공유,싱글 플레이어,15,2026년 4월 23일,Alliance Arts|WHO YOU,Alliance Arts,https://shared.akamai.steamstatic.com/store_item_assets/steam/apps/2914150/6c47221fb7c659c8212782cae025cce58ff16a1a/header_koreana.jpg?t=1777264751,"""""융융 전파 신드롬""""은 방구석 외톨이 소녀가 전파송을 듣고 최고로 UP된 정신 상태로 사랑스러운 괴문서를 작성해 정신나간 세상을 만드는 리듬 어드벤처 게임입니다. 덕후의 전파 능력으로 쓰레기 같은 세상을 빙글빙글 뒤틀어 박살내세요."
3681010,Nioh 3,False,79800,79800,0,6,대체로 긍정적,19143,0.78,액션|RPG,싱글 플레이어|멀티플레이어|협동|온라인 협동|Steam 도전 과제|Steam 트레이딩 카드|텍스트 크기 조정|카메라 움직임 조정|색상 대체|음량 개별 조절|키보드 전용 옵션|퀵타임 이벤트 없이 플레이 가능|DUALSHOCK 컨트롤러 지원|DualSense 컨트롤러 지원|DualSense 컨트롤러 지원|스테레오 사운드|자막 옵션|서라운드 사운드|컨트롤러 일부 지원|Steam Cloud|통계|Steam 순위표|가족 공유,싱글 플레이어|멀티플레이어|협동|온라인 협동,12,2026년 2월 5일,"KOEI TECMO GAMES CO., LTD.","KOEI TECMO GAMES CO., LTD.",https://shared.akamai.steamstatic.com/store_item_assets/steam/apps/3681010/a21264e9fd476dcb2901c2432b598107d024c5a8/header.jpg?t=1772090941,다크 전국 액션 RPG「Nioh」시리즈의 세 번째 작품. 탐색 자유도와 「Nioh」시리즈의 긴장감을 모두 갖춘 오픈 월드의 무대에서 「사무라이」와「닌자」 2개의 전투 스타일을 구사하여 강력한 요괴에게 도전하라!
2071280,Ravenswatch,False,27000,13500,50,6,대체로 긍정적,22514,0.7991,액션|어드벤처,싱글 플레이어|멀티플레이어|협동|온라인 협동|컨트롤러 완벽 지원|DUALSHOCK 컨트롤러 지원|DualSense 컨트롤러 지원|Steam Cloud|가족 공유,싱글 플레이어|멀티플레이어|협동|온라인 협동,12,2024년 9월 26일,Passtech Games,Nacon,https://shared.akamai.steamstatic.com/store_item_assets/steam/apps/2071280/header.jpg?t=1782466354,옛날이야기와 전설 속의 몰락한 영웅인 여러분은 세계를 타락시키려고 침범한 나이트매어와 맞서 중대한 전투를 치러야 합니다. Curse of the Dead Gods© 제작진이 선보이는 로그라이크 액션 게임을 1인 또는 온라인 협동 모드로 플레이하세요.
3450310,Europa Universalis V,False,66000,66000,0,5,복합적,30479,0.6672,전략,싱글 플레이어|멀티플레이어|PvP|온라인 PvP|협동|온라인 협동|Steam 도전 과제|Steam 트레이딩 카드|Steam 창작마당|Steam Cloud|가족 공유,싱글 플레이어|멀티플레이어|협동|온라인 협동|PvP,11,2025년 11월 4일,Paradox Tinto,Paradox Interactive,https://shared.akamai.steamstatic.com/store_item_assets/steam/apps/3450310/9944293cf93d5c11430d3b69941221b614c3ea70/header.jpg?t=1783587668,"Paradox Interactive의 대표적인 역사 대전략 게임, Europa Universalis의 최신 버전에서 전쟁, 교역 또는 외교를 활용해 위대한 야망을 충족하고 5세기에 걸친 역사를 지배하세요."
2440510,Forza Motorsport,False,79990,32000,60,5,복합적,12718,0.5117,레이싱,싱글 플레이어|멀티플레이어|PvP|온라인 PvP|크로스 플랫폼 멀티플레이어|Steam 도전 과제|컨트롤러 완벽 지원|Steam 트레이딩 카드|가족 공유,싱글 플레이어|멀티플레이어|PvP,21,2023년 10월 9일,Turn 10,Xbox Game Studios,https://shared.akamai.steamstatic.com/store_item_assets/steam/apps/2440510/header.jpg?t=1747073895,커리어에서 경쟁에서 앞서가세요. 멀티플레이어를 통해 세계에서 경주를 펼치세요. 세계적으로 유명한 27개의 트랙에서 500대 이상의 차량으로 경쟁하세요. 이제 짜릿한 뉘르부르크링 노르트슐라이페 코스도 포함되었습니다!
2835570,Buckshot Roulette,False,3400,1700,50,9,압도적으로 긍정적,124926,0.9515,액션|인디|시뮬레이션,싱글 플레이어|멀티플레이어|PvP|온라인 PvP|Steam 도전 과제|Steam 트레이딩 카드|DUALSHOCK 컨트롤러 지원|DUALSHOCK 컨트롤러 지원|DualSense 컨트롤러 지원|DualSense 컨트롤러 지원|컨트롤러 일부 지원|Steam 순위표|가족 공유,싱글 플레이어|멀티플레이어|PvP,17,2024년 4월 4일,Mike Klubnika,CRITICAL REFLEX,https://shared.akamai.steamstatic.com/store_item_assets/steam/apps/2835570/header.jpg?t=1783085442,12게이지 액션 12게이지 샷건으로 러시안 룰렛을 플레이하세요. 들어갈 때는 넷이오. 나올 때는 하나입니다. 목숨을 걸고 주사위를 던지세요. 행운을 빕니다!
962130,Grounded,False,39900,39900,0,8,매우 긍정적,95547,0.8975,액션|어드벤처,싱글 플레이어|멀티플레이어|협동|온라인 협동|컨트롤러 완벽 지원|Steam 트레이딩 카드|Steam Cloud|Remote Play 태블릿|가족 공유,싱글 플레이어|멀티플레이어|협동|온라인 협동,16,2022년 9월 27일,Obsidian Entertainment,Xbox Game Studios,https://shared.akamai.steamstatic.com/store_item_assets/steam/apps/962130/header.jpg?t=1768264530,"The world is a vast, beautiful and dangerous place – especially when you have been shrunk to the size of an ant. Can you thrive alongside the hordes of giant insects, fighting to survive the perils of the backyard?"
3101040,Magical Girl Witch Trials (魔法少女ノ魔女裁判),False,32000,32000,0,9,압도적으로 긍정적,33872,0.9652,어드벤처|인디|시뮬레이션,싱글 플레이어|음량 개별 조절|마우스 전용 옵션|퀵타임 이벤트 없이 플레이 가능|터치 전용 옵션|Steam Cloud|Remote Play 태블릿|가족 공유,싱글 플레이어,2,2025년 7월 18일,"Acacia|Re,AER","Re,AER|CIRCLE LINE GAMES",https://shared.akamai.steamstatic.com/store_item_assets/steam/apps/3101040/header.jpg?t=1787610747,"Thirteen girls awaken, only to find themselves in a prison. What awaits them: a Witch Trial. Help them prepare for the trial by exploring the prison in order to find the witch hidden amongst them. Find the witch, learn what kind of magic she holds, dispel the lies, and prepare for the execution."
2878600,해리 포터: 퀴디치 챔피언,False,40800,6120,85,6,대체로 긍정적,3428,0.7477,액션|스포츠,싱글 플레이어|멀티플레이어|PvP|온라인 PvP|협동|온라인 협동|크로스 플랫폼 멀티플레이어|Steam 도전 과제|컨트롤러 완벽 지원|게임패드 권장|DUALSHOCK 컨트롤러 지원|DUALSHOCK 컨트롤러 지원|DualSense 컨트롤러 지원|DualSense 컨트롤러 지원|가족 공유,싱글 플레이어|멀티플레이어|협동|온라인 협동|PvP,13,2024년 9월 3일,Unbroken Studios,Warner Bros. Games,https://shared.akamai.steamstatic.com/store_item_assets/steam/apps/2878600/header.jpg?t=1733419991,"당신의 다음 챕터가 비행을 시작합니다! 나 홀로 플레이하거나 친구들과 마법을 공유하며, 마법으로 가득한 퀴디치 세계에 뛰어드세요."
550650,Black Squad,True,0,0,0,6,대체로 긍정적,81226,0.7582,액션|무료 플레이,멀티플레이어|Steam 도전 과제|Steam 트레이딩 카드|앱 내 구매|가족 공유,멀티플레이어,14,2019년 6월 26일,VALOFE|NS STUDIO,VALOFE,https://shared.akamai.steamstatic.com/store_item_assets/steam/apps/550650/header.jpg?t=1756315059,"Black Squad is a free-to-play military first-person-shooter. Players can master their skills and show off their strategies with a wide range of game maps, modes, and weapons to choose from. Join thousands of FPS players worldwide in one of the most played games on Steam!"
1085660,데스티니 가디언즈,True,0,0,0,6,대체로 긍정적,661511,0.7854,액션|어드벤처|무료 플레이,싱글 플레이어|멀티플레이어|PvP|온라인 PvP|협동|온라인 협동|Steam 도전 과제|앱 내 구매|색상 대체|음량 개별 조절|DUALSHOCK 컨트롤러 지원|DualSense 컨트롤러 지원|자막 옵션|컨트롤러 일부 지원|가족 공유,싱글 플레이어|멀티플레이어|협동|온라인 협동|PvP,13,2019년 10월 1일,Bungie,Bungie,https://shared.akamai.steamstatic.com/store_item_assets/steam/apps/1085660/34e901dac9d959129d25c4b7ae8def80df99827e/header_koreana.jpg?t=1781815889,"데스티니 가디언즈에서 태양계의 미스터리를 탐험하고 짜릿한 1인칭 슈팅 전투를 경험하세요. 이야기 임무, 협동, PvP 모드에서 강력한 능력을 해제하고 특별한 장비를 수집하세요."
815370,Green Hell,False,29000,2900,90,8,매우 긍정적,101473,0.8469,액션|어드벤처|인디|시뮬레이션,싱글 플레이어|멀티플레이어|협동|온라인 협동|Steam 도전 과제|Steam 트레이딩 카드|텍스트 크기 조정|카메라 움직임 조정|음량 개별 조절|난이도 조정|퀵타임 이벤트 없이 플레이 가능|스테레오 사운드|자막 옵션|컨트롤러 일부 지원|Steam Cloud|Remote Play 태블릿|가족 공유,싱글 플레이어|멀티플레이어|협동|온라인 협동,20,2019년 9월 5일,Creepy Jar,Creepy Jar,https://shared.akamai.steamstatic.com/store_item_assets/steam/apps/815370/header.jpg?t=1783077147,"미지의 아마존 정글 극한 환경을 배경으로 한 오픈 월드 서바이벌 시뮬레이션 게임에 참여해 보세요. 현실에서의 생존 기술을 사용하여 제작, 사냥, 전투, 자원을 수집하고, 임시 대피소를 짓거나 요새를 구축하세요. 혼자 생존하거나 친구들과 팀을 이루어 함께 정글에 도전하세요."
2918150,ONE PIECE Bounty Rush,True,0,0,0,5,복합적,5173,0.6851,액션|무료 플레이,싱글 플레이어|멀티플레이어|PvP|온라인 PvP|협동|온라인 협동|Steam 도전 과제|컨트롤러 완벽 지원|앱 내 구매|DUALSHOCK 컨트롤러 지원|DUALSHOCK 컨트롤러 지원|DualSense 컨트롤러 지원|DualSense 컨트롤러 지원|가족 공유,싱글 플레이어|멀티플레이어|협동|온라인 협동|PvP,8,2024년 9월 23일,SEGA,Bandai Namco Entertainment Inc.,https://shared.akamai.steamstatic.com/store_item_assets/steam/apps/2918150/header.jpg?t=1774508259,해적이라면 빼앗아라―― 최대 플레이어 4 vs 4로 펼쳐지는 팀 대전 액션 등장. 팀의 전략이 승패를 좌우하는 베리 탈취 대전 게임입니다.
766570,Russian Fishing 4,True,0,0,0,5,복합적,90126,0.6052,어드벤처|캐주얼|대규모 멀티플레이어|RPG|시뮬레이션|스포츠|무료 플레이,싱글 플레이어|멀티플레이어|MMO|PvP|온라인 PvP|Steam 도전 과제|앱 내 구매|통계|가족 공유,싱글 플레이어|멀티플레이어|PvP,15,2021년 11월 10일,FishSoft LLC,FishSoft LLC,https://shared.akamai.steamstatic.com/store_item_assets/steam/apps/766570/header.jpg?t=1752656375,러시안 낚시 4는 RPG 요소가 있는 낚시 시뮬레이터입니다. 스토리 라인은 없으며 전체 과정은 개방적이고 자유롭게 돌아다닐 수 있으며 게임을 플레이할 수 있다는 개념을 기반으로 합니다.
4843210,Hell Deck,False,1100,1100,0,8,매우 긍정적,148,0.8851,전략,싱글 플레이어|Steam 도전 과제|음량 개별 조절|키보드 전용 옵션|마우스 전용 옵션|#category_playable_at_your_own_pace|퀵타임 이벤트 없이 플레이 가능|수시 저장|Steam Cloud|가족 공유,싱글 플레이어,9,2026년 8월 3일,OFFMOON Inc.,OFFMOON Inc.| ,https://shared.akamai.steamstatic.com/store_item_assets/steam/apps/4843210/35139d0ac3dfb9297ee12270c51c523577d14e6a/header.jpg?t=1787879807,"헬 덱(Hell Deck)은 어둡고 뒤틀린 세계관을 무대로 하는 다크 로그라이크 덱빌딩 디펜스 게임입니다. 이곳의 전장은 살아 숨 쉬며 요동치는 잔혹한 생태계이며, 생존의 대가는 오직 살점과 피로만 치를 수 있습니다. 당신의 유닛들을 포식과 희생의 굴레로 밀어 넣고, 기괴한 먹이사슬을 설계하여 성스러운 군단의 침공을 격퇴하세요."
1466860,Age of Empires IV: Anniversary Edition,False,39900,39900,0,8,매우 긍정적,95361,0.857,전략,싱글 플레이어|멀티플레이어|PvP|온라인 PvP|협동|온라인 협동|크로스 플랫폼 멀티플레이어|Steam 도전 과제|컨트롤러 완벽 지원|DualSense 컨트롤러 지원|DualSense 컨트롤러 지원|Steam Input API 지원|가족 공유,싱글 플레이어|멀티플레이어|협동|온라인 협동|PvP,26,2021년 10월 28일,World's Edge|Relic Entertainment|Forgotten Empires|Climax Studios,Xbox Game Studios,https://shared.akamai.steamstatic.com/store_item_assets/steam/apps/1466860/header.jpg?t=1780854334,수백만 명의 글로벌 플레이어를 기쁘게하는 첫 해를 축하하는 수상 경력에 빛나는 베스트셀러 전략 프랜차이즈는 에이지 오브 엠파이어 IV: 기념일 에디션으로 계속되어 세계를 형성 한 더욱 서사시적인 역사적 전투의 중심에 서게합니다.
219990,Grim Dawn,False,26500,26500,0,8,매우 긍정적,109264,0.9348,액션|어드벤처|인디|RPG,싱글 플레이어|멀티플레이어|협동|온라인 협동|LAN 협동|Steam 도전 과제|컨트롤러 완벽 지원|Steam 트레이딩 카드|Steam Input API 지원|Steam Cloud|레벨 에디터 포함|Remote Play 태블릿|Remote Play TV|가족 공유,싱글 플레이어|멀티플레이어|협동|온라인 협동,13,2016년 2월 25일,Crate Entertainment,Crate Entertainment,https://shared.akamai.steamstatic.com/store_item_assets/steam/apps/219990/header.jpg?t=1785095531,"Enter an apocalyptic fantasy world where humanity is on the brink of extinction, iron is valued above gold and trust is hard earned. This ARPG features complex character development, hundreds of unique items, crafting and quests with choice & consequence."
2646460,Soulmask,False,32000,32000,0,6,대체로 긍정적,22245,0.771,어드벤처|인디|RPG|시뮬레이션,싱글 플레이어|멀티플레이어|PvP|온라인 PvP|LAN PvP|협동|온라인 협동|LAN 협동|Steam 도전 과제|Steam 창작마당|Steam Cloud|가족 공유,싱글 플레이어|멀티플레이어|협동|온라인 협동|PvP,10,2026년 4월 9일,CampFire Studio,Qooland Games,https://shared.akamai.steamstatic.com/store_item_assets/steam/apps/2646460/eea9002ad10e3ab4050a2d6bfeab143406c1e886/header_alt_assets_13.jpg?t=1787057248,"당신은 위험천만한 원시 제사 의식에서 가까스로 탈출한 후, 도망 중에 우연히 신비한 마스크를 얻게 되는데… 이 마스크는 상상도 못 할 정도의 지식과 힘으로 당신의 기존 신념을 뒤흔들어 놓지만, 생존과 투쟁에 대한 새로운 희망도 불어넣어 줍니다. 가혹한 자연에서 살아남고, 당신을 추종하는 사람들을 모아 부족을 이루어, 이 세계의 문명과 신비한 마스크 뒤에 숨겨진 진실을 찾아내세요."
1812450,Bellwright,False,32000,21120,34,8,매우 긍정적,21368,0.8022,액션|RPG|시뮬레이션|전략|앞서 해보기,싱글 플레이어|멀티플레이어|협동|온라인 협동|Steam 도전 과제|Steam 창작마당|음량 개별 조절|난이도 조정|퀵타임 이벤트 없이 플레이 가능|수시 저장|스테레오 사운드|컨트롤러 일부 지원|Steam Cloud|HDR 사용 가능|가족 공유,싱글 플레이어|멀티플레이어|협동|온라인 협동,18,2024년 4월 23일,Donkey Crew,Donkey Crew|Snail Games USA,https://shared.akamai.steamstatic.com/store_item_assets/steam/apps/1812450/header.jpg?t=1786637342,자신만의 정착지를 건설하고 영토를 확장하여 땅을 해방시키고 주민들을 도와주세요. 과거의 삶에 대해 더 배우는 한편 다른 사람들을 당신의 대의에 끌어들여 동참시키세요. 군대를 지휘하고 전투를 통해 용맹함을 증명하며 국민의 영웅으로 자리 잡으세요.
3837350,스테퍼 레트로: 초능력 추리 퀘스트,False,32000,32000,0,8,매우 긍정적,1098,0.9007,어드벤처|인디,싱글 플레이어|Steam 도전 과제|컨트롤러 완벽 지원|음량 개별 조절|마우스 전용 옵션|#category_playable_at_your_own_pace|퀵타임 이벤트 없이 플레이 가능|DUALSHOCK 컨트롤러 지원|DUALSHOCK 컨트롤러 지원|DualSense 컨트롤러 지원|DualSense 컨트롤러 지원|수시 저장|Steam Cloud|가족 공유,싱글 플레이어,7,2026년 7월 22일,Team Tetrapod,"Team Tetrapod|GamePia Co., Ltd.",https://shared.akamai.steamstatic.com/store_item_assets/steam/apps/3837350/b12632f5f23c31a3e96dbbc09498ac519f213fae/header_koreana.jpg?t=1787551550,"Staffer Retro는 초능력을 사용 가능케 하는 물질, '마나'와 관련된 과거의 사건들을 추적해 나가는 추리 어드벤처 게임입니다. 대화와 탐색을 통해 정보를 수집하고 문서 위의 단서를 조합해가며 주인공, 베리타 레트로의 선택을 이끌어 보세요. 이 게임은 여러분과 베리타가 만들어내는 하나의 이야기이며, 여러분의 추리에 따라 이야기의 방향성이 달라지게 될 것입니다!"
812140,Assassin's Creed® Odyssey,False,65000,65000,0,8,매우 긍정적,187919,0.8872,액션|어드벤처|RPG,싱글 플레이어|Steam 도전 과제|Steam 트레이딩 카드|캡션 이용 가능|앱 내 구매|카메라 움직임 조정|음량 개별 조절|난이도 조정|키보드 전용 옵션|마우스 전용 옵션|퀵타임 이벤트 없이 플레이 가능|수시 저장|스테레오 사운드|서라운드 사운드|컨트롤러 일부 지원|Remote Play 휴대전화|Remote Play 태블릿|HDR 사용 가능,싱글 플레이어,15,2018년 10월 5일,Ubisoft Quebec|Ubisoft Montreal|Ubisoft Bucharest|Ubisoft Singapore|Ubisoft Montpellier|Ubisoft Kiev|Ubisoft Shanghai,Ubisoft,https://shared.akamai.steamstatic.com/store_item_assets/steam/apps/812140/header.jpg?t=1786633104,"고대 그리스로 모험을 떠나, 운명을 바꾸는 주인공이 되어 보세요. 육지와 바다를 넘나들며 치열한 전투를 치르세요. 낙오자에서 영웅으로, 자신의 운명을 스스로 개척하고 내 과거의 숨겨진 비밀을 밝혀내세요."
1771300,Kingdom Come: Deliverance II,False,60800,60800,0,8,매우 긍정적,193739,0.9392,액션|어드벤처|RPG,싱글 플레이어|Steam 도전 과제|컨트롤러 완벽 지원|Steam 트레이딩 카드|음량 개별 조절|퀵타임 이벤트 없이 플레이 가능|DUALSHOCK 컨트롤러 지원|DualSense 컨트롤러 지원|DualSense 컨트롤러 지원|스테레오 사운드|서라운드 사운드|Steam Cloud|가족 공유,싱글 플레이어,15,2025년 2월 4일,Warhorse Studios,Deep Silver,https://shared.akamai.steamstatic.com/store_item_assets/steam/apps/1771300/header.jpg?t=1777975568,15세기 중세 유럽을 배경으로 한 풍부한 오픈 월드에서 펼쳐지는 스릴 넘치는 스토리 중심 액션 RPG. 엄청난 규모의 여정에 올라 청년 헨리의 눈을 통해 최고의 중세 어드벤처를 경험하세요.
1888930,The Last of Us™ Part I,False,62800,62800,0,8,매우 긍정적,108311,0.8436,액션|어드벤처,싱글 플레이어|Steam 도전 과제|컨트롤러 완벽 지원|Steam 트레이딩 카드|텍스트 크기 조정|카메라 움직임 조정|색상 대체|음량 개별 조절|난이도 조정|게임패드 권장|게임 메뉴 음성 안내|DUALSHOCK 컨트롤러 지원|DUALSHOCK 컨트롤러 지원|DualSense 컨트롤러 지원|DualSense 컨트롤러 지원|수시 저장|스테레오 사운드|자막 옵션|서라운드 사운드|Steam Cloud|Remote Play TV|가족 공유,싱글 플레이어,25,2023년 3월 28일,Naughty Dog LLC|Iron Galaxy Studios,PlayStation Publishing LLC,https://shared.akamai.steamstatic.com/store_item_assets/steam/apps/1888930/header.jpg?t=1750959031,"많은 호평을 받은 TV 시리즈의 영감이 된 게임 수상작을 만나보세요. The Last of Us™에서 조엘, 그리고 엘리와 함께 재난 이후의 미국을 탐험하고, 잊지 못할 동료 그리고 적과 조우하세요."
594570,토탈워: 워해머 2,False,59800,59800,0,8,매우 긍정적,121444,0.93,액션|전략,싱글 플레이어|멀티플레이어|PvP|온라인 PvP|LAN PvP|협동|온라인 협동|LAN 협동|Steam 도전 과제|Steam 트레이딩 카드|Steam 창작마당|카메라 움직임 조정|색상 대체|음량 개별 조절|난이도 조정|퀵타임 이벤트 없이 플레이 가능|수시 저장|스테레오 사운드|서라운드 사운드|Remote Play 태블릿|가족 공유,싱글 플레이어|멀티플레이어|협동|온라인 협동|PvP,13,2017년 9월 28일,CREATIVE ASSEMBLY|Feral Interactive (Mac)|Feral Interactive (Linux),SEGA|Feral Interactive (Mac)|Feral Interactive (Linux),https://shared.akamai.steamstatic.com/store_item_assets/steam/apps/594570/header.jpg?t=1780389571,"러스트리아의 세력이 당신의 지휘를 기다립니다. 전설적인 군주를 선택하고, 군대를 확장하고, 전략적 턴제 캠페인에서 동맹을 맺고, 박진감 넘치는 실시간 전투에서 자신이 양성한 군단의 괴물 같은 위력을 마음껏 발휘하세요."
8930,Sid Meier's Civilization® V,False,32000,32000,0,9,압도적으로 긍정적,210606,0.956,전략,싱글 플레이어|멀티플레이어|Steam 도전 과제|Steam 트레이딩 카드|Steam Cloud|Remote Play 태블릿|가족 공유,싱글 플레이어|멀티플레이어,10,2010년 9월 23일,Firaxis Games|Aspyr (Mac)|Aspyr (Linux),2K|Aspyr (Mac)|Aspyr (Linux),https://shared.akamai.steamstatic.com/store_item_assets/steam/apps/8930/header.jpg?t=1724341158,"Create, discover, and download new player-created maps, scenarios, interfaces, and more!"
3219630,Halloween: The Game,False,41000,41000,0,0,사용자 평가 없음,0,0.0,액션,싱글 플레이어|멀티플레이어|PvP|온라인 PvP|협동|온라인 협동|Steam 도전 과제|컨트롤러 완벽 지원|Steam 트레이딩 카드|DUALSHOCK 컨트롤러 지원|DualSense 컨트롤러 지원|Steam Cloud|가족 공유,싱글 플레이어|멀티플레이어|협동|온라인 협동|PvP,10,2026년 9월 8일,IllFonic,IllFonic Publishing|Co-Publisher: Gun Interactive,https://shared.akamai.steamstatic.com/store_item_assets/steam/apps/3219630/153ed105c4b409fe689783e4f9b6aad72c152646/header.jpg?t=1787962852,"1978년 핼러윈 밤, 마이클 마이어스로부터 안전한 사람은 아무도 없습니다. ‘Halloween’에서 부기맨이 되어 공포를 선사할 것인지, 아니면 악의 화신과 맞서 싸울 것인지 선택하세요."
2531310,The Last of Us™ Part II Remastered,False,52800,52800,0,8,매우 긍정적,54624,0.9094,액션|어드벤처,싱글 플레이어|Steam 도전 과제|컨트롤러 완벽 지원|텍스트 크기 조정|카메라 움직임 조정|색상 대체|음량 개별 조절|난이도 조정|게임 메뉴 음성 안내|DUALSHOCK 컨트롤러 지원|DUALSHOCK 컨트롤러 지원|DualSense 컨트롤러 지원|DualSense 컨트롤러 지원|수시 저장|Steam Input API 지원|스테레오 사운드|자막 옵션|서라운드 사운드|Steam Cloud|HDR 사용 가능|가족 공유,싱글 플레이어,25,2025년 4월 3일,Naughty Dog LLC|Nixxes Software|Iron Galaxy Studios,PlayStation Publishing LLC,https://shared.akamai.steamstatic.com/store_item_assets/steam/apps/2531310/header.jpg?t=1750959180,"300개가 넘는 GOTY 수상작의 리마스터 버전을 PC에서 경험해 보세요. 그래픽 개선은 물론, 로그라이크 서바이벌 모드 노 리턴과 같은 새로운 게임플레이 모드와 같은 다양한 기능을 포함합니다."
1062520,Dinkum(딩컴),False,24000,19200,20,8,매우 긍정적,29083,0.9182,어드벤처|캐주얼|인디|RPG|시뮬레이션,싱글 플레이어|멀티플레이어|협동|온라인 협동|컨트롤러 완벽 지원|DUALSHOCK 컨트롤러 지원|DUALSHOCK 컨트롤러 지원|DualSense 컨트롤러 지원|DualSense 컨트롤러 지원|Steam Cloud|가족 공유,싱글 플레이어|멀티플레이어|협동|온라인 협동,14,2025년 4월 22일,James Bendon,"KRAFTON, Inc.",https://shared.akamai.steamstatic.com/store_item_assets/steam/apps/1062520/04b22b3889c6d2c903745595c3acd29842473399/header.jpg?t=1767607973,"딩컴은 거친 호주 아웃백을 닮은 섬에서 펼쳐지는 시뮬레이션 게임입니다. 농업, 사냥, 채광, 낚시, 채집을 통해 자원을 모아 마을을 확장하고, 친구들과 어울리며 딩컴의 특별한 매력을 경험해보세요."
1145350,Hades II,False,32000,32000,0,9,압도적으로 긍정적,122803,0.9572,액션|인디|RPG,싱글 플레이어|Steam 도전 과제|컨트롤러 완벽 지원|Steam 트레이딩 카드|캡션 이용 가능|DUALSHOCK 컨트롤러 지원|DUALSHOCK 컨트롤러 지원|DualSense 컨트롤러 지원|DualSense 컨트롤러 지원|Steam Cloud|가족 공유,싱글 플레이어,15,2025년 9월 25일,Supergiant Games,Supergiant Games,https://shared.akamai.steamstatic.com/store_item_assets/steam/apps/1145350/91ac334a2c137d08968ccc0bc474a02579602100/header.jpg?t=1779901265,수상 경력에 빛나는 로그라이크 던전 크롤러의 매혹적인 속편에서 어둠의 마법을 펼치며 시간의 티탄에게 맞서 지하세계 너머에서 전투를 벌이세요.
833360,Star Valor,False,27000,8100,70,8,매우 긍정적,3428,0.8856,액션|인디|RPG,싱글 플레이어|Steam 도전 과제|Steam 트레이딩 카드|컨트롤러 일부 지원|Steam Cloud|가족 공유,싱글 플레이어,12,2022년 8월 3일,Rafael Burgos,Rafael Burgos,https://shared.akamai.steamstatic.com/store_item_assets/steam/apps/833360/header.jpg?t=1787179391,"절차적으로 생성된 오픈 월드 갤럭시를 탐험하며 자신의 운명을 선택하세요. 광부, 상인, 현상금 사냥꾼, 해적 또는 만능 캐릭터가 되어 보세요. 작은 시작을 통해 정상에 오르지만, 모든 행동에는 그에 따른 결과가 따른다는 것을 기억하세요."
4214820,왕좌의 게임: 킹스로드,True,0,0,0,5,복합적,4041,0.6335,액션|무료 플레이,싱글 플레이어|멀티플레이어|협동|온라인 협동|크로스 플랫폼 멀티플레이어|앱 내 구매|카메라 움직임 조정|음량 개별 조절|#category_playable_at_your_own_pace|퀵타임 이벤트 없이 플레이 가능|DualSense 컨트롤러 지원|DualSense 컨트롤러 지원|컨트롤러 일부 지원|가족 공유,싱글 플레이어|멀티플레이어|협동|온라인 협동,7,2026년 5월 14일,Netmarble Neo,Netmarble,https://shared.akamai.steamstatic.com/store_item_assets/steam/apps/4214820/d4c927286e1e33d282865c7f4523674cee8a16b2/header_koreana.jpg?t=1784092033,"왕좌의 게임 킹스로드는 HBO의 TV드라마를 원작으로 한 액션 RPG 게임으로, 전례 없는 규모와 디테일로 웨스테로스를 생생하게 구현했습니다. 얼음처럼 차가운 음모와 불꽃 같은 전쟁이 공존하는 이 땅에서, 명예와 생존 사이의 위태로운 경계를 걷게 될 것입니다. 장벽 너머의 어둠이 깨어나고 왕국의 질서가 무너지는 지금, 이제 당신의 선택이 웨스테로스의 새로운 역사가 됩니다!"
1029780,Going Medieval,False,32000,24000,25,8,매우 긍정적,21346,0.8912,인디|RPG|시뮬레이션|전략,싱글 플레이어|Steam 도전 과제|Steam 트레이딩 카드|Steam 창작마당|텍스트 크기 조정|카메라 움직임 조정|음량 개별 조절|난이도 조정|마우스 전용 옵션|퀵타임 이벤트 없이 플레이 가능|수시 저장|Steam Cloud|가족 공유,싱글 플레이어,11,2026년 3월 17일,Foxy Voxel,Mythwright,https://shared.akamai.steamstatic.com/store_item_assets/steam/apps/1029780/4ace74f98f6fb1d7b8abec7918bfa2a440f447e5/header.jpg?t=1785745038,"야생으로 돌아간 땅에서 나만의 성 정착지를 건설하고 관리하세요. 세부적인 관리, 생존 전략, 모드 지원 샌드박스 세계를 갖춘 게임, Going Medieval에서 여러분의 목표는 종말 후 세계에서 가장 강력한 식민지를 세우는 것입니다."
1825750,소울워커,True,0,0,0,5,복합적,2669,0.6527,액션|대규모 멀티플레이어|RPG|무료 플레이,싱글 플레이어|멀티플레이어|협동|온라인 협동|크로스 플랫폼 멀티플레이어|앱 내 구매|가족 공유,싱글 플레이어|멀티플레이어|협동|온라인 협동,1,2022년 3월 16일,VALOFE,VALOFE,https://shared.akamai.steamstatic.com/store_item_assets/steam/apps/1825750/header_koreana.jpg?t=1734322141,어둠이 드리운 세상으로 소울워커와 함께 모험 가득한 여행을 떠나자! 강력한 감정의 에너지를 바탕으로 어둠의 세력으로부터 세상을 구해낼 소울워커 참담한 절망만이 가득한 세계 - 당신은 세상을 구원할 유일한 소울워커입니다.
1631270,StarRupture,False,30000,24000,20,8,매우 긍정적,13285,0.8076,액션|어드벤처|인디|시뮬레이션|앞서 해보기,싱글 플레이어|멀티플레이어|협동|온라인 협동|음량 개별 조절|퀵타임 이벤트 없이 플레이 가능|수시 저장|스테레오 사운드|Steam Cloud|가족 공유,싱글 플레이어|멀티플레이어|협동|온라인 협동,12,2026년 1월 6일,Creepy Jar,Creepy Jar,https://shared.akamai.steamstatic.com/store_item_assets/steam/apps/1631270/header.jpg?t=1787319937,"StarRupture 은 고도의 전투력과 대량의 탐험요소를 갖춘 1인칭 오픈 월드 기지 건설 게임이다. 장엄하고 끊임없이 변화하는 행성에서 혼자서 또는 최대 4명의 친구들과 함께 플레이 할 수 있다. 자원 추출 및 관리을 통해 자신의 복합형 산업 시스템을 구축하는 한편, 수많은 외계 몬스터들을 물리치는 전투를 벌인다."
2128480,스테퍼 케이스: 초능력 추리 어드벤처,False,21000,11760,44,8,매우 긍정적,4269,0.9396,어드벤처,싱글 플레이어|Steam 도전 과제|컨트롤러 완벽 지원|Steam 트레이딩 카드|Steam Cloud|가족 공유,싱글 플레이어,5,2023년 4월 30일,Team Tetrapod,Team Tetrapod,https://shared.akamai.steamstatic.com/store_item_assets/steam/apps/2128480/7d81e31d9835d11618e47b0bfa4a1d80de1ac557/header_koreana.jpg?t=1763696817,"[스테퍼 케이스]는 살인사건과 관련된 문서를 다루며 그 사이의 모순을 찾아내는 신개념 추리게임 입니다. 무대는 1960년대, 도시 인구의 1할이 초능력자인 가상의 런던. 이 도시에서는 스테퍼라고 불리는 초능력자들에 의한 사건, 마나사건이 끊임없이 일어납니다.플레이어는 마나사건 담당반의 신입 수사관, 노트릭이 되어 사건을 해결해 나갑니다."
2111630,JR EAST Train Simulator,False,31300,31300,0,6,대체로 긍정적,1250,0.7688,시뮬레이션,싱글 플레이어|컨트롤러 완벽 지원|DUALSHOCK 컨트롤러 지원|DualSense 컨트롤러 지원|Steam Input API 지원|가족 공유,싱글 플레이어,2,2022년 11월 14일,"ONGAKUKAN Co.,Ltd.","EAST JAPAN RAILWAY TRADING CO., LTD.",https://shared.akamai.steamstatic.com/store_item_assets/steam/apps/2111630/header.jpg?t=1785117280,"The official train company's authentic driving simulator is here! JR East Train Simulator"" is a train driving simulator that allows you to experience live-action images and realistic driving sounds of JR East's actual train lines in your own home."
2322010,갓 오브 워 라그나로크,False,62800,62800,0,8,매우 긍정적,49724,0.8885,액션|어드벤처|RPG,싱글 플레이어|Steam 도전 과제|컨트롤러 완벽 지원|텍스트 크기 조정|카메라 움직임 조정|색상 대체|음량 개별 조절|난이도 조정|게임 메뉴 음성 안내|퀵타임 이벤트 없이 플레이 가능|DUALSHOCK 컨트롤러 지원|DUALSHOCK 컨트롤러 지원|DualSense 컨트롤러 지원|DualSense 컨트롤러 지원|수시 저장|Steam Input API 지원|스테레오 사운드|자막 옵션|서라운드 사운드|Steam Cloud|HDR 사용 가능|가족 공유,싱글 플레이어,22,2024년 9월 19일,Santa Monica Studio|Jetpack Interactive,PlayStation Publishing LLC,https://shared.akamai.steamstatic.com/store_item_assets/steam/apps/2322010/header.jpg?t=1776465233,"라그나로크가 도착하기 전에, 크레토스와 아트레우스는 답을 찾기 위한 신화 속 여정을 시작합니다. 이제 PC로 즐기세요,"
1367080,기동전사 건담 배틀 오퍼레이션 2,True,0,0,0,4,대체로 부정적,21541,0.221,액션|무료 플레이,싱글 플레이어|멀티플레이어|PvP|온라인 PvP|Steam 도전 과제|앱 내 구매|DUALSHOCK 컨트롤러 지원|DUALSHOCK 컨트롤러 지원|DualSense 컨트롤러 지원|DualSense 컨트롤러 지원|Steam Input API 지원|컨트롤러 일부 지원|Steam 순위표|가족 공유,싱글 플레이어|멀티플레이어|PvP,5,2023년 5월 30일,Bandai Namco Forge Digitals Inc.,Bandai Namco Entertainment Inc.,https://shared.akamai.steamstatic.com/store_item_assets/steam/apps/1367080/3ec6f12d06d37ebede5194b861cf756cedc7278b/header.jpg?t=1782338924,"『기동전사 건담』 시리즈의 우주세기를 주제로 한 기본 플레이 무료 팀 배틀 액션. 중후한 그래픽으로 표현된 기체의 수는 350종류 이상. 건담의 세계에서 파일럿이 되어, 동료와 협력하여 팀을 승리로 이끌어라!"
870780,Control Ultimate Edition : 컨트롤 얼티밋 에디션,False,39900,3990,90,8,매우 긍정적,63062,0.8607,액션|어드벤처,싱글 플레이어|Steam 도전 과제|컨트롤러 완벽 지원|Steam 트레이딩 카드|Steam Cloud|Remote Play 휴대전화|Remote Play 태블릿|Remote Play TV|HDR 사용 가능|가족 공유,싱글 플레이어,13,2020년 8월 27일,Remedy Entertainment,Remedy Entertainment,https://shared.akamai.steamstatic.com/store_item_assets/steam/apps/870780/ec621653454cdad232187af4eb79f23c05aceca5/header.jpg?t=1781607969,"80개 이상의 상을 받은 Control은 시각적으로 즐거운 3인칭 액션 어드벤처 게임으로, 플레이 내내 긴장의 끈을 놓을 수 없습니다."
3983810,더 스파이크 크로스,True,0,0,0,8,매우 긍정적,2900,0.8579,액션|캐주얼|인디|시뮬레이션|스포츠|무료 플레이,싱글 플레이어|멀티플레이어|PvP|스크린 공유 및 분할 PvP|협동|스크린 공유 및 분할 협동|공유 및 분할 화면|앱 내 구매|카메라 움직임 조정|음량 개별 조절|게임패드 권장|키보드 전용 옵션|마우스 전용 옵션|DUALSHOCK 컨트롤러 지원|DUALSHOCK 컨트롤러 지원|DualSense 컨트롤러 지원|DualSense 컨트롤러 지원|수시 저장|컨트롤러 일부 지원|Remote Play Together|가족 공유,싱글 플레이어|멀티플레이어|협동|PvP,12,2025년 9월 19일,SUNCYAN Inc.,SUNCYAN Inc.,https://shared.akamai.steamstatic.com/store_item_assets/steam/apps/3983810/8c3b601b67c3cd20f1c63bf9a042ed16622fbc29/header.jpg?t=1760584948,"""바닥에 시원하게 찍어 누르는 배구의 스파이크. 직접 느끼게 해드리겠습니다."" 배구를 사랑하는 인디 게임 개발자가 직접 개발한 ""더 스파이크""! 배구의 최대 매력을 살리기 위해 수많은 시행착오 끝에 개발 된 스포츠 게임!"
1364780,Street Fighter 6,False,44800,44800,0,8,매우 긍정적,79008,0.8217,액션|어드벤처,싱글 플레이어|멀티플레이어|PvP|온라인 PvP|스크린 공유 및 분할 PvP|공유 및 분할 화면|크로스 플랫폼 멀티플레이어|Steam 도전 과제|Steam 트레이딩 카드|앱 내 구매|카메라 움직임 조정|음량 개별 조절|난이도 조정|키보드 전용 옵션|수시 저장|스테레오 사운드|서라운드 사운드|컨트롤러 일부 지원|Steam Cloud|가족 공유,싱글 플레이어|멀티플레이어|PvP,14,2023년 6월 1일,"CAPCOM Co., Ltd.","CAPCOM Co., Ltd.",https://shared.akamai.steamstatic.com/store_item_assets/steam/apps/1364780/header.jpg?t=1785737403,"시리즈 최신작 『Street Fighter 6』, 2023년 6월 2일 발매 결정! RE ENGINE으로 개발된 본 작품은 대형 모드 「World Tour」, 「Fighting Ground」, 「Battle Hub」로 구성되어 있다. 새로운 「스트리트 파이터」에는 지금까지의 시리즈에는 없었던 새로운 체험이 기다리고 있다."
2445690,Lost Castle 2,False,19500,19500,0,6,대체로 긍정적,13794,0.778,액션|어드벤처|인디|RPG,싱글 플레이어|멀티플레이어|협동|온라인 협동|LAN 협동|스크린 공유 및 분할 협동|공유 및 분할 화면|Steam 도전 과제|컨트롤러 완벽 지원|음량 개별 조절|난이도 조정|게임패드 권장|키보드 전용 옵션|DUALSHOCK 컨트롤러 지원|DUALSHOCK 컨트롤러 지원|DualSense 컨트롤러 지원|DualSense 컨트롤러 지원|스테레오 사운드|Steam Cloud|통계|Remote Play Together|가족 공유,싱글 플레이어|멀티플레이어|협동|온라인 협동,8,2026년 6월 10일,Hunter Studio,Hunter Studio,https://shared.akamai.steamstatic.com/store_item_assets/steam/apps/2445690/f6619cdbb283b34d8fc5bdd12472127a2efd0866/header.jpg?t=1786601696,"로스트 캐슬2는 2D 카툰 횡스크롤 로그라이트 게임입니다. 풍부한 보물 아이템을 찾아 자신을 강화하고, 다양한 무기를 마스터해 자유자재로 다루며 강력한 몬스터에게 도전해 실력을 증명하세요. 새로운 모험이 보물 사냥꾼 여러분을 부르고 있습니다!"
1135230,Ember Knights,False,21500,8600,60,8,매우 긍정적,6992,0.9388,액션|어드벤처|RPG,싱글 플레이어|멀티플레이어|협동|온라인 협동|스크린 공유 및 분할 협동|공유 및 분할 화면|Steam 도전 과제|컨트롤러 완벽 지원|DUALSHOCK 컨트롤러 지원|DUALSHOCK 컨트롤러 지원|DualSense 컨트롤러 지원|DualSense 컨트롤러 지원|Steam Cloud|Remote Play Together|가족 공유,싱글 플레이어|멀티플레이어|협동|온라인 협동,12,2023년 7월 18일,Doom Turtle,Twin Sails Interactive,https://shared.akamai.steamstatic.com/store_item_assets/steam/apps/1135230/header.jpg?t=1776356243,"Ember Knights는 전설적인 기사가 되어 활약을 펼치는 1~4인 액션 로그 라이트 게임입니다. 이제 여러분은 미치광이 마법사 프락시스, 그리고 불굴의 악마 군단에 맞서는 마지막 희망이 되어야 합니다. 무기와 스킬은 물론, 게임의 판도를 뒤집는 유물을 통한 시너지 효과를 사용해 프락시스의 타락으로부터 우주를 해방하세요."
1473060,윤회의 발큐리아,False,21000,12600,40,8,매우 긍정적,726,0.8182,액션|어드벤처|인디|RPG,싱글 플레이어|Steam 도전 과제|컨트롤러 완벽 지원|카메라 움직임 조정|음량 개별 조절|난이도 조정|퀵타임 이벤트 없이 플레이 가능|DUALSHOCK 컨트롤러 지원|DualSense 컨트롤러 지원|수시 저장|스테레오 사운드|Steam Cloud|가족 공유,싱글 플레이어,5,2025년 2월 10일,"Element Games, LLC","Element Games, LLC|Gamersky Games",https://shared.akamai.steamstatic.com/store_item_assets/steam/apps/1473060/96ec8ed50dacb1f5e0bd9b550bb717ca897b7552/header_alt_assets_3_koreana.jpg?t=1787949815,"‘윤회의 발큐리아’에서는 무한한 우주를 탐험하면서 끊임없는 전투를 벌이고, 장비를 수집하고 업그레이드하며, 전설적인 전리품을 찾고, 기술을 향상시키고, 강력한 천부 능력을 터득하면서 악의 세력과의 전투를 펼칠 것입니다. 이 싸움 속에서 당신은 계속 성장하고 강해지며, 세계를 구할 수 있게 될 것입니다!"
8500,이브 온라인,True,0,0,0,6,대체로 긍정적,39381,0.7337,액션|대규모 멀티플레이어|RPG|전략|무료 플레이,멀티플레이어|MMO|PvP|온라인 PvP|협동|온라인 협동|Steam 트레이딩 카드|텍스트 크기 조정|색상 대체|음량 개별 조절|스테레오 사운드|서라운드 사운드|가족 공유,멀티플레이어|협동|온라인 협동|PvP,8,2010년 12월 15일,Fenris Creations,Fenris Creations,https://shared.akamai.steamstatic.com/store_item_assets/steam/apps/8500/fed1ea9b01dd6564101518a5201740fb44929fb4/header.jpg?t=1782428793,"20년 이상의 역사를 지닌 우주 전쟁 게임! 살아 움직이는 SF 샌드박스 MMO의 광활한 우주에서 위대한 도전을 시작하세요. 전투, 거래, 건설 등 다양한 활동으로 플레이어가 직접 만들어가는 우주에 동참하세요."
1338770,Sniper Ghost Warrior Contracts 2,False,41000,4100,90,8,매우 긍정적,14868,0.8381,액션,싱글 플레이어|Steam 도전 과제|컨트롤러 일부 지원|Steam Cloud|가족 공유,싱글 플레이어,12,2021년 6월 4일,CI Games,CI Games,https://shared.akamai.steamstatic.com/store_item_assets/steam/apps/1338770/header.jpg?t=1747413239,SGW Contracts 2는 중동을 배경으로 펼쳐지는 전략적 현대전 슈팅 게임입니다. 용병 스나이퍼인 Raven이 되어 극적인 싱글 플레이어 캠페인을 진행하십시오. 1000m가 넘는 극한의 장거리 사격과 함께 시리즈 중 가장 스릴 넘치는 출품작에 대비하십시오.
3551340,Football Manager 26,False,69800,69800,0,4,대체로 부정적,35555,0.3518,시뮬레이션|스포츠|전략,싱글 플레이어|멀티플레이어|Steam 도전 과제|컨트롤러 완벽 지원|Steam 창작마당|텍스트 크기 조정|퀵타임 이벤트 없이 플레이 가능|DUALSHOCK 컨트롤러 지원|DUALSHOCK 컨트롤러 지원|DualSense 컨트롤러 지원|DualSense 컨트롤러 지원|수시 저장|Steam Cloud|가족 공유,싱글 플레이어|멀티플레이어,19,2025년 11월 4일,Sports Interactive,SEGA,https://shared.akamai.steamstatic.com/store_item_assets/steam/apps/3551340/7d28b9aa8dcfcd96593d112736f58b4b1d3cc7a4/header.jpg?t=1781176251,"지금 필드로 향해, 축구 클럽 경영의 미래를 경험해 보세요."
2141910,Magic: The Gathering Arena,True,0,0,0,5,복합적,31243,0.6115,전략|무료 플레이,멀티플레이어|PvP|온라인 PvP|크로스 플랫폼 멀티플레이어|앱 내 구매|가족 공유,멀티플레이어|PvP,9,2023년 5월 23일,Wizards of the Coast,Wizards of the Coast,https://shared.akamai.steamstatic.com/store_item_assets/steam/apps/2141910/716866a49db0a2a1051f66e11fcd8c9c905173de/header_koreana.jpg?t=1787780109,"매직: 더 개더링 아레나로 전략을 탐색하고, 플레인즈워커를 만나고, 다차원을 탐험하고, 전 세계의 친구들과 전투할 수 있습니다. 무료로 플레이하고, 친구들과 경쟁하고, 카드를 획득하면서 오리지널 판타지 CCG의 마법을 느껴보세요!"
3722330,Shift At Midnight,False,10500,9450,10,8,매우 긍정적,10445,0.8798,인디|시뮬레이션,싱글 플레이어|멀티플레이어|협동|온라인 협동|Steam 도전 과제|텍스트 크기 조정|음량 개별 조절|스테레오 사운드|가족 공유,싱글 플레이어|멀티플레이어|협동|온라인 협동,9,2026년 7월 22일,Bun Muen,Kwalee,https://shared.akamai.steamstatic.com/store_item_assets/steam/apps/3722330/759ecea2ffe1ad3819aefdda79e265b8b332bf8f/header.jpg?t=1787962060,"최대 3명이 함께 즐기는 온라인 협동 공포 게임. 매번 무작위로 생성되는 근무 시간 동안 손님들을 유심히 관찰하세요. 누군가는 사람인 척하고 있을 뿐이니까요. 단 한 번의 실수로 상황은 급변하고, 문을 걸어 잠그고, 함정을 설치하고, 숨어야 합니다."
1374490,RuneScape: Dragonwilds 룬스케이프: 드래곤와일즈,False,32000,32000,0,8,매우 긍정적,29267,0.8128,액션|어드벤처|RPG|앞서 해보기,싱글 플레이어|멀티플레이어|협동|온라인 협동|텍스트 크기 조정|음량 개별 조절|수시 저장|스테레오 사운드|컨트롤러 일부 지원|Steam Cloud|가족 공유,싱글 플레이어|멀티플레이어|협동|온라인 협동,11,2025년 4월 15일,Jagex Ltd,"Jagex Ltd|H2 Interactive Co., Ltd.|Graph",https://shared.akamai.steamstatic.com/store_item_assets/steam/apps/1374490/6f6bba2ddccb49f3a0abb831684ca085e453c721/header_alt_assets_3.jpg?t=1785893866,"RuneScape의 잊힌 대륙, 애셴폴에서 마침내 드래곤들이 눈을 뜹니다. 자원을 채집해 기지를 건설하고, 스킬을 연마하며 장비를 제작하세요. 이 협동 생존 어드벤처에서 오직 끝까지 살아남아 고대의 비밀을 밝혀낸 자만이... 비로소 흉포한 드래곤 여왕에게 맞설 수 있을 것입니다."
4384550,콜 오브 듀티®: 블랙 옵스 6,False,97900,97900,0,5,복합적,15925,0.4458,액션,싱글 플레이어|멀티플레이어|PvP|온라인 PvP|협동|온라인 협동|크로스 플랫폼 멀티플레이어|Steam 도전 과제|앱 내 구매|텍스트 크기 조정|카메라 움직임 조정|색상 대체|음량 개별 조절|퀵타임 이벤트 없이 플레이 가능|DUALSHOCK 컨트롤러 지원|DUALSHOCK 컨트롤러 지원|DualSense 컨트롤러 지원|DualSense 컨트롤러 지원|스테레오 사운드|자막 옵션|서라운드 사운드|컨트롤러 일부 지원|가족 공유,싱글 플레이어|멀티플레이어|협동|온라인 협동|PvP,14,2024년 11월 1일,Treyarch|Raven Software|Beenox|High Moon Studios|Activision Shanghai|Sledgehammer Games|Infinity Ward|Demonware,Activision,https://shared.akamai.steamstatic.com/store_item_assets/steam/apps/4384550/836828b783fc1208664d6c3f9fe88e9abf060813/header.jpg?t=1783699904,"콜 오브 듀티®:블랙 옵스 6는 영화 같은 싱글 플레이어 캠페인, 동급 최고의 멀티 플레이어 경험, 그리고 라운드 기반 좀비의 장대한 귀환을 기념하는 블랙 옵스의 대표 게임입니다."
1286580,Ship of Fools,False,36200,9050,75,8,매우 긍정적,6232,0.8204,액션|인디,싱글 플레이어|멀티플레이어|협동|온라인 협동|스크린 공유 및 분할 협동|공유 및 분할 화면|Steam 도전 과제|컨트롤러 완벽 지원|DUALSHOCK 컨트롤러 지원|DualSense 컨트롤러 지원|Steam Cloud|Remote Play Together|가족 공유,싱글 플레이어|멀티플레이어|협동|온라인 협동,10,2022년 11월 22일,Fika Productions,Team17,https://shared.akamai.steamstatic.com/store_item_assets/steam/apps/1286580/4ff91ed3d568665ee52dc987b1a6ba64e6c847f9/header.jpg?t=1780480732,"Ship of Fools는 바다에서 항해하며 즐기는 로그라이트 게임입니다. 폭풍우가 몰아치는 열도의 바다를 항해하며, 대포를 조종하고 바다 괴물을 상대해보세요. 여러분은 재앙을 막아설 정도의 용감함을 가지고 계신가요?"
1912410,Minecraft Dungeons II,False,34800,34800,0,0,사용자 평가 없음,0,0.0,액션|어드벤처|RPG,싱글 플레이어|멀티플레이어|협동|온라인 협동|스크린 공유 및 분할 협동|공유 및 분할 화면|크로스 플랫폼 멀티플레이어|Steam 도전 과제|컨트롤러 일부 지원|Remote Play Together|가족 공유,싱글 플레이어|멀티플레이어|협동|온라인 협동,17,2026년 9월 29일,Mojang Studios|Double Eleven,Xbox Game Studios,https://shared.akamai.steamstatic.com/store_item_assets/steam/apps/1912410/33ebd525c53ef176351e86bc8024504704e2e98d/header_alt_assets_0_koreana.jpg?t=1787819593,"곡괭이를 내려놓고 검을 들고 Minecraft Dungeons II의 새로운 모험 속으로 돌진하세요. 지금 예약 주문하고 영웅 스킨 2종, 뒤틀린 망토, 뒤틀린 닭 애완동물을 받으세요!"
3834090,YAPYAP,False,11000,11000,0,8,매우 긍정적,9719,0.8409,액션,싱글 플레이어|멀티플레이어|협동|온라인 협동|가족 공유,싱글 플레이어|멀티플레이어|협동|온라인 협동,16,2026년 2월 3일,Maison Bap,Maison Bap,https://shared.akamai.steamstatic.com/store_item_assets/steam/apps/3834090/399b7aa5bd9ea359e6d77cec3032758ea27c597b/header.jpg?t=1787811589,"최대 5명의 친구들과 함께 마법사에게 소환된 하수인이 되어 라이벌 마법사의 탑에 침입해 온갖 말썽을 벌이는 마법 테마의 협동 공포 게임입니다. 탑을 지키는 마법 생물과 괴물을 피해 다니면서, 다양한 주문으로 주어진 파괴 목표를 달성하세요."
1190970,하우스 플리퍼 2,False,35000,35000,0,8,매우 긍정적,19867,0.8728,캐주얼|인디|시뮬레이션,싱글 플레이어|멀티플레이어|협동|온라인 협동|LAN 협동|크로스 플랫폼 멀티플레이어|Steam 도전 과제|컨트롤러 완벽 지원|Steam 트레이딩 카드|음량 개별 조절|퀵타임 이벤트 없이 플레이 가능|DUALSHOCK 컨트롤러 지원|DUALSHOCK 컨트롤러 지원|DualSense 컨트롤러 지원|DualSense 컨트롤러 지원|수시 저장|스테레오 사운드|Steam Cloud|레벨 에디터 포함|가족 공유,싱글 플레이어|멀티플레이어|협동|온라인 협동,18,2023년 12월 14일,Frozen District,Frozen District,https://shared.akamai.steamstatic.com/store_item_assets/steam/apps/1190970/a8c4bf872d073e27e96c2179e19a5cd9971bfd2e/header.jpg?t=1787647996,"이 편안한 개조 시뮬레이터로 일상의 근심걱정을 날려보세요! 사고, 고치고, 되팔아 지역의 전설이 되어 보세요. 전동 공구를 사용하면 그 어떤 것이든 자유롭게 만들 수 있답니다! 온라인 2~4인 협동 모드에서는 샌드박스와 스토리 모드를 함께 즐기세요."
3811390,WASD : 토리의 모험,False,4500,4500,0,8,매우 긍정적,814,0.8354,어드벤처|캐주얼|인디,싱글 플레이어|멀티플레이어|협동|온라인 협동|Steam 도전 과제|음량 개별 조절|퀵타임 이벤트 없이 플레이 가능|수시 저장|자막 옵션|가족 공유,싱글 플레이어|멀티플레이어|협동|온라인 협동,9,2025년 10월 2일,EVNA Games,EVNA Games,https://shared.akamai.steamstatic.com/store_item_assets/steam/apps/3811390/a03ace39ae754ab138499827607673dc24c873e6/header_koreana.jpg?t=1787645779,"WASD : 토리의 모험은 친구들과 함께하는 우정 파괴 온라인 협동 게임입니다! 2 ~ 4명의 플레이어가 무작위로 배정 받은 키만 조작하며, 장애물을 피해 스테이지를 클리어하는 협동 게임입니다. 장애물뿐만 아니라, 벽에 닿으면 즉시 사망하기 때문에 자세한 건 박으면서 배워봅시다!"
750920,Shadow of the Tomb Raider: Definitive Edition,False,44000,6600,85,8,매우 긍정적,87951,0.8463,액션|어드벤처,싱글 플레이어|Steam 도전 과제|컨트롤러 완벽 지원|Steam 트레이딩 카드|DUALSHOCK 컨트롤러 지원|DUALSHOCK 컨트롤러 지원|DualSense 컨트롤러 지원|DualSense 컨트롤러 지원|Steam Cloud|Remote Play 휴대전화|Remote Play 태블릿|Remote Play TV|가족 공유,싱글 플레이어,12,2018년 9월 14일,Eidos-Montréal|Crystal Dynamics|Nixxes|Feral Interactive (Mac)|Feral interactive (Linux),Crystal Dynamics|Feral Interactive (Mac)|Feral interactive (Linux),https://shared.akamai.steamstatic.com/store_item_assets/steam/apps/750920/header.jpg?t=1765239925,라라 크로프트는 마야의 종말로부터 세상을 구하며 그녀의 운명인 툼 레이더로 단련될 것입니다.
3144230,Modern Warships,True,0,0,0,5,복합적,1126,0.6403,액션|대규모 멀티플레이어|시뮬레이션|무료 플레이,멀티플레이어|PvP|온라인 PvP|협동|온라인 협동|크로스 플랫폼 멀티플레이어|Steam 도전 과제|컨트롤러 완벽 지원|Steam 트레이딩 카드|앱 내 구매|DUALSHOCK 컨트롤러 지원|DualSense 컨트롤러 지원|가족 공유,멀티플레이어|협동|온라인 협동|PvP,24,2026년 6월 4일,Artstorm FZE,Gaijin Network Ltd,https://shared.akamai.steamstatic.com/store_item_assets/steam/apps/3144230/c7d7de121a7329688849256b1dbb9418819c1132/header.jpg?t=1780581117,"Modern Warships은 현대 군용 탈것에 대한 온라인 액션 게임입니다. 지금 참여해서 정찰기로 적을 탐지하고, 순양함에서 유도 미사일을 연속 발사하고, 잠수함으로 은밀하게 수면의 함선에 접근하고, 제트 전투기와 헬리콥터로 아군 함대를 엄호하세요."
4529120,Alice's Gaze,False,4400,3960,10,8,매우 긍정적,178,0.9438,캐주얼|인디|RPG|시뮬레이션|전략,싱글 플레이어|Steam 도전 과제|음량 개별 조절|#category_playable_at_your_own_pace|퀵타임 이벤트 없이 플레이 가능|수시 저장|Steam Cloud|가족 공유,싱글 플레이어,11,2026년 8월 27일,Starmoon Cat,Starmoon Cat,https://shared.akamai.steamstatic.com/store_item_assets/steam/apps/4529120/6a8965e91fc7c5edd277f5ffe79b3f01c3fd0ea4/header.jpg?t=1787900112,"『Alice's Gaze』은 기괴한 분위기가 감도는 클리커 방치형 게임으로, 가벼운 퍼즐과 방치형 전투 요소가 가미되어 있습니다. 앨리스는 어둠 속에서 깨어나 기이한 저택에 갇히고, 이곳에서 빠져나갈 방법을 찾아야 합니다. 고양이 신의 제단에서는 금화가 떨어지고, 토끼 인간은 당근 채집을 도와주며, 던전의 괴물들은 앞길을 막습니다…… 당신은 앨리스와 함께 마지막 진실에 도달할 수 있을까요?"
3609080,스타세이비어,True,0,0,0,5,복합적,3502,0.6111,RPG|시뮬레이션|전략|무료 플레이,싱글 플레이어|멀티플레이어|PvP|온라인 PvP|크로스 플랫폼 멀티플레이어|앱 내 구매|가족 공유,싱글 플레이어|멀티플레이어|PvP,12,2025년 12월 10일,Studiobside,Studiobside,https://shared.akamai.steamstatic.com/store_item_assets/steam/apps/3609080/e2601b8f08af778847a964c321f5354bce21ad1e/header.jpg?t=1784776433,"별이 깃든 구원자 육성담, 스타세이비어"
367520,Hollow Knight,False,16500,16500,0,9,압도적으로 긍정적,558992,0.9692,액션|어드벤처|인디,싱글 플레이어|Steam 도전 과제|컨트롤러 완벽 지원|Steam 트레이딩 카드|Steam Cloud|Remote Play 휴대전화|Remote Play 태블릿|Remote Play TV|가족 공유,싱글 플레이어,11,2017년 2월 24일,Team Cherry,Team Cherry,https://shared.akamai.steamstatic.com/store_item_assets/steam/apps/367520/3c3489495136b26b34f8a9543c7f5645b99d388c/header.jpg?t=1776125684,할로우 나이트에서 자신만의 길을 구축하세요! 크게 파괴된 곤충과 영웅의 왕국을 통한 서사 액션 어드벤처입니다. 손으로 그린 클래식 2D 스타일로 구불구불한 동굴을 탐험하고 오염된 생물과 싸우고 이상한 곤충들과 친구가 되어 보세요.
1627720,P의 거짓 (Lies of P),False,64800,64800,0,8,매우 긍정적,81841,0.9166,액션|어드벤처|RPG,싱글 플레이어|Steam 도전 과제|컨트롤러 완벽 지원|카메라 움직임 조정|색상 대체|음량 개별 조절|난이도 조정|게임패드 권장|DUALSHOCK 컨트롤러 지원|DUALSHOCK 컨트롤러 지원|DualSense 컨트롤러 지원|DualSense 컨트롤러 지원|수시 저장|스테레오 사운드|서라운드 사운드|Steam Cloud|가족 공유,싱글 플레이어,12,2023년 9월 18일,NEOWIZ,NEOWIZ,https://shared.akamai.steamstatic.com/store_item_assets/steam/apps/1627720/header.jpg?t=1764565054,P의 거짓은 우아하고 매혹적인 벨에포크 시대를 배경으로 고전 피노키오의 모험을 재해석한 이야기를 담아낸 잔혹 동화 액션 소울라이크입니다. 제페토의 인형으로 시작된 여정의 끝에 무엇이 당신을 기다리고 있는지 확인해보세요.
4210580,Ore Factory Squad ⛏️,False,14000,14000,0,8,매우 긍정적,1573,0.8938,인디|시뮬레이션,싱글 플레이어|멀티플레이어|협동|온라인 협동|Steam 도전 과제|컨트롤러 완벽 지원|카메라 움직임 조정|음량 개별 조절|#category_playable_at_your_own_pace|퀵타임 이벤트 없이 플레이 가능|DUALSHOCK 컨트롤러 지원|DUALSHOCK 컨트롤러 지원|DualSense 컨트롤러 지원|DualSense 컨트롤러 지원|수시 저장|스테레오 사운드|가족 공유,싱글 플레이어|멀티플레이어|협동|온라인 협동,14,2026년 7월 16일,threeW,PlayWay S.A.,https://shared.akamai.steamstatic.com/store_item_assets/steam/apps/4210580/b305646840dc9db685bc40596da7bdaea388c694/header.jpg?t=1786782809,"Ore Factory Squad는 협동 채굴 및 공장 건설 게임으로, 절차적 채굴과 재미가 핵심입니다! 혼자서 또는 친구와 함께 플레이하고, 부동산을 구매하며, 귀중한 자원을 얻기 위해 깊이 파고들고, 계약을 완료하고, 생산 라인을 업그레이드 및 자동화하여 공장을 무에서 산업으로 성장시키세요!"
2695940,PANICORE (패니코어),False,8500,5690,33,6,대체로 긍정적,12938,0.7883,액션|어드벤처|인디,싱글 플레이어|멀티플레이어|협동|온라인 협동|Steam 도전 과제|컨트롤러 완벽 지원|DUALSHOCK 컨트롤러 지원|DualSense 컨트롤러 지원|Steam Cloud|가족 공유,싱글 플레이어|멀티플레이어|협동|온라인 협동,27,2024년 5월 31일,ZTEK Studio,ZTEK Studio,https://shared.akamai.steamstatic.com/store_item_assets/steam/apps/2695940/058125e647453cb39f0695ea86d267a98f61a96d/header_alt_assets_3.jpg?t=1787424195,"[패니코어]는 퍼마데스, AI 몬스터, 협동 플레이를 혼합한 서바이벌 호러 게임입니다. 잡히지 않고 탈출해야 하지만, 몬스터들은 여러분의 발자국 소리뿐만 아니라 목소리도 들을 수 있으니 주의하세요."
4164790,Survival Log,False,12000,12000,0,8,매우 긍정적,2039,0.8342,어드벤처|RPG|시뮬레이션|전략,싱글 플레이어|Steam 도전 과제|Steam Cloud|가족 공유,싱글 플레이어,2,2026년 8월 12일,Midnight Workshop,Lilith Games,https://shared.akamai.steamstatic.com/store_item_assets/steam/apps/4164790/5f5a1a66f988690c1507b383be89b2869c17e17f/header.jpg?t=1787629162,"The apocalypse is here, and you saw it coming. Survival Log is a zombie-apocalypse hoarding survival sim. Hoard supplies, reinforce your home, and optimize every run before zombies flood the city. Every failure becomes experience. You must adapt and survive this time."
2426530,Nova Roma 노바 로마,False,29900,22420,25,8,매우 긍정적,2266,0.9373,시뮬레이션|전략|앞서 해보기,싱글 플레이어|Steam 도전 과제|Steam 트레이딩 카드|텍스트 크기 조정|음량 개별 조절|난이도 조정|퀵타임 이벤트 없이 플레이 가능|수시 저장|Steam Cloud|가족 공유,싱글 플레이어,18,2026년 3월 26일,Lion Shield,Hooded Horse,https://shared.akamai.steamstatic.com/store_item_assets/steam/apps/2426530/917df432a95b765531034728618c9442cc3dc3fe/header_koreana.jpg?t=1787906231,"로마의 영광을 나의 손으로 다시 재현하는 도시 건설 게임을 만나보세요. 신들을 기쁘게 하고, 법을 제정하며, 복합 공급망을 개발하여 시민들의 수요를 충족시켜야 합니다."
787480,Phoenix Wright: Ace Attorney Trilogy,False,36800,36800,0,9,압도적으로 긍정적,44829,0.9756,어드벤처,싱글 플레이어|Steam 도전 과제|Steam 트레이딩 카드|카메라 움직임 조정|음량 개별 조절|키보드 전용 옵션|마우스 전용 옵션|퀵타임 이벤트 없이 플레이 가능|수시 저장|스테레오 사운드|터치 전용 옵션|컨트롤러 일부 지원|Steam Cloud|Remote Play 휴대전화|Remote Play 태블릿|가족 공유,싱글 플레이어,9,2019년 4월 9일,"CAPCOM Co., Ltd.","CAPCOM Co., Ltd.",https://shared.akamai.steamstatic.com/store_item_assets/steam/apps/787480/header.jpg?t=1768866317,"법정을 무대로 뜨거운 배틀이 펼쳐지는 어드벤쳐 게임. 플레이어는 변호사 ""나루호도 류이치""가 되어 무고한 의뢰인을 위해 재판에 도전한다. 본작은 시리즈의 원점인「역전재판 소생하는 역전」「역전재판 2」「역전재판 3」의 세 작품의 전14화를 그래픽을 파워업해 1개에 수록. ※ 한국어 자막은 출시 후 패치를 통해 전달 예정입니다."
3280350,DEATH STRANDING 2: ON THE BEACH,False,79800,79800,0,9,압도적으로 긍정적,26847,0.9523,액션|어드벤처,싱글 플레이어|Steam 도전 과제|컨트롤러 완벽 지원|DUALSHOCK 컨트롤러 지원|DUALSHOCK 컨트롤러 지원|DualSense 컨트롤러 지원|DualSense 컨트롤러 지원|Steam Input API 지원|Steam Cloud|HDR 사용 가능|가족 공유,싱글 플레이어,18,2026년 3월 19일,KOJIMA PRODUCTIONS|Nixxes Software ,PlayStation Publishing LLC|KOJIMA PRODUCTIONS,https://shared.akamai.steamstatic.com/store_item_assets/steam/apps/3280350/6270c77b0729e2df0a17d660286eeddfd9169386/header.jpg?t=1774022345,"샘은 동료들과 함께 다시 한번 인류를 멸종으로부터 구하기 위한 여정을 떠납니다. 이들과 함께 이세계적인 적, 장해물, 그리고 불편한 질문이 존재하는 세상을 탐험하세요. 우리는 과연 연결해야 했을까?"
3014320,옥토패스 트래블러 0 (OCTOPATH TRAVELER 0),False,59800,59800,0,6,대체로 긍정적,3704,0.7851,RPG,싱글 플레이어|Steam 도전 과제|컨트롤러 완벽 지원|Steam 트레이딩 카드|색상 대체|음량 개별 조절|게임패드 권장|키보드 전용 옵션|#category_playable_at_your_own_pace|퀵타임 이벤트 없이 플레이 가능|DUALSHOCK 컨트롤러 지원|DUALSHOCK 컨트롤러 지원|DualSense 컨트롤러 지원|DualSense 컨트롤러 지원|Steam Input API 지원|스테레오 사운드|Steam Cloud|가족 공유,싱글 플레이어,5,2025년 12월 4일,Square Enix|DOKIDOKI GROOVE WORKS,Square Enix,https://shared.akamai.steamstatic.com/store_item_assets/steam/apps/3014320/64e57769c968124451e35898eae64217f99bd9c4/header.jpg?t=1779854659,"전 세계 판매량 500만 장을 돌파한 RPG 「옥토패스 트래블러」 시리즈 최신작. 오르스테라 대륙을 무대로 삼아, 신의 반지를 둘러싸고 벌어지는 복수와 재건의 이야기가 펼쳐진다."
4486870,FEED THE AI,False,6000,4800,20,8,매우 긍정적,332,0.9247,캐주얼|시뮬레이션|전략,싱글 플레이어|Steam 도전 과제|컨트롤러 일부 지원|Steam Cloud|통계|가족 공유,싱글 플레이어,14,2026년 8월 24일,Weird Kid Games,Weird Kid Games,https://shared.akamai.steamstatic.com/store_item_assets/steam/apps/4486870/a99760a2cd99cda5382ec1aae78a4c45421f9b0e/header.jpg?t=1787908420,AI에게 데이터를 공급하세요. 데이터를 모으세요. 업그레이드를 해금하세요. 알고리즘이 통제를 벗어나 성장하는 모습을 지켜보세요. 진화하는 AI에게 데이터를 공급하고 어떤 존재가 될지 만들어 가는 액티브 인크리멘탈 게임입니다. AI는 세상을 구할까요... 아니면 지배할까요?
2239150,Thronefall,False,14500,9420,35,9,압도적으로 긍정적,23584,0.9614,액션|인디|전략,싱글 플레이어|Steam 도전 과제|컨트롤러 완벽 지원|Steam Cloud|Steam 순위표|가족 공유,싱글 플레이어,14,2024년 10월 11일,GrizzlyGames|Mythwright,Mythwright,https://shared.akamai.steamstatic.com/store_item_assets/steam/apps/2239150/header.jpg?t=1781163871,작은 왕국을 건설하고 방어하는 미니멀리스트 게임입니다.
1148130,Divinum,False,15000,13500,10,8,매우 긍정적,77,0.8701,액션|어드벤처|인디|RPG,싱글 플레이어|Steam 도전 과제|컨트롤러 완벽 지원|카메라 움직임 조정|음량 개별 조절|키보드 전용 옵션|퀵타임 이벤트 없이 플레이 가능|DUALSHOCK 컨트롤러 지원|DUALSHOCK 컨트롤러 지원|DualSense 컨트롤러 지원|DualSense 컨트롤러 지원|스테레오 사운드|Steam Cloud|통계|가족 공유,싱글 플레이어,9,2026년 8월 28일,Sigil Games,Sigil Games,https://shared.akamai.steamstatic.com/store_item_assets/steam/apps/1148130/d83df4c3d12fb4874759e3bd5c6db1c5cdb7eaf8/header.jpg?t=1787943659,"Divinum은 스타일리시하고 자유도 높은 전투와 보람 있는 탐험을 결합한 액션 어드벤처입니다. 강력한 콤보를 숙달하고 자신만의 빌드를 완성하여 정체불명의 침략자들에 맞서 싸우고, 당신의 섬에 숨겨진 진실을 밝혀내세요."
431730,Aseprite,False,21000,21000,0,9,압도적으로 긍정적,26721,0.9895,애니메이션과 모델링|디자인과 일러스트레이션|게임 개발,가족 공유,,19,2016년 2월 22일,Igara Studio,Igara Studio,https://shared.akamai.steamstatic.com/store_item_assets/steam/apps/431730/header.jpg?t=1749680273,"Aseprite is a pixel-art tool to create 2D animations, sprites, and any kind of graphics for games."
3259780,FINAL FANTASY RESONANCE,False,62800,62800,0,0,사용자 평가 없음,0,0.0,RPG,싱글 플레이어|Steam 도전 과제|컨트롤러 완벽 지원|Steam 트레이딩 카드|음량 개별 조절|난이도 조정|키보드 전용 옵션|#category_playable_at_your_own_pace|퀵타임 이벤트 없이 플레이 가능|DualSense 컨트롤러 지원|Steam Input API 지원|Steam Cloud|가족 공유,싱글 플레이어,8,2026년 10월 22일,Square Enix|LANCARSE Ltd.,Square Enix,https://shared.akamai.steamstatic.com/store_item_assets/steam/apps/3259780/710da43babb2043f9f6ad0e50023e31167d94708/header.jpg?t=1784127699,"만약 「FINAL FANTASY」가 도트 그래픽 상태로 진화했다면...... 그런 컨셉을 가지고 새로운 도트 그래픽으로 묘사되는 「FINAL FANTASY」 시리즈 최신작. 《크리스털》을 둘러싸고 벌어지는 이야기, 턴제 커맨드 배틀과 어빌리티 교체 등 FINAL FANTASY 시리즈의 단골 요소는 물론이고 풍부한 파고들기 요소도 다수 포함되어 있다."
2016590,Dark and Darker,True,0,0,0,5,복합적,85316,0.6509,액션|RPG|무료 플레이|앞서 해보기,멀티플레이어|PvP|온라인 PvP|협동|온라인 협동|앱 내 구매|컨트롤러 일부 지원|가족 공유,멀티플레이어|협동|온라인 협동|PvP,11,2024년 6월 7일,IRONMACE,IRONMACE,https://shared.akamai.steamstatic.com/store_item_assets/steam/apps/2016590/header.jpg?t=1783659214,"가차없는 하드코어 판타지 FPS 던전 PvPvE 모험. 친구들과 함께 힘을 합쳐 용기, 지혜, 교활함을 발휘하여 신화적인 보물을 찾아내고, 무시무시한 몬스터를 물리치며, 다른 교활한 보물 사냥꾼들보다 한 발 앞서 나가세요."
1272320,Diplomacy is Not an Option,False,32000,12800,60,8,매우 긍정적,12539,0.8559,액션|어드벤처|캐주얼|인디|시뮬레이션|전략,싱글 플레이어|Steam 도전 과제|Steam 트레이딩 카드|Steam 창작마당|Steam Cloud|레벨 에디터 포함|가족 공유,싱글 플레이어,12,2024년 10월 4일,Door 407,Door 407,https://shared.akamai.steamstatic.com/store_item_assets/steam/apps/1272320/b4fefa344a65f1cca76169f09ae0b22df401237e/header_alt_assets_8_koreana.jpg?t=1787834180,"당신은 봉건 영주로 태어났습니다. 나쁘지 않죠, 그렇지요? 하지만 ""외교는 선택사항이 아닙니다""에서 당신의 역할은 그리 크지 않습니다. 왜냐하면 당신의 성은 항상 포위되어 있기 때문입니다. 수많은 적들로부터 방어할 준비를 하고 대규모 전투에서 승리하십시오."
1217060,Gunfire Reborn,False,20500,20500,0,8,매우 긍정적,103621,0.931,액션|어드벤처|인디|RPG,싱글 플레이어|멀티플레이어|협동|온라인 협동|Steam 도전 과제|컨트롤러 완벽 지원|Steam 트레이딩 카드|DUALSHOCK 컨트롤러 지원|DUALSHOCK 컨트롤러 지원|DualSense 컨트롤러 지원|DualSense 컨트롤러 지원|Steam Cloud|Remote Play 휴대전화|Remote Play 태블릿|가족 공유,싱글 플레이어|멀티플레이어|협동|온라인 협동,18,2021년 11월 17일,Gunfire Reborn Studio,Duoyi Games,https://shared.akamai.steamstatic.com/store_item_assets/steam/apps/1217060/dd6c1906d262c38c183ccd711f192db187b5103f/header.jpg?t=1785381312,"은 1인칭 시점 사격과 Roguelite의 랜덤 요소, RPG의 전략성이 조화롭게 어우러진 스테이지 돌파 게임입니다. 플레이어는 게임 안에서 서로 다른 능력을 가진 영웅들을 조작하여, 랜덤하게 구성되는 스테이지에서 무작위로 드롭되는 아이템을 사용해 다양한 빌드를 구상하며 모험에 도전하게 됩니다. 솔로 플레이만으로도 100% 즐기실 수 있으며, 최대 4명의 파티 플레이까지 가능합니다.[/url]"
322170,Geometry Dash,False,5600,5600,0,8,매우 긍정적,637301,0.9302,액션|인디,싱글 플레이어|Steam 도전 과제|Steam 트레이딩 카드|컨트롤러 일부 지원|레벨 에디터 포함|Remote Play 휴대전화|Remote Play 태블릿|가족 공유,싱글 플레이어,1,2014년 12월 22일,RobTop Games,RobTop Games,https://shared.akamai.steamstatic.com/store_item_assets/steam/apps/322170/header.jpg?t=1775300400,Jump and fly your way through danger in this rhythm-based action platformer!
779340,토탈워: 삼국,False,44800,44800,0,8,매우 긍정적,93585,0.8224,액션|전략,싱글 플레이어|멀티플레이어|PvP|온라인 PvP|LAN PvP|협동|온라인 협동|LAN 협동|Steam 도전 과제|Steam 트레이딩 카드|카메라 움직임 조정|색상 대체|음량 개별 조절|난이도 조정|퀵타임 이벤트 없이 플레이 가능|수시 저장|스테레오 사운드|서라운드 사운드|Steam Cloud|가족 공유,싱글 플레이어|멀티플레이어|협동|온라인 협동|PvP,13,2019년 5월 23일,CREATIVE ASSEMBLY|Feral Interactive (Mac)|Feral Interactive (Linux),SEGA|Feral Interactive (Mac)|Feral Interactive (Linux),https://shared.akamai.steamstatic.com/store_item_assets/steam/apps/779340/header.jpg?t=1780332718,"턴제 국정과 실시간 전투가 짜릿하게 어우러진 게임 플레이를 통해 고대 중국을 당신의 통치 아래 하나로 통합하세요. 관계 시스템과 외교를 활용해 동맹을 맺고, 수백 종의 독특한 보병, 기병, 공성병기 등으로 강력한 군대를 구축하세요."
1913120,Tears of Metal,False,26500,26500,0,8,매우 긍정적,2420,0.8595,액션|인디|앞서 해보기,싱글 플레이어|멀티플레이어|협동|온라인 협동|Steam 도전 과제|컨트롤러 완벽 지원|DUALSHOCK 컨트롤러 지원|DualSense 컨트롤러 지원|Steam Cloud|가족 공유,싱글 플레이어|멀티플레이어|협동|온라인 협동,10,2026년 7월 22일,Paper Cult,Paper Cult,https://shared.akamai.steamstatic.com/store_item_assets/steam/apps/1913120/9c62adaca165c8bc1a78990419e2cb35dd940b6b/header.jpg?t=1786394122,Tears of Metal은 중세 해킹 및 슬래시 협동 로그라이크 게임입니다. 강력한 스코틀랜드 대대의 도움으로 적의 무리를 뚫고 섬을 되찾으세요. 전투를 거듭하며 신비한 용의 유성과 적의 침략에 대해 더 많은 것을 알아가세요.
285900,Gang Beasts,False,21500,8600,60,8,매우 긍정적,67222,0.8556,액션|어드벤처|캐주얼|인디|시뮬레이션,멀티플레이어|PvP|온라인 PvP|스크린 공유 및 분할 PvP|공유 및 분할 화면|Steam 도전 과제|컨트롤러 완벽 지원|Remote Play 휴대전화|Remote Play 태블릿|Remote Play TV|Remote Play Together|가족 공유,멀티플레이어|PvP,10,2017년 12월 12일,Boneloaf|Rocket Science,Boneloaf,https://shared.akamai.steamstatic.com/store_item_assets/steam/apps/285900/header.jpg?t=1780410654,"갱 비스트는 탱글탱글한 젤리 같은 캐릭터들이 어이없을 정도로 위험한 환경에서 인정사정없는 슬랩스틱 전투를 벌이는 우스꽝스러운 멀티플레이 파티 게임으로, 비프 시티의 슬럼가가 배경입니다."
865360,우리는 여기에 있었다 투게더,False,14500,5510,62,8,매우 긍정적,17678,0.8181,어드벤처|캐주얼|인디,멀티플레이어|협동|온라인 협동|크로스 플랫폼 멀티플레이어|Steam 도전 과제|Steam 트레이딩 카드|음량 개별 조절|DUALSHOCK 컨트롤러 지원|DUALSHOCK 컨트롤러 지원|DualSense 컨트롤러 지원|DualSense 컨트롤러 지원|자막 옵션|컨트롤러 일부 지원|Steam Cloud|가족 공유,멀티플레이어|협동|온라인 협동,22,2019년 10월 10일,Total Mayhem Games,Total Mayhem Games,https://shared.akamai.steamstatic.com/store_item_assets/steam/apps/865360/header.jpg?t=1764330773,얼어붙은 땅을 탐험하는 중에 다시 한 번 불운이 찾아왔습니다. 맹렬한 눈보라를 뚫고 비상용 신호탄이 하늘을 밝힌 뒤 무전을 통해 도움을 구하는 울부짖는 소리가 들립니다. 무전이 끊깁니다... 누구도 그들을 구하러 갈 수 없습니다. 하지만 함께라면 할 수 있지 않을까요?
1151340,Fallout 76,False,44500,44500,0,6,대체로 긍정적,140417,0.719,RPG,멀티플레이어|MMO|PvP|온라인 PvP|협동|온라인 협동|Steam 도전 과제|앱 내 구매|음성 채팅 텍스트 변환|퀵타임 이벤트 없이 플레이 가능|스테레오 사운드|서라운드 사운드|컨트롤러 일부 지원|Remote Play 태블릿,멀티플레이어|협동|온라인 협동|PvP,13,2020년 4월 14일,Bethesda Game Studios,Bethesda Softworks,https://shared.akamai.steamstatic.com/store_item_assets/steam/apps/1151340/0bd68f952d2abb58a5710964b97f56584ef49f4d/header.jpg?t=1786635263,"Bethesda Game Studios에서 여러분을 Fallout 76으로 초대합니다. 폭탄이 떨어지고 25년이 지난 뒤, 볼트 거주자들과 당신은 핵전쟁 이후의 미국에 모습을 드러냈습니다. Fallout 스토리와 이어지는 오픈월드 멀티플레이 게임에서 광활한 황무지를 탐험해 보세요."
1105670,The Last Spell,False,27000,6750,75,8,매우 긍정적,13635,0.9141,액션|인디|RPG|전략,싱글 플레이어|Steam 도전 과제|Steam 트레이딩 카드|텍스트 크기 조정|카메라 움직임 조정|음량 개별 조절|난이도 조정|컨트롤러 일부 지원|Steam Cloud|가족 공유,싱글 플레이어,11,2023년 3월 9일,Ishtar Games,Nacon|The Arcade Crew|Gamera Games|DANGEN Entertainment,https://shared.akamai.steamstatic.com/store_item_assets/steam/apps/1105670/header.jpg?t=1778181686,"영웅 부대를 움직여 인류의 마지막 보루를 수호해야 합니다. 지금 바로 로그라이트 시스템이 가미된 전술 RPG를 시작하세요. 밤에는 마법과 완력으로 사악한 괴물들을 쓸어버리고, 낮에는 손상된 도시 방어 시설을 복구해야 합니다."
1282100,REMNANT II®,False,53000,53000,0,8,매우 긍정적,68377,0.8234,액션|어드벤처|RPG,싱글 플레이어|멀티플레이어|협동|온라인 협동|Steam 도전 과제|컨트롤러 완벽 지원|DUALSHOCK 컨트롤러 지원|DUALSHOCK 컨트롤러 지원|DualSense 컨트롤러 지원|DualSense 컨트롤러 지원|Steam Cloud|가족 공유,싱글 플레이어|멀티플레이어|협동|온라인 협동,10,2023년 7월 25일,Gunfire Games,Arc Games|THQ Nordic,https://shared.akamai.steamstatic.com/store_item_assets/steam/apps/1282100/header.jpg?t=1764659459,Remnant II®는 인류의 생존자들이 무시무시한 세계를 활보하며 전에 없던 치명적인 생명체들과 신에 가까운 보스들에 대항하는 내용을 담은 베스트셀러 게임 Remnant: From the Ashes의 속편입니다.
1284190,The Planet Crafter,False,26900,26900,0,9,압도적으로 긍정적,73161,0.9604,어드벤처,싱글 플레이어|멀티플레이어|협동|온라인 협동|Steam 도전 과제|컨트롤러 완벽 지원|DUALSHOCK 컨트롤러 지원|DUALSHOCK 컨트롤러 지원|DualSense 컨트롤러 지원|DualSense 컨트롤러 지원|가족 공유,싱글 플레이어|멀티플레이어|협동|온라인 협동,14,2024년 4월 10일,Miju Games,Miju Games,https://shared.akamai.steamstatic.com/store_item_assets/steam/apps/1284190/header.jpg?t=1783691047,"1~10명의 플레이어를 위해 설계된 우주 생존 오픈 월드 테라포밍 크래프팅 게임입니다. 사람이 살 수 없는 혹독한 행성의 생태계를 변화시켜 인류가 거주할 수 있는 곳으로 만드세요. 생존하고, 자원을 모으고, 기지를 건설하세요. 산소와 온도, 압력을 생성해 완전히 새로운 생물권을 조성하세요."
364360,토탈워: 워해머,False,59800,59800,0,6,대체로 긍정적,52321,0.7852,액션|전략,싱글 플레이어|멀티플레이어|PvP|온라인 PvP|LAN PvP|협동|온라인 협동|LAN 협동|Steam 도전 과제|Steam 트레이딩 카드|Steam 창작마당|카메라 움직임 조정|음량 개별 조절|난이도 조정|퀵타임 이벤트 없이 플레이 가능|수시 저장|스테레오 사운드|서라운드 사운드|가족 공유,싱글 플레이어|멀티플레이어|협동|온라인 협동|PvP,13,2016년 5월 24일,CREATIVE ASSEMBLY|Feral Interactive (Linux)|Feral Interactive (Mac),SEGA|Feral Interactive (Linux)|Feral Interactive (Mac),https://shared.akamai.steamstatic.com/store_item_assets/steam/apps/364360/header.jpg?t=1780389642,"올드 월드를 직접 지휘하십시오. 턴제 캠페인과 마법이 난무하는 전략적 실시간 전투 속에서 전설적인 군주들을 이끌고, 카오스에 맞선 싸움에서 자신이 선택한 종족이 어떤 운명을 맞이할지 결정하십시오."
2916430,Fast Food Simulator,False,16500,10720,35,8,매우 긍정적,9741,0.8756,인디|시뮬레이션|앞서 해보기,싱글 플레이어|멀티플레이어|협동|온라인 협동|Steam 도전 과제|컨트롤러 일부 지원|Steam Cloud|가족 공유,싱글 플레이어|멀티플레이어|협동|온라인 협동,22,2024년 12월 10일,No Ceiling Games,No Ceiling Games,https://shared.akamai.steamstatic.com/store_item_assets/steam/apps/2916430/header.jpg?t=1762536253,"세상에서 가장 혼란스러운 장소에 오신 것을 환영합니다! 혼자 또는 최대 6명의 플레이어와 협동 플레이를 즐겨보세요. 패스트푸드 레스토랑을 운영하고 친구들과 협력하여 비즈니스를 확장하세요. 주문을 받고, 햄버거를 만들고, 고객을 상대하여 수입을 늘리세요."
1250410,Microsoft Flight Simulator (2020) 40th Anniversary Edition,False,59900,20960,65,6,대체로 긍정적,72779,0.7864,시뮬레이션,싱글 플레이어|멀티플레이어|Steam 도전 과제|컨트롤러 완벽 지원|VR 지원|앱 내 구매|HDR 사용 가능|가족 공유,싱글 플레이어|멀티플레이어,13,2026년 8월 25일,Asobo Studio,Xbox Game Studios,https://shared.akamai.steamstatic.com/store_item_assets/steam/apps/1250410/header.jpg?t=1787671433,"From gliders and helicopters to wide-body jets, fly highly detailed and accurate aircraft in the Microsoft Flight Simulator 40th Anniversary Edition. The world is at your fingertips."
1702010,Sengoku Dynasty,False,32000,16000,50,6,대체로 긍정적,7805,0.7481,어드벤처|RPG|시뮬레이션,싱글 플레이어|멀티플레이어|협동|온라인 협동|Steam 도전 과제|컨트롤러 완벽 지원|Steam Cloud|가족 공유,싱글 플레이어|멀티플레이어|협동|온라인 협동,13,2024년 11월 7일,Superkami,Toplitz Productions,https://shared.akamai.steamstatic.com/store_item_assets/steam/apps/1702010/16a107028f000149c4a391b2eb4db71bac77c9b5/header.jpg?t=1786449813,"Sengoku Dynasty에서 역대 최고의 완성도로 구현된 봉건 시대 일본을 체험하세요. 마을을 건설하고, 공동체를 일구고, 전투 또는 경제를 통해 오픈 월드를 자신이 원하는 모습으로 만들어 나갈 수 있습니다. 지도자로서 권력을 거머쥐든 온천에서 느긋하게 휴식을 취하든, 그 선택은 오직 여러분, 멀티플레이어 협동 모드에서는 최대 4명의 플레이어에게 달려 있습니다!"
1124300,휴먼카인드,False,50000,5000,90,5,복합적,28682,0.6909,전략,싱글 플레이어|멀티플레이어|PvP|온라인 PvP|Steam 도전 과제|Steam 트레이딩 카드|Steam Cloud|레벨 에디터 포함|가족 공유,싱글 플레이어|멀티플레이어|PvP,12,2021년 8월 17일,AMPLITUDE Studios,AMPLITUDE Studios,https://shared.akamai.steamstatic.com/store_item_assets/steam/apps/1124300/header.jpg?t=1787683756,"HUMANKIND™는 Amplitude Studios의 야심작인 역사 기반 전략 게임으로, 여러분은 직접 인류의 역사 전체를 다시 써내려가면서 각종 문화, 역사, 그리고 가치를 융합하여 독특한 문명을 만들게 됩니다. 인류를 얼마나 멀리까지 이끄시겠습니까?"
2707930,Palia,True,0,0,0,8,매우 긍정적,43991,0.8641,어드벤처|캐주얼|인디|RPG|시뮬레이션|무료 플레이,싱글 플레이어|멀티플레이어|협동|온라인 협동|크로스 플랫폼 멀티플레이어|Steam 도전 과제|앱 내 구매|DUALSHOCK 컨트롤러 지원|DualSense 컨트롤러 지원|컨트롤러 일부 지원|가족 공유,싱글 플레이어|멀티플레이어|협동|온라인 협동,10,2024년 3월 25일,Singularity 6 Corporation,Singularity 6 Corporation,https://shared.akamai.steamstatic.com/store_item_assets/steam/apps/2707930/9684b2812591bfafc0085adfd1e7128e9203385e/header.jpg?t=1778603601,"Palia는 여러분만을 위해 만들어진 활기로 가득한 새로운 세상입니다. 친구들과 함께 제작, 요리, 낚시, 농사를 하며 꿈에 그리던 삶을 살고 다채로운 캐릭터와 풀어야 할 수수께끼로 가득한 매혹적인 모험을 찾아보세요."
753420,Dungreed,False,10500,10500,0,8,매우 긍정적,9593,0.933,액션|인디,싱글 플레이어|Steam 도전 과제|컨트롤러 완벽 지원|Steam 트레이딩 카드|Steam 창작마당|DUALSHOCK 컨트롤러 지원|DUALSHOCK 컨트롤러 지원|Steam Cloud|가족 공유,싱글 플레이어,9,2018년 2월 14일,TEAM HORAY,TEAM HORAY,https://shared.akamai.steamstatic.com/store_item_assets/steam/apps/753420/header.jpg?t=1773624015,"Dungreed는 2D 로그라이트 요소가 가미된 2D 횡스크롤 액션 게임입니다. 여러분은 모험가가 되어 마을을 파괴한 끊임없이 변화하는 던전을 탐험해야 합니다. 적들을 때려잡고, 다양한 무기와 마법을 사용하고, 음식을 먹어 던전 안의 악을 물리치세요!"
508440,Totally Accurate Battle Simulator,False,21500,7310,66,9,압도적으로 긍정적,153410,0.9782,인디|시뮬레이션|전략,싱글 플레이어|멀티플레이어|PvP|온라인 PvP|Steam 도전 과제|컨트롤러 일부 지원|Remote Play 휴대전화|Remote Play 태블릿|Remote Play Together|가족 공유,싱글 플레이어|멀티플레이어|PvP,9,2021년 4월 1일,Landfall,Landfall,https://shared.akamai.steamstatic.com/store_item_assets/steam/apps/508440/header.jpg?t=1730715415,"Be the leader of wobblers from ancient lands, spooky places, and fantasy worlds. Watch them fight in simulations made with the wobbliest physics system ever created, make your own wobblers in the unit creator and send your army off to fight your friends in multiplayer."
1606180,下一站江湖Ⅱ,False,27000,27000,0,6,대체로 긍정적,9428,0.7215,액션|어드벤처|인디|RPG|전략,싱글 플레이어|Steam 도전 과제|컨트롤러 완벽 지원|Steam 트레이딩 카드|Steam 창작마당|Steam 창작마당|음량 개별 조절|난이도 조정|#category_playable_at_your_own_pace|퀵타임 이벤트 없이 플레이 가능|스테레오 사운드|서라운드 사운드|가족 공유,싱글 플레이어,4,2024년 4월 17일,白玉京工作室,白玉京工作室,https://shared.akamai.steamstatic.com/store_item_assets/steam/apps/1606180/6556e501ae8f8b7dc3f5cc8097ca20fcf2c49066/header.jpg?t=1786502866,（“Steam成就”现已推出，当前已更新17个免费玩法资料片）《下一站江湖Ⅱ》是白玉京工作室研发的第二款3D单机武侠游戏，是一款包含了沙盒式的剧情主角养成、无缝大地图任意采集建造模拟经营、骑砍Like式门派霸图玩法的开放世界游戏，无内购、可离网游玩！
2050650,BIOHAZARD RE:4,False,49800,49800,0,9,압도적으로 긍정적,274501,0.9735,액션|어드벤처,싱글 플레이어|Steam 도전 과제|컨트롤러 완벽 지원|Steam 트레이딩 카드|Steam Cloud|HDR 사용 가능|가족 공유,싱글 플레이어,14,2023년 3월 23일,"CAPCOM Co., Ltd.","CAPCOM Co., Ltd.",https://shared.akamai.steamstatic.com/store_item_assets/steam/apps/2050650/header_koreana.jpg?t=1772502922,"죽음을 피하고, 쓰러트리는 쾌감. 전례 없는 생물 재해 ""라쿤 사건""으로부터 6년― 대통령 직속 요원이 된 레온 S. 케네디에게 주어진, 유괴된 대통령 영애의 구출 임무. ""광기""에 지배된 마을에 발을 들이게 된 레온은… 생과 사, 공포와 카타르시스가 교차되는 가혹한 구출극의 막이 지금 열립니다. 직감적인 조작과 최신 그래픽, 재구성된 스토리와 함께 다시 살아나는 서바이벌 호러."
4511370,非凡仙途,True,0,0,0,8,매우 긍정적,146,0.8288,액션|어드벤처|캐주얼|대규모 멀티플레이어|RPG|전략|무료 플레이,싱글 플레이어|앱 내 구매|가족 공유,싱글 플레이어,1,2026년 4월 2일,Bee Studio,Bee Studio,https://shared.akamai.steamstatic.com/store_item_assets/steam/apps/4511370/49b92baa5d3be2965b191a1256324506442c0c2e/header.jpg?t=1785462765,天命已现，等你来战！独特的碰撞战斗玩法，轻操作、重策略——胜负取决于战前的排兵布阵。你可以自由搭配神将阵容，激活强力羁绊组合，体验从强力击退流到法师爆发流的千变玩法。 齐天大圣、哪吒、关羽、诸葛亮、共工等神话历史名人齐聚。通过多维养成打造神兵、唤醒神器、抓捕山海异兽，全方位提升战力。深入万象幻境探险，或在斗法大会中与天下英杰一决高下。 《非凡仙途》融合中国古典名著与上古传说，既适合休闲放置，也能满足策略钻研的深度需求。即刻踏上仙途，书写你的神话战纪！
1509960,PICO PARK,False,5500,5500,0,8,매우 긍정적,29932,0.9078,액션|캐주얼|인디,멀티플레이어|협동|온라인 협동|스크린 공유 및 분할 협동|공유 및 분할 화면|가족 공유,멀티플레이어|협동|온라인 협동,1,2021년 5월 7일,TECOPARK,TECOPARK,https://shared.akamai.steamstatic.com/store_item_assets/steam/apps/1509960/header.jpg?t=1740033204,PICO PARK is a cooperative local/online multiplay action puzzle game for 2-8 players.
601150,Devil May Cry 5,False,36800,9200,75,9,압도적으로 긍정적,169970,0.9603,액션,싱글 플레이어|멀티플레이어|협동|온라인 협동|Steam 도전 과제|컨트롤러 완벽 지원|Steam 트레이딩 카드|Steam Cloud|Remote Play TV|HDR 사용 가능|가족 공유,싱글 플레이어|멀티플레이어|협동|온라인 협동,12,2019년 3월 7일,"CAPCOM Co., Ltd.","CAPCOM Co., Ltd.",https://shared.akamai.steamstatic.com/store_item_assets/steam/apps/601150/header.jpg?t=1768869803,"최강의 악마사냥꾼(데빌헌터)이 돌아왔다! 대망의 액션 게임, 전설의 스타일리시 액션 「Devil May Cry」가 드디어 부활!"
4836540,Company of Heroes 3: Final Stand,False,32300,32300,0,5,복합적,1013,0.4916,액션|전략,싱글 플레이어|멀티플레이어|협동|온라인 협동|Steam 도전 과제|앱 내 구매|Steam Cloud|통계|가족 공유,싱글 플레이어|멀티플레이어|협동|온라인 협동,15,2026년 7월 29일,Relic Entertainment,Relic Entertainment,https://shared.akamai.steamstatic.com/store_item_assets/steam/apps/4836540/6947d6be8800b8ed737f04c110ad929ae3c86123/header.jpg?t=1785526365,"Company of Heroes 3: Final Stand는 완전히 새로운 독립형 웨이브 방어 경험을 선사하며, 혼자 또는 친구와 함께 곧바로 전투에 뛰어들 수 있습니다."
1669000,Age of Wonders 4,False,55000,55000,0,8,매우 긍정적,22966,0.8131,RPG|전략,싱글 플레이어|멀티플레이어|PvP|온라인 PvP|협동|온라인 협동|크로스 플랫폼 멀티플레이어|Steam 도전 과제|Steam 트레이딩 카드|Steam 창작마당|카메라 움직임 조정|음성 채팅 텍스트 변환|텍스트 채팅 음성 변환|음량 개별 조절|난이도 조정|퀵타임 이벤트 없이 플레이 가능|수시 저장|스테레오 사운드|서라운드 사운드|컨트롤러 일부 지원|Steam Cloud|Remote Play Together|가족 공유,싱글 플레이어|멀티플레이어|협동|온라인 협동|PvP,9,2023년 5월 2일,Triumph Studios,Paradox Interactive,https://shared.akamai.steamstatic.com/store_item_assets/steam/apps/1669000/6117cd8a24c0af366d7c9cdb2fc1565c4a97d8cf/header.jpg?t=1782398714,나만의 판타지 세계를 지배하라! 4X 전략과 턴제 전술 전투를 합친 Age of Wonders의 시스템과 함께 새 마법 세계를 탐험하세요. 턴을 진행하는 동안 제국을 확장하며 자신의 세력을 양성하고 변모시켜야 합니다!
2325290,Sky 빛의 아이들,True,0,0,0,8,매우 긍정적,25053,0.8707,어드벤처|캐주얼|인디|대규모 멀티플레이어|RPG|무료 플레이|앞서 해보기,싱글 플레이어|멀티플레이어|MMO|협동|온라인 협동|크로스 플랫폼 멀티플레이어|컨트롤러 완벽 지원|앱 내 구매|DUALSHOCK 컨트롤러 지원|DUALSHOCK 컨트롤러 지원|DualSense 컨트롤러 지원|DualSense 컨트롤러 지원|HDR 사용 가능|가족 공유,싱글 플레이어|멀티플레이어|협동|온라인 협동,16,2024년 4월 10일,thatgamecompany,thatgamecompany,https://shared.akamai.steamstatic.com/store_item_assets/steam/apps/2325290/56be8ee08f72bcb3d811be09f8969a474c225a10/header_alt_assets_2_koreana.jpg?t=1784597874,"놀라운 모험이 펼쳐지는 광활한 오픈 월드에 어서 오세요! 마법 같은 세계를 탐험하고, 잃어버린 빛을 되찾고, 전 세계의 플레이어와 말 없이 따듯한 우정을 쌓아보세요. 친절과 모험, 진심 어린 인연을 기념하는 시즌 이벤트를 맞아 퀘스트를 완료하고 퍼즐을 풀 수 있어요."
2781750,Sisters~여름의 마지막 날~,False,27000,27000,0,8,매우 긍정적,441,0.8481,어드벤처|캐주얼,싱글 플레이어|Steam Cloud|가족 공유,싱글 플레이어,3,2024년 6월 3일,Jellyfish,JAST,https://shared.akamai.steamstatic.com/store_item_assets/steam/apps/2781750/header.jpg?t=1749809778,"A fully-animated visual novel about a boy who wakes up in an unknown house with two beautiful sisters, their mother, and an unspoken truth."
2432860,MENACE 메너스,False,39900,29920,25,8,매우 긍정적,13348,0.9093,RPG|시뮬레이션|전략|앞서 해보기,싱글 플레이어|Steam 도전 과제|Steam 트레이딩 카드|Steam Cloud|가족 공유,싱글 플레이어,13,2026년 2월 5일,Overhype Studios,Hooded Horse,https://shared.akamai.steamstatic.com/store_item_assets/steam/apps/2432860/bb16b701a41ff2aeed92b86702cbf3f6ff7e9630/header_koreana.jpg?t=1787906771,"Battle Brothers 개발진이 선보이는 턴제 전략 RPG에서 외계인들의 위협에 맞서 기동 타격대를 지휘하십시오. 여러 세계의 구조 요청에 응답하고, 분대를 훈련시키고, 무장하고, 탱크와 워커를 배치하고, 정밀하고 세밀한 턴제 전투의 임무를 계획하고 실행하십시오."
2073850,THE FINALS,True,0,0,0,6,대체로 긍정적,275223,0.7824,액션|무료 플레이,멀티플레이어|PvP|온라인 PvP|협동|온라인 협동|크로스 플랫폼 멀티플레이어|Steam 도전 과제|컨트롤러 완벽 지원|앱 내 구매|DUALSHOCK 컨트롤러 지원|DUALSHOCK 컨트롤러 지원|DualSense 컨트롤러 지원|DualSense 컨트롤러 지원|가족 공유,멀티플레이어|협동|온라인 협동|PvP,11,2023년 12월 7일,Embark Studios,Embark Studios,https://shared.akamai.steamstatic.com/store_item_assets/steam/apps/2073850/61f55ef49a74c76bf9fda9ec35bc3101eeee2b3e/header.jpg?t=1787220389,"전 세계 명소를 배경으로 한 가상의 세계에서 펼쳐지는 전투 중심의 게임쇼, THE FINALS에 참여하세요! 적 팀의 취약점을 파악하고, 불가능해 보이지만 모두 부셔 버릴 수 있는 특별한 전장에서 팀원들과 싸워보십시오, 나만의 플레이 스타일로 토너먼트의 승리를 차지해 보세요."
304390,포 아너,False,34000,34000,0,5,복합적,163955,0.6905,액션,싱글 플레이어|멀티플레이어|PvP|온라인 PvP|협동|온라인 협동|Steam 도전 과제|Steam 트레이딩 카드|앱 내 구매|컨트롤러 일부 지원,싱글 플레이어|멀티플레이어|협동|온라인 협동|PvP,14,2017년 2월 13일,Ubisoft Montreal|Ubisoft Quebec|Ubisoft Toronto|Blue Byte,Ubisoft,https://shared.akamai.steamstatic.com/store_item_assets/steam/apps/304390/2c22776de84112b1c4f39da2597567bb450386a0/header.jpg?t=1787934086,"혼자서 또는 친구와 함께 3인칭 영웅 기반 근접 전투 게임 ‘포 아너’를 즐겨 보십시오. 기사, 바이킹, 사무라이, 무림, 아웃랜더 중 하나가 되어 혼돈의 전장 속으로 뛰어드십시오. 잔혹한 PvP 팀 기반 모드에서 싸우거나, 스릴 넘치는 스토리 캠페인도 즐겨볼 수 있습니다."
3570070,패들 패들 패들,False,5000,3000,40,8,매우 긍정적,1779,0.8617,캐주얼|레이싱|스포츠,싱글 플레이어|멀티플레이어|협동|온라인 협동|스크린 공유 및 분할 협동|공유 및 분할 화면|Steam 도전 과제|카메라 움직임 조정|색상 대체|음량 개별 조절|키보드 전용 옵션|컨트롤러 일부 지원|Steam Cloud|통계|Steam 순위표|Remote Play Together|가족 공유,싱글 플레이어|멀티플레이어|협동|온라인 협동,15,2025년 7월 25일,Zoroarts,Assemble Entertainment,https://shared.akamai.steamstatic.com/store_item_assets/steam/apps/3570070/35be35d69c576eeb612eaf49aa62f24689cdc798/header.jpg?t=1783433504,"고통 속에서 노를 저어라. 홀로, 혹은 같이. 노는 각자 하나씩. 사방에는 용암 뿐. 떨어지고, 비명을 지르고, 어쩌면 울게 될지도 모르니. 행운을 빈다. 이 쓴맛을 마음껏 즐겨보길."
233450,Prison Architect,False,33000,6600,80,8,매우 긍정적,73733,0.8923,인디|시뮬레이션|전략,싱글 플레이어|Steam 도전 과제|Steam 트레이딩 카드|Steam 창작마당|Steam Cloud|레벨 에디터 포함|가족 공유,싱글 플레이어,15,2015년 10월 6일,Introversion Software|Double Eleven,Paradox Interactive,https://shared.akamai.steamstatic.com/store_item_assets/steam/apps/233450/header.jpg?t=1759221867,세계에서 가장 무자비한 교도소장만이 세계에서 가장 무자비한 재소자들을 관리할 수 있습니다. Prison Architect에서 나만의 교도소를 세우고 발전시키세요.
3447040,하늘의 궤적 the 1st,False,85900,85900,0,9,압도적으로 긍정적,9484,0.9744,RPG,싱글 플레이어|Steam 도전 과제|컨트롤러 완벽 지원|게임패드 권장|DUALSHOCK 컨트롤러 지원|DUALSHOCK 컨트롤러 지원|DualSense 컨트롤러 지원|DualSense 컨트롤러 지원|Steam Cloud|HDR 사용 가능|가족 공유,싱글 플레이어,3,2025년 9월 19일,Nihon Falcom,Clouded Leopard Entertainment,https://shared.akamai.steamstatic.com/store_item_assets/steam/apps/3447040/header_koreana.jpg?t=1762838814,"2024년에 탄생 20주년을 맞이한 스토리 RPG 「궤적」 시리즈. 그 기념비적 첫 작품, 『영웅전설 하늘의 궤적 FC(First Chapter)』를 풀 리메이크!"
3787240,MARVEL Tōkon: Fighting Souls,False,69800,69800,0,5,복합적,6589,0.4797,액션|캐주얼,싱글 플레이어|멀티플레이어|PvP|온라인 PvP|스크린 공유 및 분할 PvP|공유 및 분할 화면|크로스 플랫폼 멀티플레이어|Steam 도전 과제|DUALSHOCK 컨트롤러 지원|DUALSHOCK 컨트롤러 지원|DualSense 컨트롤러 지원|DualSense 컨트롤러 지원|컨트롤러 일부 지원|Steam Cloud|통계|가족 공유,싱글 플레이어|멀티플레이어|PvP,16,2026년 8월 6일,"ARC SYSTEM WORKS CO., LTD",PlayStation Publishing LLC,https://shared.akamai.steamstatic.com/store_item_assets/steam/apps/3787240/b12a65e2a140f07ff79d57773353d9ffc8f6507b/header_koreana.jpg?t=1787658133,궁극의 4 vs 4 태그 팀 격투 게임에서 전설적인 Marvel 캐릭터들로 팀을 구성하세요.
1172620,Sea of Thieves: 2026 Edition,False,39900,39900,0,8,매우 긍정적,372532,0.8864,액션|어드벤처,멀티플레이어|PvP|온라인 PvP|협동|온라인 협동|크로스 플랫폼 멀티플레이어|Steam 도전 과제|Steam 트레이딩 카드|앱 내 구매|컨트롤러 일부 지원|Remote Play 휴대전화|Remote Play 태블릿|가족 공유,멀티플레이어|협동|온라인 협동|PvP,15,2020년 6월 3일,Rare Ltd,Xbox Game Studios,https://shared.akamai.steamstatic.com/store_item_assets/steam/apps/1172620/579c6d544424019a032f4add98e8f923925c1cef/header.jpg?t=1782135471,"Sea of Thieves는 초특급 히트작 해적 어드벤처 게임으로, 잊혀진 보물의 도굴, 격렬한 전투, 바다 괴물의 퇴치 등을 비롯한 전형적인 해적의 삶을 경험할 수 있습니다. 디지털 보너스 미디어가 포함된 게임의 개정판에 뛰어드세요."
1222700,A Way Out,False,33000,33000,0,8,매우 긍정적,102708,0.8793,액션|어드벤처|인디,멀티플레이어|협동|온라인 협동|스크린 공유 및 분할 협동|공유 및 분할 화면|Steam 도전 과제|컨트롤러 완벽 지원|Steam 트레이딩 카드|Remote Play 휴대전화|Remote Play 태블릿|Remote Play TV|Remote Play Together,멀티플레이어|협동|온라인 협동,8,2020년 6월 18일,Hazelight Studios,Electronic Arts,https://shared.akamai.steamstatic.com/store_item_assets/steam/apps/1222700/header.jpg?t=1777323433,협력 어드벤처 게임 A Way Out. 두 명의 수감자 중 한 명이 되어 감옥에서 대담한 탈출을 시도해 보세요.
781030,DK Online,True,0,0,0,5,복합적,747,0.4913,액션|어드벤처|대규모 멀티플레이어|RPG|무료 플레이,멀티플레이어|MMO|PvP|온라인 PvP|협동|온라인 협동|Steam 도전 과제|앱 내 구매|가족 공유,멀티플레이어|협동|온라인 협동|PvP,4,2019년 3월 5일,Masangsoft,Masangsoft,https://shared.akamai.steamstatic.com/store_item_assets/steam/apps/781030/990206d62e126533eb508bd17f88e58ef47e84d1/header.jpg?t=1784015734,"DK Online은 3D 판타지 테마의 MMORPG로, 대규모 PvP 전투에 중점을 두고 있는 게임입니다. 당신은 강력한 영웅, 신들만이 능가 할 수있는 드래곤 나이츠로서 세계를 지키라는 임무가 주어질 것입니다."
1548850,Six Days in Fallujah,False,43000,25800,40,6,대체로 긍정적,16409,0.7936,액션|앞서 해보기,싱글 플레이어|멀티플레이어|협동|온라인 협동|Steam 도전 과제|컨트롤러 완벽 지원|DUALSHOCK 컨트롤러 지원|DUALSHOCK 컨트롤러 지원|가족 공유,싱글 플레이어|멀티플레이어|협동|온라인 협동,11,2023년 6월 22일,Highwire Games,Victura,https://shared.akamai.steamstatic.com/store_item_assets/steam/apps/1548850/6fda8341b3559754cf71ca839e69460c3e54479e/header.jpg?t=1775125249,"신규 업데이트! AI 공격대와 함께하는 솔로 플레이나 온라인 협동 플레이를 즐겨보세요. 식스 데이즈 인 팔루자는 긴장감 넘치고 사실적인 1인칭 전술 슈팅 게임으로, 금세기 가장 치열했던 시가전에서의 실화를 바탕으로 합니다."
1256670,Library Of Ruina,False,31000,31000,0,8,매우 긍정적,44764,0.9448,인디|RPG|전략,싱글 플레이어|Steam 도전 과제|Steam 창작마당|컨트롤러 일부 지원|Steam Cloud|Remote Play 태블릿|가족 공유,싱글 플레이어,4,2021년 8월 10일,ProjectMoon,ProjectMoon,https://shared.akamai.steamstatic.com/store_item_assets/steam/apps/1256670/header.jpg?t=1670980516,"""부디 당신의 책을 찾으실 수 있기를""손님들과 사서와의 전투가 무대처럼 펼쳐집니다. 패배한 손님은 책이 되고, 도서관은 성장합니다. 책을 얻어가며 도시의 비밀을 파헤쳐가세요. 그리고 손에 넣으세요. 단 하나의 완벽한 책을."
1568590,Goose Goose Duck,True,0,0,0,8,매우 긍정적,82201,0.8651,캐주얼|인디|대규모 멀티플레이어|전략|무료 플레이,멀티플레이어|PvP|온라인 PvP|협동|온라인 협동|크로스 플랫폼 멀티플레이어|Steam 도전 과제|컨트롤러 완벽 지원|앱 내 구매|가족 공유,멀티플레이어|협동|온라인 협동|PvP,18,2021년 10월 3일,"Gaggle Studios, Inc.","Gaggle Studios, Inc.",https://shared.akamai.steamstatic.com/store_item_assets/steam/apps/1568590/header.jpg?t=1778102536,"Goose Goose Duck는 최대 16명이 플레이할 수 있는 소셜 디덕션 게임입니다. 플레이어들은 각기 다른 목표를 가진 그룹으로 나뉘며, 팀의 목표를 달성하면 승리할 수 있습니다!"
2966320,Starsand Island,False,42000,33600,20,6,대체로 긍정적,6948,0.7778,캐주얼|인디|RPG|시뮬레이션,싱글 플레이어|멀티플레이어|Steam 도전 과제|컨트롤러 완벽 지원|DualSense 컨트롤러 지원|DualSense 컨트롤러 지원|Steam Cloud|가족 공유,싱글 플레이어|멀티플레이어,4,2026년 8월 18일,Seed Sparkle Lab,Seed Sparkle Lab,https://shared.akamai.steamstatic.com/store_item_assets/steam/apps/2966320/29147965072e19c602f20a7c28d6513c1d859a35/header.jpg?t=1787059688,"Tired of the city grind? Escape to Starsand Island and embrace the simple joys of country life! Live alongside capybaras, cats, and dogs, reel in a big catch, and explore the enchanting Moonlit Forest. Leave the hustle behind and experience the charm of this seaside paradise."
3097560,Liar's Bar,False,7800,7800,0,8,매우 긍정적,56198,0.8959,캐주얼|인디|시뮬레이션|전략|앞서 해보기,멀티플레이어|PvP|온라인 PvP|협동|온라인 협동|가족 공유,멀티플레이어|협동|온라인 협동|PvP,4,2024년 10월 2일,Curve Animation,Curve Animation,https://shared.akamai.steamstatic.com/store_item_assets/steam/apps/3097560/054cf90dfb2e0de8bf595fcd2cfd1b6853bf2556/header.jpg?t=1783933354,수상한 바에서 벌어지는 멀티플레이어 온라인 경험에 뛰어드세요. 이곳의 게임은 손님들만큼 위험합니다. 4인 테이블에 앉아 거짓말과 속임수가 승리의 열쇠인 라이어스 다이스와 라이어스 덱에서 당신의 실력을 시험해보세요. 라이어스 바에서의 밤을 준비되셨나요?
1740720,Have a Nice Death,False,27000,9450,65,8,매우 긍정적,10770,0.859,액션|인디,싱글 플레이어|컨트롤러 완벽 지원|가족 공유,싱글 플레이어,11,2023년 3월 22일,Magic Design Studios,Arc Games,https://shared.akamai.steamstatic.com/store_item_assets/steam/apps/1740720/header.jpg?t=1717104630,"Have a Nice Death는 과로에 고생하는 데스가 되어 플레이하는 2D 액션 로그라이크로, 통제 불능인 직원들 때문에 영혼의 균형과 데스의 휴가 계획이 틀어지고 말았습니다. 질서를 회복하려면 대낫을 들고 직원들과 서열 정리를 해야 합니다."
1258080,샵 타이탄,True,0,0,0,6,대체로 긍정적,17963,0.7783,어드벤처|캐주얼|RPG|시뮬레이션|무료 플레이,싱글 플레이어|멀티플레이어|MMO|협동|온라인 협동|크로스 플랫폼 멀티플레이어|Steam 도전 과제|Steam 트레이딩 카드|앱 내 구매|가족 공유,싱글 플레이어|멀티플레이어|협동|온라인 협동,13,2020년 5월 5일,"Kabam Games, Inc.","Kabam Games, Inc.",https://shared.akamai.steamstatic.com/store_item_assets/steam/apps/1258080/095862c7e85e4208afb363a9a5924349923d3165/header_koreana.jpg?t=1754432193,"당신은 이 마을의 새로운 숙련된 장인입니다. 마을의 히어로들을 도와 지하 던전에 숨어있는 무시무시한 몬스터들을 상대해 보세요. 마을을 지키는 히어로들의 멋진 갑옷, 검, 무기들을 만들어서 상점을 개성 있게 꾸며 보세요. 다른 상점에 가장 높은 가격으로 물건을 거래, 판매 및 경매를 해보세요. 또한, 전사들에게 더 비싼 가격으로 물건을 팔아 보세요."
365360,Battle Brothers,False,29900,8970,70,8,매우 긍정적,28654,0.8807,RPG|시뮬레이션|전략,싱글 플레이어|Steam 도전 과제|Steam 트레이딩 카드|Steam Cloud|Remote Play 태블릿|가족 공유,싱글 플레이어,1,2017년 3월 24일,Overhype Studios,Hooded Horse|Overhype Studios,https://shared.akamai.steamstatic.com/store_item_assets/steam/apps/365360/c6ad528c1ec98716cccc6b251d570bd1c0f2d283/header.jpg?t=1787907437,"중세 판타지 세계를 배경으로 펼쳐지는 이 전술 RPG에서 용병단을 이끌어 보세요. 절차적으로 생성된 오픈 월드 캠페인 속에서 어디로 갈지, 어떤 전사를 영입할지, 어떤 계약을 추구할지, 그리고 부하들을 어떤 방식으로 훈련시키고 어떤 장비를 갖추어야 할지 선택하며 명예와 부를 쟁취하세요."
3590290,DIVE or DIE - Children of Rain,False,30900,30900,0,8,매우 긍정적,1277,0.9139,액션|어드벤처|인디,싱글 플레이어|Steam 도전 과제|컨트롤러 완벽 지원|DualSense 컨트롤러 지원|DualSense 컨트롤러 지원|Steam Cloud|가족 공유,싱글 플레이어,10,2026년 7월 21일,Drop Rate Studio,Dear Villagers,https://shared.akamai.steamstatic.com/store_item_assets/steam/apps/3590290/e0279893a393cecd472e1475d16ddb648aad15a3/header.jpg?t=1785164308,잠수할 때마다 목숨을 건 도박을 해야 합니다. 저주받은 심연 속으로 뛰어드세요. 그렇지 않으면 남은 것은 죽음뿐입니다. 엘드리치의 공포에 맞서 검은 비의 진실을 파헤치세요. 쓸 만한 것을 모으고 업그레이드하세요. 생존자를 모집하고 희생시키세요. 캠프를 지키세요... 홍수가 다가오고 있습니다.
633230,나루토 투 보루토 시노비 스트라이커,False,24800,6200,75,8,매우 긍정적,56558,0.8365,액션,싱글 플레이어|멀티플레이어|PvP|온라인 PvP|협동|온라인 협동|Steam 도전 과제|컨트롤러 일부 지원|가족 공유,싱글 플레이어|멀티플레이어|협동|온라인 협동|PvP,12,2023년 6월 29일,Soleil Ltd.,Bandai Namco Entertainment,https://shared.akamai.steamstatic.com/store_item_assets/steam/apps/633230/ff4fe376accfa2a38aa60d69dedb4a2453483d69/header_alt_assets_2.jpg?t=1787889603,"온라인 아크로바틱 닌자 대전 액션이 등장! 7대 호카게의 시대. 당신은 나뭇잎 마을에서 개최되는 「인계 리그」에 참가하러 온 신참 닌자! NARUTO・BORUTO에 등장하는 인술들을 갈고닦아, 온라인 로비에 모인 플레이어들과 4인 1조 팀을 맺고 인계 최강을 노리자!"
4045750,Out of the Park Baseball 27,False,53000,53000,0,8,매우 긍정적,461,0.8265,인디|시뮬레이션|스포츠|전략,싱글 플레이어|멀티플레이어|크로스 플랫폼 멀티플레이어|Steam 도전 과제|Steam 트레이딩 카드|Steam 창작마당|앱 내 구매|텍스트 크기 조정|카메라 움직임 조정|색상 대체|음량 개별 조절|난이도 조정|퀵타임 이벤트 없이 플레이 가능|수시 저장|스테레오 사운드|가족 공유,싱글 플레이어|멀티플레이어,2,2026년 3월 13일,Out of the Park Developments,Out of the Park Developments,https://shared.akamai.steamstatic.com/store_item_assets/steam/apps/4045750/1ea81d6e40df7f9a4c47804c1f95a934d9843866/header.jpg?t=1773420746,"27 years of sports gaming excellence! Out of the Park Baseball 27 is here - officially licensed by MLB, the MLB Players Inc. and KBO! You are firmly in charge of your favorite baseball franchise - today or at any point in history! Your team, your way, your rules."
1805320,Romestead,False,15000,15000,0,6,대체로 긍정적,4847,0.7656,액션|어드벤처|인디|RPG|앞서 해보기,싱글 플레이어|멀티플레이어|협동|온라인 협동|LAN 협동|Steam Cloud|가족 공유,싱글 플레이어|멀티플레이어|협동|온라인 협동,14,2026년 5월 25일,Beartwigs,Three Friends,https://shared.akamai.steamstatic.com/store_item_assets/steam/apps/1805320/7ba6783ca5acd8068abd3bd924801ce173fc39e8/header.jpg?t=1782998088,"로마가 무너졌습니다. 이 1-8인용 액션 어드벤처 생존 게임에서 문명을 재건하세요. 걸어다니는 시체들의 무리와 싸우고, 정착지를 건설하고, 로마의 신들을 되살리거나... 아니면 그냥 쉬면서 친구들과 농사 지으세요."
1858650,In Sink: A Co-op Escape Adventure,False,16500,6600,60,8,매우 긍정적,1644,0.8662,어드벤처|캐주얼|인디|시뮬레이션|전략,멀티플레이어|협동|온라인 협동|Steam 도전 과제|컨트롤러 완벽 지원|DUALSHOCK 컨트롤러 지원|DualSense 컨트롤러 지원|Steam Cloud|가족 공유,멀티플레이어|협동|온라인 협동,103,2024년 11월 12일,Clock Out Games,Kwalee,https://shared.akamai.steamstatic.com/store_item_assets/steam/apps/1858650/header.jpg?t=1754475664,조난을 당해 수수께끼의 섬에 다다른 두 명의 캐릭터가 되어 플레이하세요. 이 협동 게임에서는 친구와 한 팀이 되어 힘을 합쳐야 합니다. 함께 퍼즐을 풀고 집으로 돌아갈 길을 마련하세요. 비슷하게 생각하는 것만으로는 부족합니다. 진정으로 '빠져들어야' 탈출할 수 있습니다.
3908940,Inferno Protocol,False,15000,12000,20,5,복합적,56,0.6964,액션|어드벤처|인디|앞서 해보기,싱글 플레이어|멀티플레이어|협동|온라인 협동|Steam 도전 과제|컨트롤러 완벽 지원|카메라 움직임 조정|음량 개별 조절|DUALSHOCK 컨트롤러 지원|DualSense 컨트롤러 지원|수시 저장|스테레오 사운드|Steam Cloud|가족 공유,싱글 플레이어|멀티플레이어|협동|온라인 협동,9,2026년 8월 28일,Tektonic Interactive,Tektonic Interactive,https://shared.akamai.steamstatic.com/store_item_assets/steam/apps/3908940/45fdacf873c8ca3ba7cca576fcf03ac24a413462/header.jpg?t=1787929615,A survival horror set in a massive maze. Play solo or 6-player co-op. Scavenge resources to craft gear and survive against terrifying enemies. Unlock unique abilities and find the exit.
814380,Sekiro™: Shadows Die Twice - GOTY Edition,False,75000,75000,0,9,압도적으로 긍정적,354782,0.9525,액션|어드벤처,싱글 플레이어|Steam 도전 과제|컨트롤러 완벽 지원|Steam 트레이딩 카드|Steam Cloud|Remote Play 태블릿|Remote Play TV|가족 공유,싱글 플레이어,13,2019년 3월 21일,"FromSoftware, Inc.","Activision (Excluding Japan and Asia)|FromSoftware, Inc. (Japan)|方块游戏 (Asia)",https://shared.akamai.steamstatic.com/store_item_assets/steam/apps/814380/header.jpg?t=1762888662,Dark Souls 시리즈를 개발한 FromSoftware의 새로운 어드벤처에서 복수를 향한 자신만의 길을 개척해보십시오. 복수하십시오. 명예를 회복하십시오. 무사답게 싸우십시오.
4864560,메챠 카멜레온,False,4400,4400,0,6,대체로 긍정적,206,0.7573,액션|시뮬레이션,멀티플레이어|PvP|온라인 PvP|Steam 도전 과제|가족 공유,멀티플레이어|PvP,11,2026년 7월 22일,SCRIBBLE BUNNY,Proactive Games,https://shared.akamai.steamstatic.com/store_item_assets/steam/apps/4864560/511f42b7104f524279bfb4bd580dcd4fbd030361/header.jpg?t=1784725173,"버니맨에게 색을 입히고 카멜레온처럼 풍경 속으로 녹아들어라! 2~10인 온라인 숨바꼭질. 색을 추출하고, 빛을 맞추고, 재질을 조정해 완벽하게 위장하라 — 헌터의 시선 아래에서 살아 돌아가라."
391220,Rise of the Tomb Raider™,False,32990,4950,85,8,매우 긍정적,155323,0.9417,액션|어드벤처,싱글 플레이어|Steam 도전 과제|컨트롤러 완벽 지원|추적되는 컨트롤러 지원|VR 지원|Steam 트레이딩 카드|DUALSHOCK 컨트롤러 지원|DUALSHOCK 컨트롤러 지원|Steam Cloud|Steam 순위표|Remote Play 휴대전화|Remote Play 태블릿|Remote Play TV|가족 공유,싱글 플레이어,14,2016년 2월 9일,Crystal Dynamics|Eidos-Montréal|Feral Interactive (Mac)|Feral Interactive (Linux)|Nixxes,Crystal Dynamics|Feral Interactive (Mac)|Feral Interactive (Linux),https://shared.akamai.steamstatic.com/store_item_assets/steam/apps/391220/header.jpg?t=1766187095,Rise of the Tomb Raider: 20주년 기념판에는 기본 게임과 완전히 새로운 콘텐츠가 담긴 시즌 패스가 포함됩니다. 새로운 “핏줄” 스토리에서 크로프트 저택을 탐험하고 “라라의 악몽”에서 좀비의 습격으로부터 크로프트 저택을 지켜내세요.
2698940,The Crew Motorfest,False,79000,79000,0,6,대체로 긍정적,25232,0.7877,레이싱,싱글 플레이어|멀티플레이어|PvP|온라인 PvP|협동|온라인 협동|Steam 도전 과제|컨트롤러 완벽 지원|캡션 이용 가능|앱 내 구매|DUALSHOCK 컨트롤러 지원|DUALSHOCK 컨트롤러 지원|DualSense 컨트롤러 지원|DualSense 컨트롤러 지원|HDR 사용 가능,싱글 플레이어|멀티플레이어|협동|온라인 협동|PvP,13,2024년 4월 18일,Ubisoft Ivory Tower,Ubisoft,https://shared.akamai.steamstatic.com/store_item_assets/steam/apps/2698940/715d1f1e53a55a46ca00e689a1b7651c17fa592f/header.jpg?t=1783516305,"The Crew Motorfest는 하와이의 오아후섬에서 펼쳐지는 오픈 월드 온라인 레이싱 게임입니다. 격렬한 레이스에서 경쟁을 펼치고, 테마 이벤트를 즐기고, 수백 대의 상징적인 자동차들을 수집하면서 자동차 문화의 정수를 느껴보세요. 5시간 동안 게임을 무료로 즐겨보세요!"
2379780,Balatro,False,16500,16500,0,9,압도적으로 긍정적,197619,0.9784,캐주얼|인디|전략,싱글 플레이어|Steam 도전 과제|컨트롤러 완벽 지원|Steam 트레이딩 카드|색상 대체|음량 개별 조절|마우스 전용 옵션|퀵타임 이벤트 없이 플레이 가능|DualSense 컨트롤러 지원|DualSense 컨트롤러 지원|터치 전용 옵션|Steam Cloud|가족 공유,싱글 플레이어,12,2024년 2월 20일,LocalThunk,Playstack,https://shared.akamai.steamstatic.com/store_item_assets/steam/apps/2379780/7a85430784e4d613cdb0547414d8cf16ffa45747/header.jpg?t=1787247969,"포커 로그라이크 게임. Balatro는 불법 포커 패로 게임을 하고, 판을 뒤엎는 조커를 발견하고, 아드레날린이 치솟는 강력한 콤보를 만드는 덱 빌딩 게임입니다."
1805110,Solarpunk™,False,24380,24380,0,8,매우 긍정적,4377,0.8136,어드벤처|인디|시뮬레이션,싱글 플레이어|멀티플레이어|협동|온라인 협동|Steam 도전 과제|컨트롤러 완벽 지원|음량 개별 조절|난이도 조정|퀵타임 이벤트 없이 플레이 가능|Steam Cloud|가족 공유,싱글 플레이어|멀티플레이어|협동|온라인 협동,14,2026년 6월 8일,Cyberwave,rokaplay|Metaroot,https://shared.akamai.steamstatic.com/store_item_assets/steam/apps/1805110/9512e707770080499c95c50976ff1b6f712a95ba/header.jpg?t=1786625129,"Solarpunk는 기술적으로 발달된 공중에 떠있는 섬의 세상에서 진행하는 생존게임입니다. 혼자서 혹은 친구들과 플레이하며, 여러분은 건물을 건설하고, 식량을 키우며, 도구들을 만들고 하늘에 멀리 떨어져 있는 섬들을 탐험하기 위해 비행선에 탑승할 수 있습니다."
4035270,Space Rock Breaker,False,3300,1650,50,9,압도적으로 긍정적,4332,0.9626,캐주얼,싱글 플레이어|Steam 도전 과제|컨트롤러 완벽 지원|DUALSHOCK 컨트롤러 지원|DUALSHOCK 컨트롤러 지원|DualSense 컨트롤러 지원|DualSense 컨트롤러 지원|Steam Cloud|가족 공유,싱글 플레이어,18,2025년 12월 19일,WAKA WAKA,WAKA WAKA,https://shared.akamai.steamstatic.com/store_item_assets/steam/apps/4035270/d91e2017e16b31fce148366592959d47d36e0eee/header_koreana.jpg?t=1787787212,"우주암석파괴자는 우주에서 소행성을 채굴하는 짧은 증분형 게임입니다. 무기로 소행성을 채굴하고, 새로운 자원을 해금하며, 광석을 플링코 머신에 떨어뜨려 처리하고, 거대한 스킬 트리에서 업그레이드에 크레딧을 사용하세요."
3164330,인피니티 니키,True,0,0,0,5,복합적,10415,0.5678,액션|어드벤처|캐주얼|RPG|시뮬레이션|무료 플레이,싱글 플레이어|멀티플레이어|협동|크로스 플랫폼 멀티플레이어|Steam 도전 과제|앱 내 구매|DUALSHOCK 컨트롤러 지원|DUALSHOCK 컨트롤러 지원|DualSense 컨트롤러 지원|DualSense 컨트롤러 지원|컨트롤러 일부 지원|가족 공유,싱글 플레이어|멀티플레이어|협동,12,2025년 4월 28일,Infold Games,Infold Games,https://shared.akamai.steamstatic.com/store_item_assets/steam/apps/3164330/header_koreana.jpg?t=1787887117,"인피니티 니키는 Infold Games에서 개발한 니키 시리즈의 다섯 번째 작품으로 언리얼 5 엔진을 활용하여 개발된 멀티 플랫폼 오픈 월드 게임입니다. 아름다움을 찾아 떠나는 모험의 여정 속에서, 의상 세트에 숨겨진 상상의 힘을 활용해 니키는 모모와 함께 신비로운 대륙에서 수많은 경이로움을 만나게 됩니다."
3314790,CloverPit,False,11000,11000,0,8,매우 긍정적,25770,0.9017,액션|어드벤처|인디|시뮬레이션|스포츠|전략,싱글 플레이어|Steam 도전 과제|컨트롤러 완벽 지원|DUALSHOCK 컨트롤러 지원|Steam Cloud|가족 공유,싱글 플레이어,10,2025년 9월 26일,Panik Arcade,Future Friends Games,https://shared.akamai.steamstatic.com/store_item_assets/steam/apps/3314790/8ba81356b84aa937573fa29fdd708dbd96b01537/header.jpg?t=1787580462,로그라이트 슬롯 머신 악몽이 펼쳐집니다. 끝이 나지 않는 부채 시뮬레이터에서 목숨을 건 도박을 즐기세요!
1000360,Hellish Quart,False,21000,21000,0,8,매우 긍정적,8488,0.8842,액션|앞서 해보기,싱글 플레이어|멀티플레이어|PvP|스크린 공유 및 분할 PvP|공유 및 분할 화면|Steam 도전 과제|컨트롤러 완벽 지원|VR 지원|Steam 트레이딩 카드|음량 개별 조절|난이도 조정|게임패드 권장|키보드 전용 옵션|DUALSHOCK 컨트롤러 지원|DUALSHOCK 컨트롤러 지원|DualSense 컨트롤러 지원|DualSense 컨트롤러 지원|스테레오 사운드|Steam Cloud|Steam 순위표|Remote Play 휴대전화|Remote Play 태블릿|Remote Play Together|가족 공유,싱글 플레이어|멀티플레이어|PvP,7,2021년 2월 16일,Kubold,Kubold,https://shared.akamai.steamstatic.com/store_item_assets/steam/apps/1000360/header.jpg?t=1780904362,"A physics-based, realistic 3D sword-fighting game. Immerse yourself in a cinematic adventure, utilizing real sword-fighting martial arts and a variety of historically accurate weapons to survive brutal duels in 17th century Poland. Featuring single-player modes and a LOCAL 2-player mode."
3948120,Scritchy Scratchy,False,5750,5750,0,8,매우 긍정적,15248,0.9444,캐주얼|인디|시뮬레이션,싱글 플레이어|Steam 도전 과제|음량 개별 조절|마우스 전용 옵션|퀵타임 이벤트 없이 플레이 가능|수시 저장|터치 전용 옵션|Steam Cloud|가족 공유,싱글 플레이어,10,2026년 3월 18일,Lunch Money Games,Funday Games,https://shared.akamai.steamstatic.com/store_item_assets/steam/apps/3948120/ee753b9d460682825d0e61909bdc37f3a1ddc0c9/header_koreana.jpg?t=1785443499,Scritchy Scratchy는 엄청나게 중독성 있는 증분형 복권 긁기 게임입니다. 복권을 잔뜩 구매하고 자동 긁기를 잠금 해제해 초대박 잭팟을 노려보세요. 안전하게 갈까요? 아니면 올인해 볼까요?
4796830,WE ARE SO DEAD,False,8700,5390,38,6,대체로 긍정적,691,0.7641,어드벤처|캐주얼|인디|RPG|시뮬레이션|전략|앞서 해보기,멀티플레이어|협동|온라인 협동|Steam 도전 과제|Steam Cloud|가족 공유,멀티플레이어|협동|온라인 협동,6,2026년 8월 17일,REAL PLAYERS,REAL PLAYERS,https://shared.akamai.steamstatic.com/store_item_assets/steam/apps/4796830/d0f51a2e0497ac208b2604562779b648015eb7f3/header.jpg?t=1787326438,"협동 강령회 커뮤니케이션 게임 — 한 명은 이미 죽어 있고, 다른 이들을 죽이는 것이 보이는 건 오직 당신뿐. 유일한 목소리는 친구들이 자꾸 잘못 읽는 위자 보드. 귀신 들린 집의 9개 층 아래로 친구들을 이끌어, 해가 뜨기 전에 악마를 추방하라. 2-6인 플레이. 두뇌 필수."
4268470,Rosalie,False,7800,7800,0,8,매우 긍정적,306,0.9314,액션|어드벤처|캐주얼|인디|앞서 해보기,싱글 플레이어|멀티플레이어|협동|온라인 협동|스크린 공유 및 분할 협동|공유 및 분할 화면|Steam 도전 과제|카메라 움직임 조정|색상 대체|음량 개별 조절|스테레오 사운드|컨트롤러 일부 지원|Steam Cloud|Remote Play Together|가족 공유,싱글 플레이어|멀티플레이어|협동|온라인 협동,4,2026년 3월 21일,Articho Games,Articho Games,https://shared.akamai.steamstatic.com/store_item_assets/steam/apps/4268470/05816436f069511cf57ad5e156923a298ca0226d/header.jpg?t=1784909777,"좌충우돌 2인 협동 로드 트립. 관광객이 되어 페달 카의 컨트롤을 분담하세요. 왼쪽 좌석은 왼쪽으로, 오른쪽 좌석은 오른쪽으로 회전합니다! 핵심은 바로 두 사람의 호흡!"
3712080,Funnel Runners,False,12500,12500,0,8,매우 긍정적,3232,0.8382,액션|인디|시뮬레이션|앞서 해보기,싱글 플레이어|멀티플레이어|협동|온라인 협동|Steam 도전 과제|컨트롤러 완벽 지원|Steam Cloud|통계|가족 공유,싱글 플레이어|멀티플레이어|협동|온라인 협동,1,2026년 7월 16일,Supernova Studios LLC,Supernova Studios LLC,https://shared.akamai.steamstatic.com/store_item_assets/steam/apps/3712080/5e03554f7fd68edf54813a8d5a576a8791672227/header.jpg?t=1784567934,"Trapped in a doomed city, you and up to 7 friends must scavenge parts, fix your van, and escape the brutal tornado that approaches. A first-person co-op survival game with escalating disasters and total environmental destruction."
2397300,Half Sword,False,27000,27000,0,6,대체로 긍정적,29029,0.7206,액션|어드벤처|인디|시뮬레이션|앞서 해보기,싱글 플레이어|Steam Cloud|가족 공유,싱글 플레이어,1,2026년 1월 30일,Half Sword Games,Game Seer Publishing,https://shared.akamai.steamstatic.com/store_item_assets/steam/apps/2397300/54d7f7be1eb9e289186fab6132dc668c3644f826/header.jpg?t=1769873014,"Half Sword는 물리 기반 중세 전투 시뮬레이션 게임으로, 15세기의 무기와 방어구를 역사적으로 정확하게 재현했습니다. 유혈이 낭자한 잔혹한 중세의 전투를 거침없이 표현했습니다."
356190,Middle-earth™: Shadow of War™,False,53000,5300,90,8,매우 긍정적,116643,0.8894,액션|어드벤처|RPG,싱글 플레이어|Steam 도전 과제|컨트롤러 완벽 지원|Steam 트레이딩 카드|앱 내 구매|Steam Cloud|가족 공유,싱글 플레이어,13,2017년 10월 9일,Monolith Productions,WB Games,https://shared.akamai.steamstatic.com/store_item_assets/steam/apps/356190/header_koreana.jpg?t=1780594801,다수의 상을 받은 네메시스 시스템을 통해서 방대한 오픈 월드를 생생하게 체험하세요. 미들 어스™: 섀도우 오브 워™에서 힘의 반지를 주조하여 여러분만의 오크 군대로 대규모 전투에서 요새들을 점령하고 모르도르를 지배하세요.
1941540,마피아:  올드 컨트리,False,60800,60800,0,6,대체로 긍정적,30006,0.73,액션|어드벤처,싱글 플레이어|Steam 도전 과제|컨트롤러 완벽 지원|Steam 트레이딩 카드|텍스트 크기 조정|카메라 움직임 조정|색상 대체|음량 개별 조절|난이도 조정|스테레오 사운드|자막 옵션|서라운드 사운드|HDR 사용 가능|가족 공유,싱글 플레이어,15,2025년 8월 7일,Hangar 13,2K,https://shared.akamai.steamstatic.com/store_item_assets/steam/apps/1941540/c856b1f470f980bdc5fb6367fc5c560fe06ccea4/header_alt_assets_3.jpg?t=1786750937,"1900년대 시칠리아의 잔혹한 지하 세계를 배경으로 살아가는 근성으로 똘똘 뭉친 마피아 이야기, 마피아: 올드 컨트리에서 조직범죄의 탄생 비화를 알아보세요. 3인칭 몰입형 액션 어드벤처에서 엔조 파바라로서 살아남기 위해 싸우고 가족에게 나의 가치를 증명하세요."
2499860,드래곤 퀘스트 VII Reimagined,False,69800,69800,0,8,매우 긍정적,2873,0.8914,어드벤처|RPG,싱글 플레이어|Steam 도전 과제|컨트롤러 완벽 지원|Steam 트레이딩 카드|색상 대체|음량 개별 조절|난이도 조정|키보드 전용 옵션|#category_playable_at_your_own_pace|퀵타임 이벤트 없이 플레이 가능|Steam Cloud|가족 공유,싱글 플레이어,10,2026년 2월 5일,Square Enix|HEXADRIVE Inc.,Square Enix,https://shared.akamai.steamstatic.com/store_item_assets/steam/apps/2499860/570a41c342eb7e383342fd29d2acd6354ddf9dd3/header_koreana.jpg?t=1785474787,"「바다 건너에는 더 넓은 세상이 있어... 그걸 우리가 증명하자!」 발단은 외딴섬에 사는 소년 소녀의 작은 호기심. 지금, 바다를 건너고 시간을 초월하는 대모험이 시작된다. 원작의 매력을 유지하면서도, 더 즐기기 편하도록 「Reimagined(재구축)」."
275850,No Man's Sky,False,63000,63000,0,8,매우 긍정적,414578,0.8504,액션|어드벤처,싱글 플레이어|멀티플레이어|PvP|온라인 PvP|협동|온라인 협동|크로스 플랫폼 멀티플레이어|Steam 도전 과제|컨트롤러 완벽 지원|추적되는 컨트롤러 지원|VR 지원|Steam 트레이딩 카드|텍스트 크기 조정|카메라 움직임 조정|음성 채팅 텍스트 변환|색상 대체|음량 개별 조절|난이도 조정|퀵타임 이벤트 없이 플레이 가능|DUALSHOCK 컨트롤러 지원|DUALSHOCK 컨트롤러 지원|DualSense 컨트롤러 지원|DualSense 컨트롤러 지원|수시 저장|Steam Input API 지원|스테레오 사운드|자막 옵션|서라운드 사운드|Steam Cloud|Remote Play 태블릿|Remote Play TV|HDR 사용 가능|가족 공유,싱글 플레이어|멀티플레이어|협동|온라인 협동|PvP,14,2016년 8월 12일,Hello Games,Hello Games,https://shared.akamai.steamstatic.com/store_item_assets/steam/apps/275850/84d0df065c36eb8ded7bdf0d8fccd19d43b6c005/header.jpg?t=1787045299,No Man's Sky는 무한히 펼쳐지는 우주에서의 탐험과 생존을 그린 SF 게임입니다.
284160,BeamNG.drive,False,27000,27000,0,9,압도적으로 긍정적,416102,0.9723,레이싱|시뮬레이션|앞서 해보기,싱글 플레이어|Steam 도전 과제|Steam 트레이딩 카드|카메라 움직임 조정|음량 개별 조절|키보드 전용 옵션|퀵타임 이벤트 없이 플레이 가능|DUALSHOCK 컨트롤러 지원|DualSense 컨트롤러 지원|DualSense 컨트롤러 지원|스테레오 사운드|서라운드 사운드|컨트롤러 일부 지원|Steam Cloud|레벨 에디터 포함|Remote Play 휴대전화|Remote Play 태블릿|Remote Play Together|가족 공유,싱글 플레이어,13,2015년 5월 29일,BeamNG,BeamNG,https://shared.akamai.steamstatic.com/store_item_assets/steam/apps/284160/17f8af1312bc48e6cd90e5fb639d4981682af260/header.jpg?t=1785357623,뭐든지 할 수 있는 동적 소프트 보디 물리 시뮬레이터입니다.
3451980,Soul's Remnant,True,0,0,0,5,복합적,1268,0.6979,어드벤처|캐주얼|인디|대규모 멀티플레이어|RPG|무료 플레이|앞서 해보기,멀티플레이어|MMO|협동|온라인 협동|크로스 플랫폼 멀티플레이어|Steam 도전 과제|컨트롤러 완벽 지원|앱 내 구매|DUALSHOCK 컨트롤러 지원|DUALSHOCK 컨트롤러 지원|DualSense 컨트롤러 지원|DualSense 컨트롤러 지원|가족 공유,멀티플레이어|협동|온라인 협동,18,2026년 8월 13일,Chaomoon,Chaomoon,https://shared.akamai.steamstatic.com/store_item_assets/steam/apps/3451980/header.jpg?t=1786618773,"Soul's Remnant is a 2D platformer MMORPG focused on social gameplay and exploration! Customize your character, and conquer dungeons and bosses in this mysterious world. Play with friends or make new ones - just watch out when night falls!"
1436990,Feign,False,5500,3020,45,8,매우 긍정적,6328,0.9117,캐주얼|인디|RPG|전략,멀티플레이어|PvP|온라인 PvP|협동|온라인 협동|Steam 도전 과제|앱 내 구매|색상 대체|음량 개별 조절|가족 공유,멀티플레이어|협동|온라인 협동|PvP,14,2025년 11월 22일,Teneke Kafalar,Teneke Kafalar|Kwalee,https://shared.akamai.steamstatic.com/store_item_assets/steam/apps/1436990/ea1f16a2328bd5dbcac07ea50003ef1e7b8853d5/header.jpg?t=1770719776,"수수께끼, 전략, 권모술수가 난무하는 흥미진진한 역할 게임 페인을 만나보세요! 엉뚱한 분위기를 풍기는 작은 마을에서 시민, 사기꾼, 중립자들이 긴장감 넘치는 심리전을 펼칩니다. 임무는 깊은 밤에 시작되고, 낮에는 마을 사람들의 투표로 누군가 쫓겨납니다!"
4948000,Moo Who?,False,7600,7600,0,6,대체로 긍정적,168,0.7143,액션|캐주얼|인디,멀티플레이어|PvP|온라인 PvP|협동|온라인 협동|Steam 도전 과제|가족 공유,멀티플레이어|협동|온라인 협동|PvP,10,2026년 8월 21일,SAT Productions,SAT Productions,https://shared.akamai.steamstatic.com/store_item_assets/steam/apps/4948000/362297ea18447bdf634052b56e7c1bc3d9ed2e72/header.jpg?t=1787331470,"살아남을 만큼 동물처럼 그럴듯하게 소리 낼 수 있나요? Moo Who는 동물 플레이어가 NPC 사이에 숨어들고, 사냥꾼이 누가 가짜인지 알아내기 전에 마이크로 동물 소리를 내야 하는 멀티플레이어 음성 흉내 파티 게임입니다."
824550,SD건담 배틀 얼라이언스,False,69800,17450,75,5,복합적,6106,0.6328,액션|RPG,싱글 플레이어|멀티플레이어|협동|온라인 협동|Steam 도전 과제|컨트롤러 완벽 지원|Steam 트레이딩 카드|Steam Cloud|가족 공유,싱글 플레이어|멀티플레이어|협동|온라인 협동,12,2022년 8월 24일,ARTDINK,Bandai Namco Entertainment,https://shared.akamai.steamstatic.com/store_item_assets/steam/apps/824550/header_koreana.jpg?t=1706555546,"『SD건담 배틀 얼라이언스』는 여러 무장을 구사하는 상쾌 연격 액션을 혼자서도 셋이서도 즐길 수 있는 새로운 SD건담 액션 RPG이다. 입수한 기체를 강화하여, 플레이어를 기다리는 다양한 미션에 도전하라!"
2670630,Supermarket Simulator,False,21500,21500,0,8,매우 긍정적,83839,0.9205,캐주얼|인디|시뮬레이션,싱글 플레이어|멀티플레이어|협동|온라인 협동|Steam 도전 과제|컨트롤러 완벽 지원|Steam Cloud|가족 공유,싱글 플레이어|멀티플레이어|협동|온라인 협동,20,2025년 6월 19일,Nokta Games,Nokta Games,https://shared.akamai.steamstatic.com/store_item_assets/steam/apps/2670630/267eef055b0e5d45cb1c874f816a31dded4bb88e/header.jpg?t=1787758631,"자신만의 슈퍼마켓을 운영하세요! 진열대를 채우고, 가격을 정하며, 결제를 받고, 직원을 고용하고, 매장을 확장하며, 절도범을 처리하고, 매장 레이아웃을 디자인하세요. 온라인 또는 지역 시장에서 상품을 구매하고, 온라인 주문을 고객에게 직접 배달하세요."
2321470,Deep Rock Galactic: Survivor,False,14000,8400,40,8,매우 긍정적,48139,0.8625,액션,싱글 플레이어|Steam 도전 과제|컨트롤러 완벽 지원|Steam 트레이딩 카드|카메라 움직임 조정|음량 개별 조절|난이도 조정|퀵타임 이벤트 없이 플레이 가능|DUALSHOCK 컨트롤러 지원|DUALSHOCK 컨트롤러 지원|DualSense 컨트롤러 지원|스테레오 사운드|Steam Cloud|Remote Play TV|가족 공유,싱글 플레이어,17,2025년 9월 17일,Funday Games,Ghost Ship Publishing,https://shared.akamai.steamstatic.com/store_item_assets/steam/apps/2321470/header.jpg?t=1787051272,"DEEP ROCK GALACTIC: SURVIVOR는 싱글 플레이 서바이버-라이크 자동 슈팅 게임입니다. Deep Rock Galactic의 각종 무기를 사용하여 치명적인 외계생물 무리를 상대하고, 자원을 채굴하고, 강력한 업그레이드를 해금하세요. 한 명의 드워프로 행성 혹시스 전체와 맞서 싸우세요!"
2988580,용과 같이0 맹세의 장소 Director's Cut,False,54800,54800,0,8,매우 긍정적,1817,0.814,액션|어드벤처|RPG,싱글 플레이어|멀티플레이어|협동|온라인 협동|Steam 도전 과제|컨트롤러 완벽 지원|Steam 트레이딩 카드|음량 개별 조절|난이도 조정|DUALSHOCK 컨트롤러 지원|DUALSHOCK 컨트롤러 지원|DualSense 컨트롤러 지원|DualSense 컨트롤러 지원|Steam Input API 지원|스테레오 사운드|Steam Cloud|가족 공유,싱글 플레이어|멀티플레이어|협동|온라인 협동,12,2025년 12월 8일,RGG Studio,SEGA,https://shared.akamai.steamstatic.com/store_item_assets/steam/apps/2988580/f00efe7eeaf39fe5a09afc003853daa0e251aaaa/header_koreana.jpg?t=1783041339,"『용과 같이0 맹세의 장소』가 Director's Cut 버전으로 등장! 1988년, 전례 없던 호황기를 누리던 도쿄와 오사카, 두 곳의 거대 환락가를 무대로두 명의 젊은 주인공, 키류 카즈마와 마지마 고로를 중심으로 한 시리즈 사상 가장 위험한 이야기가 막을 올린다…"
292030,더 위쳐 3: 와일드 헌트 - 컴플리트 에디션,False,54900,54900,0,9,압도적으로 긍정적,885170,0.9675,RPG,싱글 플레이어|Steam 도전 과제|Steam 트레이딩 카드|Steam 창작마당|텍스트 크기 조정|카메라 움직임 조정|색상 대체|음량 개별 조절|난이도 조정|퀵타임 이벤트 없이 플레이 가능|수시 저장|스테레오 사운드|서라운드 사운드|컨트롤러 일부 지원|Steam Cloud|Remote Play 태블릿|Remote Play TV|HDR 사용 가능|가족 공유,싱글 플레이어,17,2015년 5월 18일,CD PROJEKT RED,CD PROJEKT RED,https://shared.akamai.steamstatic.com/store_item_assets/steam/apps/292030/f52686b11ef743958fb79732dbdbf5b5b1de67cb/header_alt_assets_4_koreana.jpg?t=1787688132,"리비아의 게롤트가 되어 의뢰를 받고 괴물을 사냥하세요. 전쟁의 상처가 가득하고 괴물이 들끓는 대륙을 마음껏 탐험해 보세요. 지금 가장 중요한 일은 대륙의 판도를 뒤바꿀 수도 있는 살아 있는 무기이자 예언의 아이, 시리를 추적하는 것입니다."
1145360,Hades,False,27000,27000,0,9,압도적으로 긍정적,308025,0.9801,액션|인디|RPG,싱글 플레이어|Steam 도전 과제|컨트롤러 완벽 지원|Steam 트레이딩 카드|캡션 이용 가능|Steam Cloud|Remote Play 휴대전화|Remote Play 태블릿|Remote Play TV|가족 공유,싱글 플레이어,11,2020년 9월 17일,Supergiant Games,Supergiant Games,https://shared.akamai.steamstatic.com/store_item_assets/steam/apps/1145360/header.jpg?t=1758127023,"Bastion, Transistor, Pyre의 제작사에서 선보이는 이 로그라이크 던전 탐색형 게임에서 핵 앤 슬래시로 지하 세계를 탈출하고 죽음의 신에게 도전하세요."
767560,War Robots,True,0,0,0,5,복합적,30781,0.6012,액션|무료 플레이,멀티플레이어|PvP|온라인 PvP|컨트롤러 완벽 지원|Steam 트레이딩 카드|앱 내 구매|음량 개별 조절|DUALSHOCK 컨트롤러 지원|DUALSHOCK 컨트롤러 지원|DualSense 컨트롤러 지원|DualSense 컨트롤러 지원|스테레오 사운드|서라운드 사운드|가족 공유,멀티플레이어|PvP,15,2018년 4월 4일,MY.GAMES,MY.GAMES,https://shared.akamai.steamstatic.com/store_item_assets/steam/apps/767560/0d291b863576b43b588ab30a49d9991aea694ed8/header.jpg?t=1787653705,"War Robots는 온라인 3인칭 6:6 PvP 슈팅 게임입니다. 수십 종의 전투 로봇, 수백 가지의 무기 조합, 열띤 클랜 전투가 기다립니다."
2495100,Hello Kitty Island Adventure,False,48000,28800,40,8,매우 긍정적,12357,0.9392,액션|어드벤처|캐주얼|인디|RPG|시뮬레이션,싱글 플레이어|멀티플레이어|협동|온라인 협동|Steam 도전 과제|컨트롤러 완벽 지원|게임패드 권장|DUALSHOCK 컨트롤러 지원|DUALSHOCK 컨트롤러 지원|DualSense 컨트롤러 지원|DualSense 컨트롤러 지원|Steam Cloud|가족 공유,싱글 플레이어|멀티플레이어|협동|온라인 협동,14,2025년 1월 30일,Sunblink,Sunblink,https://shared.akamai.steamstatic.com/store_item_assets/steam/apps/2495100/33b3efa148506359eb8d6e973f59a38cb95cc794/header.jpg?t=1776719582,"헬로키티와 친구들과 함께 아늑한 오픈 월드 모험을 떠나보세요. 신비로운 섬을 탐험하고 복원하며 귀여운 캐릭터들과 친구가 되고, 고대 퍼즐을 풀고, 맛있는 요리를 만들고, 내 모습과 오두막집을 꾸미고, 다양한 활동을 즐겨보세요."
312520,Rain World,False,26900,26900,0,8,매우 긍정적,56636,0.9372,액션|어드벤처|인디,싱글 플레이어|멀티플레이어|PvP|스크린 공유 및 분할 PvP|Steam 도전 과제|컨트롤러 완벽 지원|Steam 트레이딩 카드|Steam 창작마당|음량 개별 조절|난이도 조정|키보드 전용 옵션|스테레오 사운드|Steam Cloud|Remote Play TV|Remote Play Together|가족 공유,싱글 플레이어|멀티플레이어|PvP,10,2017년 3월 28일,Videocult,Akupara Games,https://shared.akamai.steamstatic.com/store_item_assets/steam/apps/312520/dc5bd100e86dbdb088e7ff17cdb601e7eb2e00bc/header.jpg?t=1786047879,"여러분은 유랑 생활을 하는 슬러그캣으로, 파괴된 생태계의 포식자이자 피식자입니다. 창을 손에 쥐고 산업 폐기물에 용감하게 맞서 싸우며 생존에 필요한 식량을 사냥하세요. 하지만 더 커다란 다른 존재에게도 똑같은 계획이 있으니 조심하세요. 슬러그캣은 맛있어 보이거든요."
4466620,SiNiSistar 2,False,16000,16000,0,8,매우 긍정적,3557,0.91,액션|어드벤처|인디|RPG,싱글 플레이어|Steam 도전 과제|스테레오 사운드|컨트롤러 일부 지원|Steam Cloud|가족 공유,싱글 플레이어,5,2026년 5월 15일,Uu,Eroge Japan,https://shared.akamai.steamstatic.com/store_item_assets/steam/apps/4466620/9701d60d415c55948a5a3fc141cbb74f49c73d9b/header.jpg?t=1786771936,퇴마의 수녀가 되어 멸망해 가는 세계에 발을 들여라. 정교한 도트 그래픽으로 그려진 퇴폐적인 세계. 그로테스크하게 꿈틀거리는 이형의 괴물들. 그리고 몇 번이고 앞을 가로막는 강대한 보스―― 파멸과 절망에 맞서며 더러움을 몰아내는 수녀의 모험을 그린 다크 액션 RPG.
1328670,Mass Effect™ Legendary Edition,False,66000,66000,0,8,매우 긍정적,67013,0.912,액션|RPG,싱글 플레이어|Steam 도전 과제|컨트롤러 완벽 지원|Steam 트레이딩 카드|난이도 조정|스테레오 사운드|서라운드 사운드|Remote Play TV,싱글 플레이어,8,2021년 5월 14일,BioWare,Electronic Arts,https://shared.akamai.steamstatic.com/store_item_assets/steam/apps/1328670/header.jpg?t=1777395134,"Mass Effect™ Legendary Edition은 널리 호평받는 Mass Effect, Mass Effect 2, Mass Effect 3의 모든 싱글 플레이어 기본 콘텐츠와 40가지 이상의 DLC, 프로모션 무기, 아머, 팩 등이 모두 포함되어 있으며 모두 4K UHD에 맞게 리마스터 및 최적화되었습니다."
3282300,Mistfall Hunter,False,26500,26500,0,5,복합적,16026,0.5526,액션|어드벤처,멀티플레이어|PvP|온라인 PvP|협동|온라인 협동|Steam 도전 과제|앱 내 구매|DUALSHOCK 컨트롤러 지원|DUALSHOCK 컨트롤러 지원|DualSense 컨트롤러 지원|DualSense 컨트롤러 지원|컨트롤러 일부 지원|HDR 사용 가능|가족 공유,멀티플레이어|협동|온라인 협동|PvP,10,2026년 7월 29일,Bellring Games,Skystone Games,https://shared.akamai.steamstatic.com/store_item_assets/steam/apps/3282300/08d970d57d0e400ef35abae2602c5d5cd5f842d5/header.jpg?t=1787675820,"는 다크 판타지 액션 익스트랙션 RPG 게임입니다. 직업별로 스킬, 특성, 장비를 전략적으로 조합해 3인칭 시점의 박진감 넘치는 액션 전투를 즐겨 보세요! 파티원과 긴밀하게 협력할 수도, 홀로 전장에 뛰어들 수도 있습니다. 포위망을 뚫고 살아남아야만 값진 전리품을 손에 넣을 수 있습니다. 골드 헌터님, 행운을 빕니다."
4502710,Stonewards,False,10500,10500,0,9,압도적으로 긍정적,701,0.9544,액션|어드벤처|인디|앞서 해보기,싱글 플레이어|멀티플레이어|협동|온라인 협동|Steam 도전 과제|Steam Cloud|가족 공유,싱글 플레이어|멀티플레이어|협동|온라인 협동,9,2026년 8월 11일,Banana Tiger Studio,Banana Tiger Studio,https://shared.akamai.steamstatic.com/store_item_assets/steam/apps/4502710/c57ab526296dfdab54cbc5aa2b93bc1fb46f5acd/header.jpg?t=1786868537,"DWARF COMBAT! Stonewards is a 1-4 player co-op first-person roguelite defense game. Lead a crew of stubborn dwarves from your base camp to aid nearby kingdoms, mine deep for resources, forge powerful upgrades, and hold the line against relentless monster attacks."
1548520,다키스트 데이즈,True,0,0,0,5,복합적,5137,0.4886,액션|어드벤처|대규모 멀티플레이어|RPG|무료 플레이,싱글 플레이어|멀티플레이어|PvP|온라인 PvP|협동|온라인 협동|크로스 플랫폼 멀티플레이어|앱 내 구매|컨트롤러 일부 지원|통계|가족 공유,싱글 플레이어|멀티플레이어|협동|온라인 협동|PvP,14,2025년 4월 23일,NHN,NHN,https://shared.akamai.steamstatic.com/store_item_assets/steam/apps/1548520/header.jpg?t=1773743294,"다키스트 데이즈는 갑작스러운 좀비 사태로 황폐해진 아포칼립스를 배경으로 한 좀비 슈팅 RPG 게임입니다. 암울하지만 매력 있는 오픈 월드를 탐험하며 살아남은 생존자들과 함께 안식처를 세우고, 성장하고 생존하세요. 생존을 위해 다른 유저들과 함께 물자를 찾아 나서거나, 전투할 수도 있는 멀티플레이에 참여해 보세요."
1498570,THE KING OF FIGHTERS XV,False,58900,14720,75,8,매우 긍정적,9163,0.8372,액션,싱글 플레이어|멀티플레이어|PvP|온라인 PvP|스크린 공유 및 분할 PvP|공유 및 분할 화면|크로스 플랫폼 멀티플레이어|Steam 도전 과제|컨트롤러 완벽 지원|Steam Cloud|Remote Play Together|가족 공유,싱글 플레이어|멀티플레이어|PvP,14,2024년 12월 12일,SNK CORPORATION,SNK CORPORATION,https://shared.akamai.steamstatic.com/store_item_assets/steam/apps/1498570/header.jpg?t=1742873915,"SHATTER ALL EXPECTATIONS 모든 것을 뛰어넘는 ""XV""의 탄생!"
1721470,Poppy Playtime,True,0,0,0,8,매우 긍정적,141856,0.8798,액션|어드벤처|인디,싱글 플레이어|가족 공유,싱글 플레이어,9,2021년 10월 12일,Mob Entertainment,Mob Entertainment,https://shared.akamai.steamstatic.com/store_item_assets/steam/apps/1721470/00ca34a0c863a8d86c6582904249216d6aa263bd/header.jpg?t=1770858202,이 공포/퍼즐 어드벤처에서 살아남아야 합니다. 버려진 장난감 공장에서 복수심에 불타며 기다리고 있는 장난감에게서 살아남으세요. 그랩팩을 사용해 전기 회로를 자르거나 멀리서 물체를 잡아보세요. 수수께끼의 시설을 탐험하며... 잡히지 마세요.
3164500,Schedule I,False,21500,21500,0,9,압도적으로 긍정적,314238,0.978,액션|인디|시뮬레이션|전략|앞서 해보기,싱글 플레이어|멀티플레이어|협동|온라인 협동|Steam 도전 과제|컨트롤러 완벽 지원|텍스트 크기 조정|카메라 움직임 조정|음량 개별 조절|퀵타임 이벤트 없이 플레이 가능|DualSense 컨트롤러 지원|DualSense 컨트롤러 지원|수시 저장|스테레오 사운드|Steam Cloud|가족 공유,싱글 플레이어|멀티플레이어|협동|온라인 협동,1,2025년 3월 24일,TVGS,TVGS,https://shared.akamai.steamstatic.com/store_item_assets/steam/apps/3164500/header.jpg?t=1785744977,"From small-time dope pusher to kingpin - manufacture and distribute a range of drugs throughout the grungy city of Hyland Point. Expand your empire with properties, businesses, employees and more."
4317790,Last Pirates: Die Together,False,8700,6960,20,6,대체로 긍정적,303,0.7558,액션|어드벤처|앞서 해보기,싱글 플레이어|멀티플레이어|협동|온라인 협동|컨트롤러 완벽 지원|카메라 움직임 조정|음량 개별 조절|DUALSHOCK 컨트롤러 지원|DUALSHOCK 컨트롤러 지원|DualSense 컨트롤러 지원|DualSense 컨트롤러 지원|스테레오 사운드|서라운드 사운드|Steam Cloud|가족 공유,싱글 플레이어|멀티플레이어|협동|온라인 협동,20,2026년 8월 18일,RetroStyle Games,RetroStyle Games|Judatone Studios|Elegoose Games,https://shared.akamai.steamstatic.com/store_item_assets/steam/apps/4317790/1d46cbde0bf2ac91b6d11d4b53768b45e1b42f55/header.jpg?t=1787834375,최대 4명의 플레이어가 함께 즐길 수 있는 온라인 협동 호러 게임입니다. 늘어나는 팔을 이용해 선장을 위한 값비싼 전리품을 잡으세요. 하지만 조심하세요. 여러분의 보물을 빼앗으려는 위험이 곳곳에 도사리고 있습니다!
377160,Fallout 4,False,22000,22000,0,8,매우 긍정적,428540,0.8117,RPG,싱글 플레이어|Steam 도전 과제|컨트롤러 완벽 지원|퀵타임 이벤트 없이 플레이 가능|수시 저장|스테레오 사운드|서라운드 사운드|Steam Cloud|Remote Play 휴대전화|Remote Play 태블릿|Remote Play TV|가족 공유,싱글 플레이어,10,2015년 11월 9일,Bethesda Game Studios,Bethesda Softworks,https://shared.akamai.steamstatic.com/store_item_assets/steam/apps/377160/header.jpg?t=1786648137,화려한 수상 경력에 빛나는 Starfield와 The Elder Scrolls V: Skyrim의 제작사인 Bethesda Game Studios가 Fallout 4로 찾아왔습니다. Fallout 4는 오픈 월드 RPG 디자인의 기준을 세운 작품이자 DICE 및 BAFTA 올해의 게임 등 200회 이상의 ‘최우수’ 상을 받은 작품입니다.
2948190,World of Sea Battle,True,0,0,0,6,대체로 긍정적,8661,0.754,액션|대규모 멀티플레이어|RPG|무료 플레이|앞서 해보기,멀티플레이어|MMO|PvP|온라인 PvP|협동|온라인 협동|Steam 도전 과제|앱 내 구매|가족 공유,멀티플레이어|협동|온라인 협동|PvP,11,2025년 10월 21일,Thera Interactive,Thera Interactive,https://shared.akamai.steamstatic.com/store_item_assets/steam/apps/2948190/a24b9bc7656f520a142033d927e67960256e8289/header.jpg?t=1787041257,"액션이 가득한 대항해 시대의 오픈 월드 MMO, World of Sea Battle에서 항해를 떠나세요! 공해에서 펼쳐지는 영광을 향한 모험에서 역사적인 함선을 지휘하고, PvP 및 PvE 전투를 즐기고, 경제를 형성하고, 영토를 둘러싼 길드전에 참여하세요!"
2201710,Three Kingdoms Zhao Yun,False,21500,21500,0,5,복합적,4323,0.6625,액션|어드벤처|RPG,싱글 플레이어|Steam 도전 과제|컨트롤러 완벽 지원|가족 공유,싱글 플레이어,3,2024년 1월 17일,ZUIJIANGYUE Game,Merlion Games|ETime Studio,https://shared.akamai.steamstatic.com/store_item_assets/steam/apps/2201710/header.jpg?t=1731049555,"는 기존 의 핵심 팀원들이 새롭게 만든 ARPG 싱글 플레이어 게임입니다. 동한 말기에 군웅이 패권을 다투고, 플레이어는 조운 역을 맡아 청년기의 이야기를 재현합니다. 난세에 인자하게 창생을 구할 것인가, 아니면 질서를 세워 천하를 안정시킬 것인가? 감정에 대해 죽마고우에게 저버리지 않는가, 아니면 함께 고난을 겪는 사람이 더 소중한가? 옛 친구를 대할 때, 옛 은의를 잊지 않는가, 아니면 신념이 우선인가? 모든 것은 플레이어가 직접 선택합니다."
292000,No More Room in Hell 2,False,32000,32000,0,5,복합적,26277,0.5525,액션|인디,멀티플레이어|협동|온라인 협동|크로스 플랫폼 멀티플레이어|Steam 도전 과제|컨트롤러 완벽 지원|DUALSHOCK 컨트롤러 지원|DUALSHOCK 컨트롤러 지원|DualSense 컨트롤러 지원|DualSense 컨트롤러 지원|Steam Cloud,멀티플레이어|협동|온라인 협동,8,2026년 8월 11일,Torn Banner Studios,Torn Banner Studios,https://shared.akamai.steamstatic.com/store_item_assets/steam/apps/292000/775de3f7f26f46a1c6217a7c71656260ee0ca411/header_alt_assets_10.jpg?t=1787680288,No More Room in Hell 2는 강렬한 8인 좀비 슈팅 게임입니다. 끝없이 밀려오는 언데드를 극복하세요. 감염을 피하세요. 함께 지옥에서 살아남으세요.
3156770,Witchfire,False,42000,42000,0,8,매우 긍정적,17632,0.9137,액션|앞서 해보기,싱글 플레이어|Steam 도전 과제|컨트롤러 완벽 지원|Steam 트레이딩 카드|Steam Cloud|가족 공유,싱글 플레이어,15,2024년 9월 23일,The Astronauts,The Astronauts,https://shared.akamai.steamstatic.com/store_item_assets/steam/apps/3156770/3e222a764e93b6f5c10d114a8a82d71f221a7cd9/header.jpg?t=1785478776,Witchfire는 1인칭 다크 판타지 RPG 슈팅 게임입니다. 과거에 사악한 죄인이었던 마녀 사냥꾼이 되어 구원을 향한 마지막 임무를 수행하세요.
3762660,Trials Survivors,False,10500,10500,0,8,매우 긍정적,444,0.8514,액션|캐주얼|인디|RPG|앞서 해보기,싱글 플레이어|컨트롤러 완벽 지원|퀵타임 이벤트 없이 플레이 가능|DualSense 컨트롤러 지원|DualSense 컨트롤러 지원|스테레오 사운드|서라운드 사운드|Steam Cloud|가족 공유,싱글 플레이어,29,2026년 6월 8일,Angry wisp,Angry wisp,https://shared.akamai.steamstatic.com/store_item_assets/steam/apps/3762660/28bb5af1ed330fc71ae5ad90a4e08a2273568ff8/header.jpg?t=1781315037,"별자리의 수호자들이 부여한 시련 속에서 끝없는 몬스터 무리를 헤치고 싸우세요. 스킬을 강화하고, 유물을 수집하며, 진정한 로그라이트 스타일의 압도적인 빌드를 만들어보세요! 핵 앤 슬래시와 벌렛 헤븐의 판타지를 다시 느껴보세요. 당신은 지금껏 가장 많은 몬스터가 등장하는 서바이버라이크에서 살아남을 수 있을까요?"
2070270,클라우드하임,False,32000,32000,0,8,매우 긍정적,1968,0.8196,액션|어드벤처|RPG|앞서 해보기,싱글 플레이어|멀티플레이어|협동|온라인 협동|크로스 플랫폼 멀티플레이어|컨트롤러 완벽 지원|DUALSHOCK 컨트롤러 지원|DualSense 컨트롤러 지원|DualSense 컨트롤러 지원|Steam Cloud|가족 공유,싱글 플레이어|멀티플레이어|협동|온라인 협동,9,2025년 12월 4일,Noodle Cat Games,Noodle Cat Games,https://shared.akamai.steamstatic.com/store_item_assets/steam/apps/2070270/25e1b010a2462ecc379d649bf9d09af1fbd1225d/header_alt_assets_8.jpg?t=1787161694,"라그나로크가 세상을 초토화한 뒤, 신들은 다음 세상을 만들어가기 위해 당신을 선택했습니다. Cloudheim은 제작과 혼돈의 물리 기반 전투를 조합한 1-4명 플레이어 액션 어드벤쳐 게임입니다. 잊힌 신들을 깨우고, 부패를 몰아내고, 천상에 연 당신의 상점을 업그레이드하여 부서진 영역을 다시 화합으로 이끄세요."
1088850,Marvel's Guardians of the Galaxy,False,66000,9900,85,8,매우 긍정적,45068,0.9378,액션|어드벤처,싱글 플레이어|Steam 도전 과제|컨트롤러 완벽 지원|Steam 트레이딩 카드|텍스트 크기 조정|카메라 움직임 조정|음량 개별 조절|난이도 조정|퀵타임 이벤트 없이 플레이 가능|DUALSHOCK 컨트롤러 지원|DualSense 컨트롤러 지원|스테레오 사운드|자막 옵션|서라운드 사운드|Steam Cloud|HDR 사용 가능|가족 공유,싱글 플레이어,14,2021년 10월 26일,Eidos-Montréal,Eidos Interactive Corp.,https://shared.akamai.steamstatic.com/store_item_assets/steam/apps/1088850/bdbf8be37e665ba0e6f44111e3665d280f13ed16/header.jpg?t=1780588517,새롭게 재해석한 마블의 가디언즈 오브 갤럭시에서 우주 곳곳을 종횡무진 누비세요. 이 액션 어드벤처 게임에서 예측 불가능한 가디언즈를 이끄는 스타로드가 되어 일촉즉발의 위기 상황을 헤쳐나가세요. 당신이라면 할 수 있습니다. 아마도.
2492040,FATAL FURY: City of the Wolves,False,21900,10950,50,8,매우 긍정적,3703,0.8096,액션,싱글 플레이어|멀티플레이어|PvP|온라인 PvP|크로스 플랫폼 멀티플레이어|Steam 도전 과제|컨트롤러 완벽 지원|게임패드 권장|DUALSHOCK 컨트롤러 지원|DualSense 컨트롤러 지원|Steam Cloud|가족 공유,싱글 플레이어|멀티플레이어|PvP,14,2026년 1월 22일,SNK CORPORATION,SNK CORPORATION,https://shared.akamai.steamstatic.com/store_item_assets/steam/apps/2492040/de9124581ed4a282e3f88e60288b9820f16d3ffc/header.jpg?t=1784859139,"26년의 세월을 넘어 『아랑전설』 프로젝트 재시동. 감성을 자극하는 독자적인 「아트 스타일」과 대전을 더욱 뜨겁게 고조시켜줄「REV 시스템」을 새롭게 탑재. 여기에 초보자부터 상급자까지 두루 즐길 수 있는 2가지 조작 스타일을 비롯해, 다채롭고 새로운 기능 및 요소도 준비. 욕망으로 가득한 사우스 타운을 무대로 새로운 '전설'이 시작된다."
1888160,아머드 코어 VI 루비콘의 화염,False,69800,69800,0,8,매우 긍정적,85628,0.9169,액션,싱글 플레이어|멀티플레이어|PvP|온라인 PvP|Steam 도전 과제|Steam 트레이딩 카드|카메라 움직임 조정|음량 개별 조절|퀵타임 이벤트 없이 플레이 가능|스테레오 사운드|서라운드 사운드|컨트롤러 일부 지원|Steam Cloud|가족 공유,싱글 플레이어|멀티플레이어|PvP,13,2023년 8월 24일,"FromSoftware, Inc.","FromSoftware, Inc.|Bandai Namco Entertainment Inc.",https://shared.akamai.steamstatic.com/store_item_assets/steam/apps/1888160/header.jpg?t=1748630736,"『아머드 코어 VI 루비콘의 화염(ARMORED CORE VI FIRES OF RUBICON)』은 지금까지 반다이남코 엔터테인먼트와 프롬 소프트웨어가 발매한 다양한 작품의 공동 개발을 통해 쌓아 올린 경험을 살려, 『ARMORED CORE』 시리즈의 콘셉트를 다시 한번 정의하는 새로운 액션 게임입니다."
774171,Muse Dash,False,3400,3400,0,8,매우 긍정적,122105,0.9149,액션|캐주얼|인디,싱글 플레이어|컨트롤러 일부 지원|Steam Cloud|Remote Play 휴대전화|Remote Play 태블릿|Remote Play TV|가족 공유,싱글 플레이어,5,2019년 6월 19일,peropero,hasuhasu,https://shared.akamai.steamstatic.com/store_item_assets/steam/apps/774171/header.jpg?t=1782378353,바로 열혈 파쿠르와 전통 리듬게임이 조화를 이룬 세계 ★★★ —— “Muse Dash “입니다!!
2737070,Crime Simulator,False,16000,16000,0,8,매우 긍정적,7127,0.8274,액션|인디|시뮬레이션,싱글 플레이어|멀티플레이어|협동|온라인 협동|Steam 도전 과제|Steam 트레이딩 카드|텍스트 크기 조정|카메라 움직임 조정|음량 개별 조절|난이도 조정|DUALSHOCK 컨트롤러 지원|DUALSHOCK 컨트롤러 지원|DualSense 컨트롤러 지원|DualSense 컨트롤러 지원|스테레오 사운드|컨트롤러 일부 지원|Steam Cloud|Steam 순위표|가족 공유,싱글 플레이어|멀티플레이어|협동|온라인 협동,12,2025년 6월 17일,CookieDev,Ultimate Games S.A.|PlayWay S.A.,https://shared.akamai.steamstatic.com/store_item_assets/steam/apps/2737070/e1688e5ba573126c4d45a20f41f1e90e2e927e90/header.jpg?t=1787241206,"수감 생활에서 풀려났으나, 여전히 당신에겐 빚더미가 지워져 있습니다. 싱글 또는 최대 4인 협동으로 건물 안으로 처들어가고, 숨고, 또 훔치세요. 당신에게 주어진 시간이 모두 경과하기 전 충분한 자금을 모으기 위해 락픽, 수면 가스, 물리력까지 가리지 않고 사용하여 보안을 돌파하고 작업을 완료하세요. 마땅히 당신 것이어야 했던 것을 되찾으시겠습니까, 아니면 모든 것을 잃고 마시겠습니까?"
1774580,스타워즈 제다이: 서바이버™,False,77000,77000,0,6,대체로 긍정적,85839,0.71,액션|어드벤처,싱글 플레이어|Steam 도전 과제|컨트롤러 완벽 지원|캡션 이용 가능|색상 대체|음량 개별 조절|난이도 조정|게임패드 권장|DUALSHOCK 컨트롤러 지원|DualSense 컨트롤러 지원|스테레오 사운드|HDR 사용 가능,싱글 플레이어,12,2023년 4월 27일,Respawn,Electronic Arts,https://shared.akamai.steamstatic.com/store_item_assets/steam/apps/1774580/header.jpg?t=1787234260,3인칭 액션 어드벤처 게임 스타워즈 제다이: 서바이버™에서 칼 케스티스의 이야기가 계속 이어집니다.
393380,Squad,False,38020,38020,0,8,매우 긍정적,242625,0.8124,액션|인디|대규모 멀티플레이어|전략,멀티플레이어|PvP|온라인 PvP|협동|온라인 협동|Steam 트레이딩 카드|Steam 창작마당|컨트롤러 일부 지원|Valve Anti-Cheat 사용,멀티플레이어|협동|온라인 협동|PvP,9,2020년 9월 23일,Offworld,Offworld,https://shared.akamai.steamstatic.com/store_item_assets/steam/apps/393380/0b19b50aabea356bd8f534fbe7d6db9bd227810a/header.jpg?t=1784319638,"스쿼드는 50 대 50 멀티플레이어 일인칭 슈터로서, 팀원간의 소통과 협동을 중심으로 전투의 현장감을 살려낸 게임입니다. 주요 요소로서 차량기반 제병협동 게임플레이, 광활한 맵, 기지 건설, 그리고 분대 무전기능과 사실적인 근접 마이크 채팅을 가능케 하는 위치기반 VoIP기능을 선보입니다."
242760,The Forest,False,20500,20500,0,9,압도적으로 긍정적,680757,0.9553,액션|어드벤처|인디|시뮬레이션,싱글 플레이어|멀티플레이어|협동|온라인 협동|LAN 협동|추적되는 컨트롤러 지원|VR 지원|컨트롤러 일부 지원|Steam Cloud|가족 공유,싱글 플레이어|멀티플레이어|협동|온라인 협동,16,2018년 4월 30일,Endnight Games Ltd,Endnight Games Ltd,https://shared.akamai.steamstatic.com/store_item_assets/steam/apps/242760/header.jpg?t=1699381053,"As the lone survivor of a passenger jet crash, you find yourself in a mysterious forest battling to stay alive against a society of cannibalistic mutants. Build, explore, survive in this terrifying first person survival horror simulator."
620,Portal 2,False,11000,11000,0,9,압도적으로 긍정적,465957,0.987,액션|어드벤처,싱글 플레이어|멀티플레이어|협동|온라인 협동|스크린 공유 및 분할 협동|공유 및 분할 화면|Steam 도전 과제|컨트롤러 완벽 지원|Steam 트레이딩 카드|캡션 이용 가능|Steam 창작마당|Steam 창작마당|카메라 움직임 조정|음량 개별 조절|퀵타임 이벤트 없이 플레이 가능|DUALSHOCK 컨트롤러 지원|DUALSHOCK 컨트롤러 지원|DualSense 컨트롤러 지원|DualSense 컨트롤러 지원|수시 저장|Steam Input API 지원|스테레오 사운드|서라운드 사운드|Steam Cloud|통계|레벨 에디터 포함|코멘터리 제공|Remote Play 휴대전화|Remote Play 태블릿|Remote Play TV|Remote Play Together|가족 공유,싱글 플레이어|멀티플레이어|협동|온라인 협동,27,2011년 4월 18일,Valve,Valve,https://shared.akamai.steamstatic.com/store_item_assets/steam/apps/620/header.jpg?t=1745363004,'지속적 실험 계획'은 친구들과 함께 협동하여 푸는 퍼즐을 디자인할 수 있도록 확장되었습니다!
1169040,Necesse: 네세스,False,16500,16500,0,8,매우 긍정적,28862,0.9273,액션|어드벤처|인디|RPG,싱글 플레이어|멀티플레이어|PvP|온라인 PvP|LAN PvP|협동|온라인 협동|LAN 협동|Steam 도전 과제|컨트롤러 완벽 지원|Steam 트레이딩 카드|Steam 창작마당|DUALSHOCK 컨트롤러 지원|DUALSHOCK 컨트롤러 지원|DualSense 컨트롤러 지원|DualSense 컨트롤러 지원|Steam Input API 지원|Steam Cloud|통계|가족 공유,싱글 플레이어|멀티플레이어|협동|온라인 협동|PvP,22,2025년 10월 16일,Fair Games ApS,Fair Games ApS,https://shared.akamai.steamstatic.com/store_item_assets/steam/apps/1169040/4b2e7f5253b4595a523e5c8b27a8ea6214e14ac6/header_alt_assets_5.jpg?t=1785482841,"건설하고, 퀘스트를 진행하고, 무한히 단계적으로 생성되는 세상을 누비며 정복에 나서 보세요. 혼자든 친구와 함께든, 정착지를 건설하고, 던전 깊숙한 곳까지 탐험하며, 괴물이나 우두머리와 싸우고, 희귀 광석을 캐며, 마법 장비를 만들고, 식민지에서 일할 전문가를 고용하는 등 다양한 활동을 할 수 있습니다!"
2617700,Tinkerlands,False,13000,13000,0,8,매우 긍정적,4096,0.8591,액션|어드벤처|캐주얼|인디|RPG|시뮬레이션|전략|앞서 해보기,싱글 플레이어|멀티플레이어|협동|온라인 협동|Steam 도전 과제|DUALSHOCK 컨트롤러 지원|DUALSHOCK 컨트롤러 지원|DualSense 컨트롤러 지원|DualSense 컨트롤러 지원|컨트롤러 일부 지원|Steam Cloud|가족 공유,싱글 플레이어|멀티플레이어|협동|온라인 협동,10,2025년 5월 23일,CodeManu|Endless Coffee,HypeTrain Digital,https://shared.akamai.steamstatic.com/store_item_assets/steam/apps/2617700/52279341a0881491b42579b14bf217be1e179cae/header.jpg?t=1784789979,"미지의 섬을 홀로, 또는 친구와 같이 탐험하고, 도구를 만들면서 헤쳐나가세요! Tinkerlands 는 거주지를 만들고, 생존에 필요한 도구들을 만들며, 심지어는 마법도 사용할 수 있는 흥미진진한 생존 어드벤처 게임입니다."
1904480,압솔룸,False,29800,29800,0,8,매우 긍정적,10591,0.9204,액션|어드벤처|인디|RPG,싱글 플레이어|멀티플레이어|협동|온라인 협동|스크린 공유 및 분할 협동|공유 및 분할 화면|크로스 플랫폼 멀티플레이어|Steam 도전 과제|컨트롤러 완벽 지원|음량 개별 조절|난이도 조정|게임패드 권장|키보드 전용 옵션|퀵타임 이벤트 없이 플레이 가능|DUALSHOCK 컨트롤러 지원|DUALSHOCK 컨트롤러 지원|DualSense 컨트롤러 지원|DualSense 컨트롤러 지원|수시 저장|스테레오 사운드|자막 옵션|Steam Cloud|가족 공유,싱글 플레이어|멀티플레이어|협동|온라인 협동,12,2025년 10월 9일,Dotemu|Guard Crush Games|Supamonks,Dotemu|Gamirror Games,https://shared.akamai.steamstatic.com/store_item_assets/steam/apps/1904480/6490f4204e86192e27c7b8dbc6b961f831e991d1/header_koreana.jpg?t=1782461798,"탈람의 영웅들이여, 태양왕 아즈라에게서 전설의 마법을 되찾아라! Dotemu의 신작 로그라이트 비뎀업 액션!"
493520,GTFO,False,49990,49990,0,8,매우 긍정적,66650,0.8392,액션,멀티플레이어|협동|온라인 협동|Steam 도전 과제|Steam 트레이딩 카드|컨트롤러 일부 지원|가족 공유,멀티플레이어|협동|온라인 협동,12,2021년 12월 9일,10 Chambers,10 Chambers,https://shared.akamai.steamstatic.com/store_item_assets/steam/apps/493520/header.jpg?t=1773842359,"GTFO는 하드코어 협동 호러 슈팅 게임으로, 손에 땀을 쥐게 하는 서스펜스와 심장을 뛰게 하는 폭발적인 액션을 경험할 수 있습니다. 이 치명적인 지하 감옥에서 살아남으려면 은신, 전략, 팀워크를 총동원해야 합니다. 함께 협력하지 못하면, 함께 죽고 말 겁니다."
3061810,용과 같이8 외전 Pirates in Hawaii,False,59800,59800,0,8,매우 긍정적,9866,0.878,액션|어드벤처|RPG,싱글 플레이어|Steam 도전 과제|컨트롤러 완벽 지원|Steam 트레이딩 카드|DUALSHOCK 컨트롤러 지원|DUALSHOCK 컨트롤러 지원|DualSense 컨트롤러 지원|DualSense 컨트롤러 지원|Steam Cloud|가족 공유,싱글 플레이어,11,2025년 2월 20일,RGG Studio,SEGA,https://shared.akamai.steamstatic.com/store_item_assets/steam/apps/3061810/header_koreana.jpg?t=1781258528,"마지마 고로를 주인공으로 『용과 같이8』 이후의 세계를 그린 완전 신작. 이번 무대는 섬, 그리고… 바다!! 해적선 '고로마루'를 타고 드넓은 바다를 모험! 상쾌하고 새로운 배틀 액션은 물론, 파고들기 요소로 가득한 플레이 스폿도 건재. 호화 배우진이 연기하는 매력적인 신규 캐릭터에도 주목."
3814570,凡人修仙传奇,True,0,0,0,6,대체로 긍정적,212,0.7925,액션|어드벤처|캐주얼|인디|대규모 멀티플레이어|RPG|무료 플레이,싱글 플레이어|멀티플레이어|MMO|앱 내 구매|음량 개별 조절|스테레오 사운드|가족 공유,싱글 플레이어|멀티플레이어,1,2026년 1월 29일,凡人修仙,凡人修仙,https://shared.akamai.steamstatic.com/store_item_assets/steam/apps/3814570/f5ff2f6c87604ac6d0d5092444a9c1da29c5711c/header.jpg?t=1769743571,"⚔️ 선계 를 주제로 한, 보스 자동 사냥 방식의 아이들 RPG 게임! 플레이어는 평범한 소년으로, 우연한 기회에 신기 ‘호천경’을 얻어 수도 의 길에 들어서게 됩니다. 강력한 신기와 뛰어난 인내심, 신중한 지혜를 바탕으로 천명을 거슬러 승천하여 선계에 오르세요!"
1020790,나루토 X 보루토 나루티밋 스톰 커넥션즈,False,69800,69800,0,5,복합적,5153,0.6117,액션|어드벤처,싱글 플레이어|멀티플레이어|PvP|온라인 PvP|Steam 도전 과제|DUALSHOCK 컨트롤러 지원|DUALSHOCK 컨트롤러 지원|DualSense 컨트롤러 지원|DualSense 컨트롤러 지원|컨트롤러 일부 지원|Steam Cloud|Steam 순위표|가족 공유,싱글 플레이어|멀티플레이어|PvP,15,2023년 11월 16일,"CyberConnect2 Co., Ltd.",Bandai Namco Entertainment,https://shared.akamai.steamstatic.com/store_item_assets/steam/apps/1020790/header_koreana.jpg?t=1727301927,"새로운 플레이어블 캐릭터를 맞이하고 시리즈에서도 가장 많은, 130명을 넘는 닌자들이 집결! 초 애니메이션 표현으로 그려온 나루토와 사스케의 이야기를 이 게임 한 편에 재구축해 수록한 것 외에도, 이 작품만을 위한 스페셜 스토리도 수록! 애니메이션 『NARUTO -나루토-』 20주년을 기념한 『나루티밋 스톰』 시리즈의 결정판!"
4000,Garry's Mod,False,10500,10500,0,9,압도적으로 긍정적,1261515,0.9687,캐주얼|인디|시뮬레이션,싱글 플레이어|멀티플레이어|PvP|온라인 PvP|LAN PvP|협동|온라인 협동|LAN 협동|크로스 플랫폼 멀티플레이어|Steam 도전 과제|Steam 트레이딩 카드|캡션 이용 가능|Steam 창작마당|색상 대체|음량 개별 조절|난이도 조정|퀵타임 이벤트 없이 플레이 가능|수시 저장|스테레오 사운드|Steam Cloud|Valve Anti-Cheat 사용|레벨 에디터 포함|Source SDK 포함|Remote Play 태블릿|가족 공유,싱글 플레이어|멀티플레이어|협동|온라인 협동|PvP,31,2006년 11월 29일,Facepunch Studios,Valve,https://shared.akamai.steamstatic.com/store_item_assets/steam/apps/4000/header.jpg?t=1776868682,Garry's Mod is a physics sandbox. There aren't any predefined aims or goals. We give you the tools and leave you to play.
1089090,원피스 해적무쌍 4,False,49800,49800,0,8,매우 긍정적,21891,0.9169,액션,싱글 플레이어|멀티플레이어|PvP|온라인 PvP|Steam 도전 과제|앱 내 구매|컨트롤러 일부 지원|Steam Cloud|Remote Play 휴대전화|Remote Play 태블릿|Remote Play TV|가족 공유,싱글 플레이어|멀티플레이어|PvP,12,2023년 9월 14일,Koei Tecmo,BANDAI NAMCO Entertainment,https://shared.akamai.steamstatic.com/store_item_assets/steam/apps/1089090/header_koreana.jpg?t=1763698599,■해적무쌍 4란 진화한 '원피스' 무쌍 액션! '원피스 해적무쌍 4'는 '리얼한 원피스의 전장 체험'을 콘셉트로 기존의 '해적무쌍'에서는 불가능했던 새로운 요소를 담아내면서 지금까지 이상으로 호쾌하고 새로운 '원피스' 무쌍 액션을 실현했습니다!
440900,Conan Exiles Enhanced,False,45000,45000,0,6,대체로 긍정적,117250,0.7902,액션|어드벤처|대규모 멀티플레이어|RPG|시뮬레이션|전략,싱글 플레이어|멀티플레이어|PvP|온라인 PvP|협동|온라인 협동|Steam 도전 과제|컨트롤러 완벽 지원|Steam 트레이딩 카드|Steam 창작마당|Remote Play 태블릿|Remote Play TV|가족 공유,싱글 플레이어|멀티플레이어|협동|온라인 협동|PvP,12,2018년 5월 8일,Funcom|Inflexion Games,Funcom,https://shared.akamai.steamstatic.com/store_item_assets/steam/apps/440900/710f42dec831fa88bcf736d0715152822231505f/header.jpg?t=1784642443,"Conan Exiles Enhanced는 하이보리아의 신화적인 땅을 배경으로 하는 오픈 월드 생존 게임으로, 이제 놀라운 시각 효과와 함께 언리얼 엔진 5로 완전히 업그레이드되었습니다. 모험이 넘치는 세계에서 혼자 또는 친구들과 함께 생존하고, 건설하고, 지배하세요!"
264710,서브노티카,False,33700,33700,0,9,압도적으로 긍정적,379010,0.9709,어드벤처|인디,싱글 플레이어|Steam 도전 과제|컨트롤러 완벽 지원|VR 지원|Steam 트레이딩 카드|VR 지원|DUALSHOCK 컨트롤러 지원|Steam Cloud|Remote Play TV|가족 공유,싱글 플레이어,27,2018년 1월 23일,Unknown Worlds Entertainment,Unknown Worlds Entertainment,https://shared.akamai.steamstatic.com/store_item_assets/steam/apps/264710/header.jpg?t=1777456112,"위험과 경이로움이 가득한 외계의 바다 속으로 내려가세요. 장비를 제작하고, 잠수함을 조종하며 야생 생물보다 앞서가세요. 우거진 산호초, 화산, 동굴 같은 많은 장소들을 탐험하세요. 물론 살아남는 걸 잊으면 안 되겠죠."
1313140,Cult of the Lamb,False,25000,25000,0,9,압도적으로 긍정적,128873,0.9589,액션|어드벤처|인디|전략,싱글 플레이어|멀티플레이어|협동|스크린 공유 및 분할 협동|공유 및 분할 화면|Steam 도전 과제|컨트롤러 완벽 지원|Steam 트레이딩 카드|텍스트 크기 조정|카메라 움직임 조정|음량 개별 조절|난이도 조정|게임패드 권장|키보드 전용 옵션|DUALSHOCK 컨트롤러 지원|DUALSHOCK 컨트롤러 지원|수시 저장|스테레오 사운드|Steam Cloud|Remote Play Together|가족 공유,싱글 플레이어|멀티플레이어|협동,14,2022년 8월 11일,Massive Monster,Devolver Digital,https://shared.akamai.steamstatic.com/store_item_assets/steam/apps/1313140/19f32bb477a6e9d058e05193b4e282149bd70644/header.jpg?t=1786554901,충성스러운 삼림 추종자들의 공동체를 만들고 당신의 말씀을 전파하여 하나의 진정한 종교가 되십시오.
3821790,이스 X -프라우드 노딕스- 무삭제판,False,85900,68720,20,6,대체로 긍정적,446,0.7646,액션|RPG,싱글 플레이어|Steam 도전 과제|컨트롤러 완벽 지원|게임패드 권장|DUALSHOCK 컨트롤러 지원|DUALSHOCK 컨트롤러 지원|DualSense 컨트롤러 지원|DualSense 컨트롤러 지원|Steam Cloud|가족 공유,싱글 플레이어,3,2025년 8월 20일,Nihon Falcom,Clouded Leopard Entertainment,https://shared.akamai.steamstatic.com/store_item_assets/steam/apps/3821790/6cd00ad3713bff75eda998abc7099aaa7700f0ac/header_koreana.jpg?t=1757985383,"긍지[Proud]를 가슴에 품고 새로운 모험의 무대로!!액션 RPG 『이스 X -노딕스-』에 신규 스토리 및 새로운 모험의 무대, 다양한 요소를 추가하여 대폭으로 업그레이드한 『이스 X -프라우드 노딕스-』가 Steam®에 등장!"
1766060,HumanitZ,False,21500,13970,35,6,대체로 긍정적,14044,0.743,액션|어드벤처|RPG,싱글 플레이어|멀티플레이어|PvP|온라인 PvP|협동|온라인 협동|Steam 도전 과제|컨트롤러 일부 지원|가족 공유,싱글 플레이어|멀티플레이어|협동|온라인 협동|PvP,10,2026년 2월 6일,Yodubzz Studios,indie.io,https://shared.akamai.steamstatic.com/store_item_assets/steam/apps/1766060/f6d26a2b241d9cb955c735738d45e5a6d4d78c25/header.jpg?t=1786982985,"HumanitZ는 좀비로 인해 몰락한 세계를 배경으로 한 아이소메트릭 오픈 월드 샌드박스 생존 게임입니다. 약탈, 제작, 건설, 전투를 통해 혼자 또는 친구와 함께 최대한 오래 살아남으세요."
4001350,Iron Blight,False,14000,11200,20,8,매우 긍정적,338,0.9112,액션|인디,싱글 플레이어|Steam 도전 과제|가족 공유,싱글 플레이어,11,2026년 8월 24일,Ronesans Interactive,Rock Paper Publisher,https://shared.akamai.steamstatic.com/store_item_assets/steam/apps/4001350/d5a796a82f91770ca73b381c191e4100e161a933/header_koreana.jpg?t=1787587259,Iron Blight는 차가운 동구권 마을 배경의 서바이벌 호러 게임입니다. 문밖에서 괴물들이 긁어대는 방 안에 갇힌 당신. 이 열병 같은 밤을 살아남고 그림자 속 공포를 파헤쳐 아내 발레리아(Valeria)를 찾으세요.
1211020,Wobbly Life,False,27000,27000,0,9,압도적으로 긍정적,35596,0.9722,액션|어드벤처|캐주얼|인디|시뮬레이션,싱글 플레이어|멀티플레이어|협동|온라인 협동|스크린 공유 및 분할 협동|공유 및 분할 화면|Steam 도전 과제|컨트롤러 완벽 지원|Steam 트레이딩 카드|Steam 창작마당|DUALSHOCK 컨트롤러 지원|DualSense 컨트롤러 지원|Steam Cloud|Remote Play TV|가족 공유,싱글 플레이어|멀티플레이어|협동|온라인 협동,12,2025년 9월 18일,RubberBandGames,RubberBandGames,https://shared.akamai.steamstatic.com/store_item_assets/steam/apps/1211020/86c3e16dfbfec027053c733d929a61ecfd15278a/header.jpg?t=1761037189,"워블리 라이프는 생동감 넘치는 오픈 월드 물리 샌드박스 게임입니다. 친구와 함께 온라인으로, 또는 로컬 협동으로 플레이해 보세요. 신나는 활동과 미니 게임, 엉뚱한 스토리 임무가 여러분을 기다리고 있습니다. 돈을 벌어서 여러분이 원하는 옷과 차량과 집을 구매하는 것도 가능합니다. 탐험으로 가득 찬 세계! 워블리 월드에 초대합니다!"
107410,Arma 3,False,36000,36000,0,8,매우 긍정적,294950,0.9042,액션|시뮬레이션|전략,싱글 플레이어|멀티플레이어|PvP|온라인 PvP|LAN PvP|협동|온라인 협동|LAN 협동|Steam 도전 과제|Steam 트레이딩 카드|캡션 이용 가능|Steam 창작마당|통계|Steam 순위표|레벨 에디터 포함|Steam 타임라인,싱글 플레이어|멀티플레이어|협동|온라인 협동|PvP,18,2013년 9월 12일,Bohemia Interactive,Bohemia Interactive,https://shared.akamai.steamstatic.com/store_item_assets/steam/apps/107410/header.jpg?t=1786458620,"거대한 군사 샌드박스에서 진정한 전투 게임플레이를 경험하세요. 다양한 싱글 및 멀티플레이어 콘텐츠, 현대적인 무기와 차량으로 구성된 방대한 무기고, 그리고 무한한 콘텐츠 제작의 기회와 함께 전장에 뛰어드세요. 사실적이고, 다양하고, 개방적인 Arma 3가 당신을 전쟁의 한복판으로 초대합니다."
1790600,드래곤볼 스파킹! 제로,False,59800,59800,0,8,매우 긍정적,72526,0.8641,액션,싱글 플레이어|멀티플레이어|PvP|온라인 PvP|스크린 공유 및 분할 PvP|공유 및 분할 화면|Steam 도전 과제|컨트롤러 완벽 지원|카메라 움직임 조정|음량 개별 조절|게임패드 권장|DUALSHOCK 컨트롤러 지원|DUALSHOCK 컨트롤러 지원|DualSense 컨트롤러 지원|DualSense 컨트롤러 지원|스테레오 사운드|Steam Cloud|Remote Play Together|HDR 사용 가능|가족 공유,싱글 플레이어|멀티플레이어|PvP,16,2024년 10월 10일,"Spike Chunsoft Co., Ltd.",Bandai Namco Entertainment,https://shared.akamai.steamstatic.com/store_item_assets/steam/apps/1790600/header.jpg?t=1785726916,『드래곤볼 스파킹! 제로』는 『드래곤볼Z 스파킹!』 시리즈의 전설적인 게임 플레이를 새로운 수준으로 끌어올립니다. 『드래곤볼』에 등장하는 초전사들의 파괴적인 힘을 여러분의 것으로 만드세요!
1845250,루비나이트,False,22000,22000,0,8,매우 긍정적,3459,0.9416,액션|인디|RPG,싱글 플레이어|Steam 도전 과제|컨트롤러 완벽 지원|게임패드 권장|DUALSHOCK 컨트롤러 지원|DUALSHOCK 컨트롤러 지원|DualSense 컨트롤러 지원|DualSense 컨트롤러 지원|Steam Cloud|Steam 순위표|가족 공유,싱글 플레이어,8,2026년 7월 22일,Cup Dog Games|GameWorks Ventures,Cup Dog Games,https://shared.akamai.steamstatic.com/store_item_assets/steam/apps/1845250/a7dc123ed1c6bc601dbe756129329bccf47643a7/header_koreana.jpg?t=1786527756,"극악의 난이도를 자랑하는 다크 동화 보스 러시에서 루비의 붉은 눈으로 피로 물든 자들의 약점을 드러내고, 치명적인 일격으로 산산이 깨뜨리세요. 폐허가 된 스칼렛 왕국을 헤치고 집으로 돌아갈 길을 열어, 모든 것을 빼앗은 마녀와 마주하세요."
824270,KovaaK's,False,10500,10500,0,8,매우 긍정적,41600,0.9295,액션|인디|시뮬레이션,싱글 플레이어|Steam 도전 과제|Steam 창작마당|통계|Steam 순위표|레벨 에디터 포함|가족 공유,싱글 플레이어,19,2018년 4월 3일,KovaaK Games,KovaaK Games,https://shared.akamai.steamstatic.com/store_item_assets/steam/apps/824270/header.jpg?t=1786726218,"Master your aim with KovaaK’s, the world’s best aim trainer. With over 200,000 scenarios, playlists and more! Embrace total customization, including a map editor and game physics. More than just a trainer, it’s a dynamic, community-driven platform that elevates your gameplay."
218620,PAYDAY 2,False,10700,10700,0,8,매우 긍정적,674281,0.8935,액션|RPG,싱글 플레이어|멀티플레이어|협동|온라인 협동|Steam 도전 과제|컨트롤러 완벽 지원|추적되는 컨트롤러 지원|VR 지원|Steam 트레이딩 카드|앱 내 구매|카메라 움직임 조정|음량 개별 조절|난이도 조정|퀵타임 이벤트 없이 플레이 가능|DUALSHOCK 컨트롤러 지원|스테레오 사운드|Steam Cloud|Remote Play 휴대전화|Remote Play 태블릿|Remote Play TV|가족 공유,싱글 플레이어|멀티플레이어|협동|온라인 협동,12,2013년 8월 13일,OVERKILL - a Starbreeze Studio.,Starbreeze Entertainment,https://shared.akamai.steamstatic.com/store_item_assets/steam/apps/218620/c44949287e8ffa2518f01b5033b8431dd0f984e4/header.jpg?t=1786626315,"PAYDAY 2 는 액션으로 가득찬 4인 코옵 FPS 게임으로서 게이머들은 다시 한번 오리지널 페이데이 크루인 달라스, 혹스턴, 울프, 체인스의 가면을 쓰고 워싱턴 DC로 내려와 엄청난 범죄행위를 저지릅니다."
2668510,Red Dead Redemption,False,62000,62000,0,8,매우 긍정적,21316,0.9248,액션,싱글 플레이어|Steam 도전 과제|컨트롤러 완벽 지원|HDR 사용 가능,싱글 플레이어,13,2024년 10월 29일,Rockstar Games|Double Eleven,Rockstar Games,https://shared.akamai.steamstatic.com/store_item_assets/steam/apps/2668510/header_koreana.jpg?t=1781132266,악명 높은 반 더 린드 갱단의 마지막 남은 일원들을 추적하며 한때 무법자였던 존 마스턴의 스토리를 경험하십시오. 비평가들의 극찬을 받은 Red Dead Redemption 2의 전작이 PC로 출시됩니다.
251570,7 Days to Die,False,47000,47000,0,8,매우 긍정적,399810,0.8709,액션|어드벤처|인디|RPG|시뮬레이션|전략,싱글 플레이어|멀티플레이어|PvP|온라인 PvP|LAN PvP|협동|온라인 협동|LAN 협동|크로스 플랫폼 멀티플레이어|Steam 도전 과제|컨트롤러 완벽 지원|Steam 트레이딩 카드|DUALSHOCK 컨트롤러 지원|DUALSHOCK 컨트롤러 지원|DualSense 컨트롤러 지원|DualSense 컨트롤러 지원|레벨 에디터 포함|Remote Play 태블릿|Remote Play TV|가족 공유,싱글 플레이어|멀티플레이어|협동|온라인 협동|PvP,14,2024년 7월 25일,The Fun Pimps,The Fun Pimps Entertainment LLC,https://shared.akamai.steamstatic.com/store_item_assets/steam/apps/251570/header.jpg?t=1785351975,『7 Days to Dir』は、FPS、サバイバルホラー、タワーディフェンス、ロールプレイングゲームをユニークに組み合わせたオープンワールド型のゲームです。元祖ゾンビサバイバルなサンドボックスRPGゲームをプレイしましょう。ネーブズジェーンがあなたを待っています！
4252290,먀법사,False,8400,5210,38,8,매우 긍정적,511,0.818,액션|어드벤처,싱글 플레이어|멀티플레이어|PvP|온라인 PvP|협동|온라인 협동|Steam 도전 과제|가족 공유,싱글 플레이어|멀티플레이어|협동|온라인 협동|PvP,12,2026년 7월 20일,Lazy Turtle Games,Polden Publishing,https://shared.akamai.steamstatic.com/store_item_assets/steam/apps/4252290/4170d0c010a6b40ae41639b388b7962dd13f3893/header_koreana.jpg?t=1784559240,"목소리가 마법이 되는 협동 판타지 어드벤처. 고양이 마법사가 되어 마이크에 소리쳐 주문을 시전하고, 동화 같은 세계를 탐험하며 몬스터와 싸운 뒤 전리품을 가득 싣고 열기구로 돌아오세요."
24010,Train Simulator Classic,False,32000,32000,0,6,대체로 긍정적,29410,0.717,시뮬레이션,싱글 플레이어|Steam 도전 과제|컨트롤러 완벽 지원|Steam 트레이딩 카드|Steam 창작마당|앱 내 구매|Steam Cloud|Steam 순위표|가족 공유,싱글 플레이어,8,2015년 9월 17일,Dovetail Games,Dovetail Games - Trains|Dovetail Games,https://shared.akamai.steamstatic.com/store_item_assets/steam/apps/24010/1323454fa36647dd6ee09f1f05c1e6e0d1d09d92/header.jpg?t=1784898329,"The ultimate railway hobby for more than 15 years! From historic steam locomotives to modern high-speed and heavy freight trains, and routes around the world, Train Simulator Classic is the simulation made by railfans for railfans."
2665680,바벨탑: 혼돈의 생존자들,False,14000,14000,0,5,복합적,6355,0.6859,액션|어드벤처|인디|RPG|전략,싱글 플레이어|Steam 도전 과제|컨트롤러 완벽 지원|DUALSHOCK 컨트롤러 지원|DUALSHOCK 컨트롤러 지원|DualSense 컨트롤러 지원|DualSense 컨트롤러 지원|Steam Cloud|Steam 순위표|가족 공유,싱글 플레이어,14,2026년 5월 26일,NANOO,NANOO,https://shared.akamai.steamstatic.com/store_item_assets/steam/apps/2665680/header.jpg?t=1783648573,서바이버 액션 x 끝없는 파밍! 나만의 빌드를 만드는 로그라이트 액션 RPG
678950,DRAGON BALL FighterZ,False,49800,49800,0,8,매우 긍정적,76701,0.9044,액션,싱글 플레이어|멀티플레이어|PvP|온라인 PvP|스크린 공유 및 분할 PvP|공유 및 분할 화면|Steam 도전 과제|컨트롤러 완벽 지원|Steam 트레이딩 카드|Steam Cloud|Remote Play 휴대전화|Remote Play 태블릿|Remote Play TV|Remote Play Together|가족 공유,싱글 플레이어|멀티플레이어|PvP,13,2018년 1월 26일,Arc System Works,Bandai Namco Entertainment,https://shared.akamai.steamstatic.com/store_item_assets/steam/apps/678950/header.jpg?t=1776898545,"드래곤볼 시리즈는 강력한 캐릭터들이 펼치는 끝없는 엄청난 전투 덕분에 지금까지 사랑받아 왔으며, 또한 유명합니다. 드래곤볼 파이터즈는 아크 시스템 웍스 사와 함께 애니메이션다운 뛰어난 그래픽을 매우 잘 살려, 배우기는 쉽지만 마스터하기는 어려운 격투 게임으로서 개발되었습니다."
413410,Danganronpa: Trigger Happy Havoc,False,21000,21000,0,9,압도적으로 긍정적,38277,0.9599,어드벤처,싱글 플레이어|Steam 도전 과제|컨트롤러 완벽 지원|Steam 트레이딩 카드|DUALSHOCK 컨트롤러 지원|Steam Cloud|Remote Play 휴대전화|Remote Play 태블릿|가족 공유,싱글 플레이어,3,2016년 2월 18일,"Spike Chunsoft Co., Ltd.|Abstraction Games","Spike Chunsoft Co., Ltd.",https://shared.akamai.steamstatic.com/store_item_assets/steam/apps/413410/header.jpg?t=1781085607,"살인 사건을 조사하고 단서를 찾아 반 친구들과 이야기를 나누며 재판을 준비하세요. 여러분은 용의자들 사이를 오가며 아슬아슬한 이야기를 주고받게 됩니다. 그들의 진술을 분석하고 반박해 거짓을 밝혀내세요! 살아남는 방법은 오직 한 가지, 바로 행동입니다."
1147560,Skul: The Hero Slayer,False,20500,20500,0,8,매우 긍정적,57558,0.9325,액션|인디,싱글 플레이어|컨트롤러 완벽 지원|Steam Cloud|Remote Play 휴대전화|Remote Play 태블릿|Remote Play TV|가족 공유,싱글 플레이어,11,2021년 1월 20일,SOUTHPAW GAMES,NEOWIZ,https://shared.akamai.steamstatic.com/store_item_assets/steam/apps/1147560/header.jpg?t=1774420210,Skul: The Hero Slayer는 2D 로그라이트 액션 플랫포머 게임입니다. 마왕성 경비를 맡고있는 꼬마 스켈레톤 '스컬'은 인간들에게 붙잡혀간 마왕을 구하기 위해 용사와 모험가 그리고 제국군에 홀로 맞서 싸우기 시작합니다.
247970,Korea. IL-2 Series,False,82000,82000,0,6,대체로 긍정적,402,0.7438,액션|시뮬레이션,싱글 플레이어|멀티플레이어|PvP|온라인 PvP|협동|온라인 협동|Steam 도전 과제|컨트롤러 완벽 지원|VR 지원|Steam 트레이딩 카드|카메라 움직임 조정|난이도 조정|게임패드 권장|퀵타임 이벤트 없이 플레이 가능|DUALSHOCK 컨트롤러 지원|DUALSHOCK 컨트롤러 지원|DualSense 컨트롤러 지원|DualSense 컨트롤러 지원|스테레오 사운드|서라운드 사운드|레벨 에디터 포함|HDR 사용 가능|가족 공유,싱글 플레이어|멀티플레이어|협동|온라인 협동|PvP,6,2026년 8월 4일,FOR-GAMES CR LTD,FOR-GAMES CR LTD,https://shared.akamai.steamstatic.com/store_item_assets/steam/apps/247970/c0d86dfb1e69d6165de8556949746d46e1d28f96/header.jpg?t=1787344656,Korea. IL-2 Series는 한국 전쟁을 배경으로 한 차세대 비행 시뮬레이터입니다. 초기 제트 전투기의 조종석에 올라 전설적인 공중전의 승패를 좌우하세요.
1360000,The Infected,False,17500,11370,35,8,매우 긍정적,6988,0.8424,액션|캐주얼|인디|시뮬레이션|앞서 해보기,싱글 플레이어|컨트롤러 완벽 지원|DUALSHOCK 컨트롤러 지원|DUALSHOCK 컨트롤러 지원|DualSense 컨트롤러 지원|DualSense 컨트롤러 지원|Steam Cloud|가족 공유,싱글 플레이어,16,2020년 8월 6일,DigX Studios,DigX Studios,https://shared.akamai.steamstatic.com/store_item_assets/steam/apps/1360000/header.jpg?t=1758818264,"The Infected is a sandbox, first-person, open-world survival game. Build bases, craft, farm, hunt, and survive changing seasons. Choose whether to face the hybrid “Vambies” or turn them off for a pure survival experience."
2452280,Mecha BREAK,True,0,0,0,5,복합적,29133,0.606,액션|대규모 멀티플레이어|무료 플레이,멀티플레이어|PvP|온라인 PvP|협동|온라인 협동|Steam 도전 과제|컨트롤러 완벽 지원|앱 내 구매|DUALSHOCK 컨트롤러 지원|DualSense 컨트롤러 지원|통계|가족 공유,멀티플레이어|협동|온라인 협동|PvP,11,2025년 7월 1일,Amazing Seasun Games,Amazing Seasun Games,https://shared.akamai.steamstatic.com/store_item_assets/steam/apps/2452280/571b055960b15a3dc97583e16fb77c5a0d40b1a5/header.jpg?t=1786090513,"는 근미래 공상과학을 배경으로 한 메카 전투 게임으로, 지상과 공중을 아우르는 멀티플레이 기반의 3인칭 슈팅 게임입니다. 전설적인 에이스 파일럿이 되어, 다양한 전투 스타일의 메카를 조종하고, 전장에서 적대적인 무장 세력을 처치해 보세요. 강력한 화력과 폭발적인 동력을 가진 메카들이 펼치는 빠르고 치열한 전투에서, 팀워크와 전략을 통해 위기를 극복하고, 자신만의 전설적인 이야기를 만들어 보세요!"
3065940,Gallipoli,False,31000,23250,25,6,대체로 긍정적,3101,0.7856,액션|인디|대규모 멀티플레이어|시뮬레이션|전략,싱글 플레이어|멀티플레이어|PvP|온라인 PvP|Steam 도전 과제|텍스트 크기 조정|카메라 움직임 조정|음량 개별 조절|난이도 조정|키보드 전용 옵션|퀵타임 이벤트 없이 플레이 가능|DUALSHOCK 컨트롤러 지원|DUALSHOCK 컨트롤러 지원|DualSense 컨트롤러 지원|DualSense 컨트롤러 지원|스테레오 사운드|서라운드 사운드|컨트롤러 일부 지원|Steam Cloud|가족 공유,싱글 플레이어|멀티플레이어|PvP,12,2026년 8월 20일,BlackMill Games,BlackMill Games,https://shared.akamai.steamstatic.com/store_item_assets/steam/apps/3065940/a50a3d05184ba4fb9fefbf326d597342b76de99f/header_alt_assets_0.jpg?t=1787590450,갈리폴리 해안에 상륙해 오스만 전선에서 50명의 플레이어가 펼치는 치열한 목표 기반 전투에 뛰어드십시오! 실존 무기로 무장한 10가지 역사적 병과 중 하나가 되어 제1차 세계대전의 참호전과 사막 원정을 체험할 수 있습니다. Gallipoli에서 지금껏 가장 몰입감 넘치는 제1차 세계대전 FPS 전투가 펼쳐집니다.
2764370,星之翼,True,0,0,0,5,복합적,3817,0.6468,액션|어드벤처|대규모 멀티플레이어|RPG|무료 플레이,싱글 플레이어|멀티플레이어|PvP|온라인 PvP|크로스 플랫폼 멀티플레이어|컨트롤러 완벽 지원|Steam 트레이딩 카드|앱 내 구매|가족 공유,싱글 플레이어|멀티플레이어|PvP,5,2024년 4월 24일,Game Blender,盛天游戏,https://shared.akamai.steamstatic.com/store_item_assets/steam/apps/2764370/8d0a052e8ae842a2f97a270ba6ad9a8e19295ef3/header_koreana.jpg?t=1787539729,"Starward is a 3D fighting game that integrates mecha girls and classic GVG combat gameplay, with 1V1 and 2V2 mode as the core gameplay."
534380,Dying Light 2 Stay Human: Reloaded Edition,False,66000,66000,0,6,대체로 긍정적,218974,0.7876,액션|어드벤처|RPG,싱글 플레이어|멀티플레이어|협동|온라인 협동|Steam 도전 과제|컨트롤러 완벽 지원|Steam 트레이딩 카드|앱 내 구매|DUALSHOCK 컨트롤러 지원|DUALSHOCK 컨트롤러 지원|DualSense 컨트롤러 지원|DualSense 컨트롤러 지원|Steam Cloud|Remote Play TV|가족 공유,싱글 플레이어|멀티플레이어|협동|온라인 협동,17,2022년 2월 3일,Techland,Techland,https://shared.akamai.steamstatic.com/store_item_assets/steam/apps/534380/header.jpg?t=1784310924,"인류는 바이러스와의 승산 없는 싸움을 이어 나가고 있습니다. 좀비 떼가 지배하는 아포칼립스 이후의 오픈 월드에서 파쿠르와 전투 스킬은 생존에 있어서 필수입니다. 낮 동안 도시를 자유롭게 이동하되, 밤에는 사방에 깔린 괴물들을 조심하세요."
1384160,GUILTY GEAR -STRIVE-,False,39900,39900,0,8,매우 긍정적,66777,0.8794,액션,싱글 플레이어|멀티플레이어|PvP|온라인 PvP|스크린 공유 및 분할 PvP|공유 및 분할 화면|Steam 도전 과제|컨트롤러 완벽 지원|DUALSHOCK 컨트롤러 지원|DUALSHOCK 컨트롤러 지원|DualSense 컨트롤러 지원|DualSense 컨트롤러 지원|Steam Cloud|Remote Play Together|가족 공유,싱글 플레이어|멀티플레이어|PvP,10,2021년 6월 11일,Arc System Works,Arc System Works,https://shared.akamai.steamstatic.com/store_item_assets/steam/apps/1384160/23a7b8f8c96b47ab7ef5f22f33b572a63aaf9fab/header.jpg?t=1782984163,"한층 더 진화한 애니메이션 그래픽으로, 세밀한 부분까지 철저하게 고집한 신세대의 영상표현에 전율하라!"
2644470,PICO PARK 2,False,9900,9900,0,8,매우 긍정적,4726,0.886,액션|캐주얼,멀티플레이어|협동|온라인 협동|스크린 공유 및 분할 협동|공유 및 분할 화면|크로스 플랫폼 멀티플레이어|Steam 도전 과제|DUALSHOCK 컨트롤러 지원|DUALSHOCK 컨트롤러 지원|DualSense 컨트롤러 지원|DualSense 컨트롤러 지원|Steam Input API 지원|컨트롤러 일부 지원|Steam Cloud|Remote Play Together|가족 공유,멀티플레이어|협동|온라인 협동,9,2024년 9월 12일,"TECOPARK|Gemdrops, Inc.",TECOPARK,https://shared.akamai.steamstatic.com/store_item_assets/steam/apps/2644470/header.jpg?t=1760143639,PICO PARK가 아주 새로운 스테이지와 함께 돌아왔습니다! 이 협동 액션 퍼즐 게임에서 플레이어 2~8인과 로컬이나 온라인에서 플레이하세요!
3008130,Dying Light: The Beast,False,65800,65800,0,8,매우 긍정적,70914,0.8653,액션|어드벤처|RPG,싱글 플레이어|멀티플레이어|협동|온라인 협동|Steam 도전 과제|컨트롤러 완벽 지원|DUALSHOCK 컨트롤러 지원|DUALSHOCK 컨트롤러 지원|DualSense 컨트롤러 지원|DualSense 컨트롤러 지원|Steam Cloud|Remote Play TV|가족 공유,싱글 플레이어|멀티플레이어|협동|온라인 협동,17,2025년 9월 18일,Techland,Techland,https://shared.akamai.steamstatic.com/store_item_assets/steam/apps/3008130/12cc1d5f3bc9e43345f388abe36f0737e999f966/header.jpg?t=1777373421,"당신은 카일 크레인으로, 수년간 실험 대상이었다가 복수를 위해 나섰습니다. 오픈 월드와 생존 호러를 독특하게 조합한 게임을 통해 당신을 반인반수로 만든 사람을 추적해 내세요."
203160,Tomb Raider Game of the Year,False,21990,3300,85,9,압도적으로 긍정적,269300,0.9603,액션|어드벤처,싱글 플레이어|멀티플레이어|Steam 도전 과제|컨트롤러 완벽 지원|Steam 트레이딩 카드|Steam Cloud|Remote Play 휴대전화|Remote Play 태블릿|Remote Play TV|가족 공유,싱글 플레이어|멀티플레이어,13,2013년 3월 4일,Crystal Dynamics|Eidos-Montréal|Feral Interactive (Mac)|Nixxes,Crystal Dynamics|Feral Interactive (Mac),https://shared.akamai.steamstatic.com/store_item_assets/steam/apps/203160/9e67774e97cdd155f287146e62611eb445514ac6/header.jpg?t=1765220424,어린 여성에서 단련된 생존자로 성숙해 나가는 라라 크로프트의 이야기가 담겨 있는 Tomb Raider와 만나보세요.
489830,The Elder Scrolls V: Skyrim Special Edition,False,45000,45000,0,8,매우 긍정적,375925,0.9225,RPG,싱글 플레이어|Steam 도전 과제|퀵타임 이벤트 없이 플레이 가능|수시 저장|스테레오 사운드|서라운드 사운드|컨트롤러 일부 지원|Steam Cloud|Remote Play 휴대전화|Remote Play 태블릿|가족 공유,싱글 플레이어,9,2016년 10월 27일,Bethesda Game Studios,Bethesda Softworks,https://shared.akamai.steamstatic.com/store_item_assets/steam/apps/489830/header.jpg?t=1786648247,200회 이상 올해의 게임에 선정된 The Elder Scrolls V: Skyrim Special Edition이 놀라운 디테일로 판타지에 생명을 불어넣었습니다. Special Edition에는 비평가들의 극찬을 받은 게임 및 새로운 기능이 포함된 애드온이 들어 있습니다.
1046480,아이돌마스터 스탈릿 시즌,False,64800,64800,0,8,매우 긍정적,4719,0.9358,액션|시뮬레이션,싱글 플레이어|Steam 도전 과제|DUALSHOCK 컨트롤러 지원|DUALSHOCK 컨트롤러 지원|DualSense 컨트롤러 지원|DualSense 컨트롤러 지원|컨트롤러 일부 지원|Steam Cloud|Steam 순위표|가족 공유,싱글 플레이어,4,2021년 10월 13일,"ILCA,Inc.",BANDAI NAMCO Entertainment,https://shared.akamai.steamstatic.com/store_item_assets/steam/apps/1046480/header_koreana.jpg?t=1704409921,―소녀들의 빛나는 계절을 향해 『아이돌마스터』 시리즈 네 가지 브랜드 합동 유닛인 「프로젝트 루미너스」를 프로듀스해보자! 새로운 아이돌들도 「프로젝트 루미너스」에 스카우트되어 완전 신작 스토리가 전개됩니다!
552520,Far Cry® 5,False,65000,65000,0,8,매우 긍정적,188794,0.8107,액션|어드벤처,싱글 플레이어|멀티플레이어|협동|온라인 협동|Steam 도전 과제|Steam 트레이딩 카드|캡션 이용 가능|앱 내 구매|컨트롤러 일부 지원|레벨 에디터 포함|HDR 사용 가능,싱글 플레이어|멀티플레이어|협동|온라인 협동,15,2018년 3월 26일,Ubisoft Montreal|Red Storm|Ubisoft Shanghai|Ubisoft Toronto|Ubisoft Kiev,Ubisoft,https://shared.akamai.steamstatic.com/store_item_assets/steam/apps/552520/0dbbd22689fafc2b5b86996257a8e115ff935e81/header.jpg?t=1785365694,"광신도 사이비 집단에 맞선 전투, 오픈 월드 FPS로 즐겨보세요. 치열한 전투를 벌이고, 적의 영토를 해방하며, 충성스러운 동료와 동물 동료를 모집하세요. 솔로 또는 2인 완전 협동 플레이로 호프 카운티를 해방하세요."
3989960,Frog Sqwad 🐸,False,8700,6960,20,6,대체로 긍정적,429,0.7669,액션|어드벤처|인디,멀티플레이어|협동|온라인 협동|Steam 도전 과제|컨트롤러 완벽 지원|음량 개별 조절|퀵타임 이벤트 없이 플레이 가능|DUALSHOCK 컨트롤러 지원|DUALSHOCK 컨트롤러 지원|DualSense 컨트롤러 지원|DualSense 컨트롤러 지원|스테레오 사운드|가족 공유,멀티플레이어|협동|온라인 협동,12,2026년 6월 11일,Panic Stations,Panic Stations,https://shared.akamai.steamstatic.com/store_item_assets/steam/apps/3989960/7cf40cfaff04f6a192df76a81d9f38463b73c50e/header.jpg?t=1781613814,"🐸최대 8인 협동 탈출 퍼즐 플랫폼 게임을 만나보세요! 친구들을 휘두르고, 점프하고, 날려 보내고, 끝없이 먹고 또 먹어서 거대한 메가개구리로 진화하세요. 개구리 친구들과 팀을 이루어, 늪지 왕의 영광을 위해 하수구를 정복하러 떠나 봅시다!🐸"
2766910,PengPong 펭퐁,False,14500,13050,10,8,매우 긍정적,214,0.8411,액션|캐주얼|인디,싱글 플레이어|Steam 도전 과제|컨트롤러 완벽 지원|카메라 움직임 조정|음량 개별 조절|난이도 조정|DUALSHOCK 컨트롤러 지원|DualSense 컨트롤러 지원|수시 저장|Steam Input API 지원|Steam Cloud|통계|Steam 순위표|가족 공유,싱글 플레이어,8,2026년 8월 20일,SANDY FLOOR,SANDY FLOOR| Gamirror Games,https://shared.akamai.steamstatic.com/store_item_assets/steam/apps/2766910/026eec986b14b9814bee0ba9f66563b1ea6785c9/header_koreana.jpg?t=1787648640,펭퐁은 탄막슈팅 로그라이크 게임입니다. 근데 이제 거기에 핀볼과 겜블링 등 다양한 변수를 곁들인.
2417610,METAL GEAR SOLID Δ: SNAKE EATER,False,73000,73000,0,8,매우 긍정적,19243,0.8347,액션|어드벤처,싱글 플레이어|멀티플레이어|PvP|온라인 PvP|Steam 도전 과제|컨트롤러 완벽 지원|Steam 트레이딩 카드|텍스트 크기 조정|카메라 움직임 조정|색상 대체|음량 개별 조절|난이도 조정|게임패드 권장|퀵타임 이벤트 없이 플레이 가능|DUALSHOCK 컨트롤러 지원|DualSense 컨트롤러 지원|스테레오 사운드|자막 옵션|서라운드 사운드|Steam Cloud|HDR 사용 가능|가족 공유,싱글 플레이어|멀티플레이어|PvP,11,2025년 8월 28일,KONAMI,KONAMI,https://shared.akamai.steamstatic.com/store_item_assets/steam/apps/2417610/05c97cbcd0cfc27c8ed6c7fc6d81e0995aa2a7d4/header.jpg?t=1762249119,"모든 이야기의 시작. 2004년 발매된 ""METAL GEAR SOLID 3: SNAKE EATER""를 원작으로 한 리메이크 작품. 원작의 스토리와 세계관은 그대로 유지되었으며, 최신 그래픽과 입체적인 사운드 표현으로 정글에서 펼쳐지는 궁극의 서바이벌 스텔스 액션을 즐길 수 있다."
2362060,코드 베인 II,False,79800,79800,0,5,복합적,7134,0.6503,액션|RPG,싱글 플레이어|Steam 도전 과제|컨트롤러 완벽 지원|Steam 트레이딩 카드|게임패드 권장|DUALSHOCK 컨트롤러 지원|DualSense 컨트롤러 지원|DualSense 컨트롤러 지원|Steam Cloud|가족 공유,싱글 플레이어,12,2026년 1월 29일,Bandai Namco Studios Inc.,Bandai Namco Entertainment Inc.,https://shared.akamai.steamstatic.com/store_item_assets/steam/apps/2362060/955e8f3fce6d832c286ac8013657ed6fc51f1f85/header.jpg?t=1782293908,버디와 함께 세계를 탐험하면서 강력한 흡혈귀와 사투를 벌이고 시간을 초월하는 장대한 이야기를 펼치는 「드라마틱 탐색 액션 RPG」
1815780,아스팔트 레전드,True,0,0,0,8,매우 긍정적,18965,0.8245,액션|어드벤처|레이싱|스포츠|무료 플레이,싱글 플레이어|멀티플레이어|PvP|온라인 PvP|스크린 공유 및 분할 PvP|협동|온라인 협동|공유 및 분할 화면|크로스 플랫폼 멀티플레이어|Steam 도전 과제|컨트롤러 완벽 지원|앱 내 구매|DUALSHOCK 컨트롤러 지원|DUALSHOCK 컨트롤러 지원|Remote Play Together|가족 공유,싱글 플레이어|멀티플레이어|협동|온라인 협동|PvP,14,2022년 8월 2일,Gameloft,Gameloft,https://shared.akamai.steamstatic.com/store_item_assets/steam/apps/1815780/62d97fdca8328c041820e8dfa3cf4997d68881ab/header.jpg?t=1782205103,"아스팔트 레전드에서 경쟁심을 자극하고 도로의 심장 박동을 느껴보세요! 다른 플레이어와 힘을 합쳐 격렬한 아케이드 레이스에서 경쟁하고, 입이 떡 벌어지는 묘기를 선보이며, 최고의 하이퍼카를 몰면서 승리를 향해 돌진하세요!"
1335200,액션 대마인,True,0,0,0,8,매우 긍정적,19387,0.829,액션|어드벤처|RPG|무료 플레이,싱글 플레이어|멀티플레이어|MMO|PvP|온라인 PvP|앱 내 구매|컨트롤러 일부 지원|Remote Play 휴대전화|Remote Play 태블릿|가족 공유,싱글 플레이어|멀티플레이어|PvP,7,2020년 10월 5일,LiLith,Infini-Brain inc.,https://shared.akamai.steamstatic.com/store_item_assets/steam/apps/1335200/b4451d6a49308f7f76dd11436a6eb027009c62dd/header.jpg?t=1754155148,"초인 닌자 특무중대를 통솔하여, 악의 세력에 맞서 싸워라! 대마인 시리즈의 매력적인 캐릭터들이 선보이는 근미래 닌자 액션 RPG!"
1216320,Shieldwall,False,17500,17500,0,8,매우 긍정적,7400,0.865,액션|캐주얼|인디|시뮬레이션|전략,싱글 플레이어|멀티플레이어|PvP|온라인 PvP|Steam 도전 과제|Steam Cloud|가족 공유,싱글 플레이어|멀티플레이어|PvP,11,2023년 4월 18일,Nezon Production,Nezon Production,https://shared.akamai.steamstatic.com/store_item_assets/steam/apps/1216320/header.jpg?t=1683086427,Shieldwall은 전술적인 요소를 가미한 재미있는 삼인칭 전략 배틀 시뮬레이션 게임입니다. 전장에서 직접 공격대를 이끄는 대장이 된 기분을 느껴 보세요.
570940,DARK SOULS™: REMASTERED,False,43800,43800,0,8,매우 긍정적,154601,0.9245,액션,싱글 플레이어|멀티플레이어|Steam 도전 과제|컨트롤러 완벽 지원|Remote Play 휴대전화|Remote Play 태블릿|Remote Play TV|가족 공유,싱글 플레이어|멀티플레이어,12,2018년 5월 23일,"QLOC|FromSoftware, Inc.","FromSoftware, Inc.|Bandai Namco Entertainment",https://shared.akamai.steamstatic.com/store_item_assets/steam/apps/570940/header.jpg?t=1778518110,기억하시나요? 불이 있었습니다. 굉장한 호평을 받으며 장르를 재정립한 게임의 모든 것을 다시 경험해보세요. 아름답게 리마스터되어 60fps로 돌아가는 고해상도로 그려진 로드란으로 돌아가세요. 다크 소울 리마스터에는 본편과 심연의 아르토리우스 DLC가 포함됩니다.
1808500,ARC Raiders,False,60900,60900,0,8,매우 긍정적,414068,0.8214,액션,멀티플레이어|PvP|온라인 PvP|협동|온라인 협동|크로스 플랫폼 멀티플레이어|Steam 도전 과제|컨트롤러 완벽 지원|앱 내 구매|DUALSHOCK 컨트롤러 지원|DUALSHOCK 컨트롤러 지원|DualSense 컨트롤러 지원|DualSense 컨트롤러 지원|통계|가족 공유,멀티플레이어|협동|온라인 협동|PvP,13,2025년 10월 30일,Embark Studios,Embark Studios,https://shared.akamai.steamstatic.com/store_item_assets/steam/apps/1808500/04baafaf64a5aa5f46ecda5d71889a4848dc0628/header.jpg?t=1787728887,ARC Raiders는 아크라 불리는 미지의 머신들에게 침공당한 위험천만한 미래 지구를 배경으로 하는 멀티플레이어 구출 어드벤처 게임입니다.
1468810,鬼谷八荒 Tale of Immortal,False,20500,20500,0,5,복합적,224659,0.5559,액션|어드벤처|인디|RPG|시뮬레이션,싱글 플레이어|Steam 도전 과제|컨트롤러 완벽 지원|Steam 창작마당|DUALSHOCK 컨트롤러 지원|Steam Cloud|Remote Play 태블릿|가족 공유,싱글 플레이어,4,2023년 5월 26일,鬼谷工作室,鬼谷工作室|Lightning Games,https://shared.akamai.steamstatic.com/store_item_assets/steam/apps/1468810/header_koreana.jpg?t=1769479020,"《귀곡팔황》은 샌드박스 스타일의 오픈월드 선협 게임입니다. 선협 체계와 산해경의 배경을 결합하여, 범인에서부터 한 걸음씩 수행하고 성장해 강자가 되는 과정을 경험하고, 산해경 속 다양한 요수들과 전투를 벌일 수 있습니다. 당신은 초심을 지키고 어려움과 맞서며, 신중한 선택으로 자신의 운명을 움켜쥘 수 있으십니까?"
1672500,건담 브레이커 4,False,69800,27920,60,6,대체로 긍정적,4216,0.7327,액션|RPG,싱글 플레이어|멀티플레이어|협동|온라인 협동|Steam 도전 과제|컨트롤러 완벽 지원|DUALSHOCK 컨트롤러 지원|DUALSHOCK 컨트롤러 지원|DualSense 컨트롤러 지원|DualSense 컨트롤러 지원|Steam Cloud|가족 공유,싱글 플레이어|멀티플레이어|협동|온라인 협동,13,2024년 8월 28일,"CRAFTS & MEISTER Co., Ltd.",Bandai Namco Entertainment Inc.,https://shared.akamai.steamstatic.com/store_item_assets/steam/apps/1672500/header_koreana.jpg?t=1757316320,"""나만의 건프라""로 싸우는 『건담 브레이커』 시리즈 최신작! 시리즈 최대의 11파츠를 커스터마이즈 가능, 게다가 시리즈 최초로 좌우 별도 무기 장비로 액션도 진화! 새로운 모드 「디오라마」에서는 배경과 이펙트 등을 설정하여 나만의 디오라마를 제작할 수 있다! 나만의 건프라는 보는 이들의 마음을 사로잡는 시대로 나아간다!"
4297840,Rock Bottom,False,8700,8700,0,8,매우 긍정적,1553,0.9433,액션|어드벤처|캐주얼|시뮬레이션|전략,싱글 플레이어|Steam 도전 과제|카메라 움직임 조정|음량 개별 조절|#category_playable_at_your_own_pace|퀵타임 이벤트 없이 플레이 가능|수시 저장|Steam Cloud|가족 공유,싱글 플레이어,12,2026년 7월 14일,Logan Games,Logan Games,https://shared.akamai.steamstatic.com/store_item_assets/steam/apps/4297840/a6aea9bda4707d8d1f0a493ab70d3dff07ba089d/header.jpg?t=1786189401,"채굴하고, 제련하고, 강화하고, 반복하세요. Rock Bottom은 휘두를 때마다 더 강해지는 인크리멘탈 채굴 게임입니다. 개성 넘치는 8개 계층을 내려가 강력한 능력을 해제하고, 가장 깊은 곳에 무엇이 있는지 밝혀내세요."
2208570,Dark Hours,False,11500,11500,0,8,매우 긍정적,4153,0.8211,액션|어드벤처,싱글 플레이어|멀티플레이어|협동|온라인 협동|크로스 플랫폼 멀티플레이어|Steam 도전 과제|카메라 움직임 조정|음량 개별 조절|난이도 조정|스테레오 사운드|서라운드 사운드|컨트롤러 일부 지원|Steam Cloud|가족 공유,싱글 플레이어|멀티플레이어|협동|온라인 협동,24,2025년 10월 23일,Piece of Cake studios,Piece of Cake studios|Kepler Ghost,https://shared.akamai.steamstatic.com/store_item_assets/steam/apps/2208570/64de5d8de8cc16b27b4de3026a9a7df934ca2552/header.jpg?t=1784110117,"Dark Hours는 1~4명이 즐기는 협동 생존 공포 게임으로, 여러분은 귀중품을 훔치던 와중 알 수 없는 초자연적인 현상으로 인해 사악한 존재와 한 공간에 갇히게 되었습니다. 이제 최우선 목표는 살아남는 것입니다. 곳곳을 탐색하고 팀원과 힘을 합쳐 탈출구를 찾으십시오."
306130,The Elder Scrolls® Online,False,22000,22000,0,8,매우 긍정적,161486,0.8089,액션|어드벤처|대규모 멀티플레이어|RPG,멀티플레이어|MMO|PvP|온라인 PvP|협동|온라인 협동|Steam 트레이딩 카드|캡션 이용 가능|앱 내 구매|카메라 움직임 조정|텍스트 채팅 음성 변환|음량 개별 조절|퀵타임 이벤트 없이 플레이 가능|스테레오 사운드|서라운드 사운드|컨트롤러 일부 지원|HDR 사용 가능|가족 공유,멀티플레이어|협동|온라인 협동|PvP,7,2017년 5월 22일,ZeniMax Online Studios,Bethesda Softworks,https://shared.akamai.steamstatic.com/store_item_assets/steam/apps/306130/465cc6917d2ed89c364ebfca85da07f79a2abfd6/header.jpg?t=1783621796,"모든 전설에는 시작이 있으며, The Elder Scrolls Online에서는 당신이 바로 전설의 시작입니다. 수백만 명의 플레이어와 함께 광활하고 생동감 넘치는 Elder Scrolls 세계를 배경으로 하는 온라인 판타지 RPG에 참여하십시오."
289650,어쌔신 크리드 유니티,False,33000,33000,0,6,대체로 긍정적,85499,0.7778,액션|어드벤처,싱글 플레이어|멀티플레이어|협동|Steam 도전 과제|앱 내 구매|음량 개별 조절|난이도 조정|마우스 전용 옵션|퀵타임 이벤트 없이 플레이 가능|수시 저장|스테레오 사운드|서라운드 사운드|컨트롤러 일부 지원,싱글 플레이어|멀티플레이어|협동,13,2014년 11월 12일,Ubisoft,Ubisoft,https://shared.akamai.steamstatic.com/store_item_assets/steam/apps/289650/header.jpg?t=1786632648,"1789년, 파리. 아르노 도리안이 되어 프랑스 혁명을 배경으로 한 액션 어드벤처 게임을 즐겨보세요. 암살자가 되어 국가의 운명을 좌우할 혁명의 배후 세력을 찾아내세요."
1486920,Tempest Rising,False,50000,37500,25,8,매우 긍정적,11893,0.873,액션|전략,싱글 플레이어|멀티플레이어|PvP|온라인 PvP|Steam 도전 과제|Steam 트레이딩 카드|Steam 창작마당|Steam Cloud|가족 공유,싱글 플레이어|멀티플레이어|PvP,10,2025년 4월 24일,Slipgate Ironworks™,3D Realms|Knights Peak|Saber Interactive,https://shared.akamai.steamstatic.com/store_item_assets/steam/apps/1486920/header.jpg?t=1786109833,핵전쟁 이후의 지구를 바탕으로 한 고전적인 RTS 장르의 게임 Tempest Rising에서 차별화된 파벌을 지휘하며 힘과 자원을 위해 필사적으로 분투하세요.
593600,PixARK,False,21500,5370,75,6,대체로 긍정적,13377,0.7262,액션|어드벤처|캐주얼|대규모 멀티플레이어|RPG|전략,싱글 플레이어|멀티플레이어|PvP|온라인 PvP|협동|온라인 협동|Steam 도전 과제|Steam 트레이딩 카드|컨트롤러 일부 지원|가족 공유,싱글 플레이어|멀티플레이어|협동|온라인 협동|PvP,13,2019년 5월 31일,Snail Games USA,Snail Games USA,https://shared.akamai.steamstatic.com/store_item_assets/steam/apps/593600/1b88b609b567b06c2cbc93becc5b6027b2626aa0/header_alt_assets_8.jpg?t=1787790345,"Enter a world of mystery, danger, ancient dinosaurs, mythical beasts, and cubes! Work by yourself or with a tribe of others to gather materials, craft useful items, tame wild creatures, and build huge bases to survive in PixARK!"
2909400,FINAL FANTASY VII REBIRTH,False,62800,62800,0,6,대체로 긍정적,34798,0.7504,액션|어드벤처|RPG,싱글 플레이어|Steam 도전 과제|컨트롤러 완벽 지원|Steam 트레이딩 카드|음량 개별 조절|난이도 조정|게임패드 권장|키보드 전용 옵션|DUALSHOCK 컨트롤러 지원|DualSense 컨트롤러 지원|DualSense 컨트롤러 지원|스테레오 사운드|서라운드 사운드|Steam Cloud|HDR 사용 가능|가족 공유,싱글 플레이어,11,2025년 1월 23일,Square Enix,Square Enix,https://shared.akamai.steamstatic.com/store_item_assets/steam/apps/2909400/header.jpg?t=1775124617,"마황 도시 미드가르에서 탈출한 클라우드와 동료들은 광대한 세계로 떠난다. 새롭게 그려지는 스토리, 광대한 세계에서 펼쳐지는 자유로운 모험, 동료들과의 인연이 더욱 깊어지는 배틀―― 『FINAL FANTASY VII REMAKE』로부터 더욱 진화된 게임 체험이 재탄생한다."
3949550,1666: Amsterdam,False,31000,27900,10,5,복합적,573,0.6684,어드벤처|앞서 해보기,싱글 플레이어|컨트롤러 완벽 지원|게임패드 권장|DualSense 컨트롤러 지원|DualSense 컨트롤러 지원|Steam Cloud|가족 공유,싱글 플레이어,11,2026년 8월 25일,Panache Digital Games,Panache Digital Games,https://shared.akamai.steamstatic.com/store_item_assets/steam/apps/3949550/0d198ca7648797d7ab2765f362100aa0f7f3eeb9/header.jpg?t=1787844708,"333년마다 무언가가 깨어납니다. 1666: 암스테르담은 어두운 분위기의 스토리 기반 3인칭 액션 어드벤처로, 마술을 다루는 컬렉터 노아가 인간의 모습 뒤에 숨어있는 악마적 존재를 밝혀냅니다. 낮에는 조사를 진행하고, 밤에는 악마들과 맞서세요."
1798010,ROCKMAN EXE ADVANCED COLLECTION Vol.1,False,49800,15940,68,8,매우 긍정적,1530,0.8765,액션|RPG,싱글 플레이어|멀티플레이어|PvP|온라인 PvP|Steam 도전 과제|컨트롤러 완벽 지원|Steam 트레이딩 카드|Steam Cloud|가족 공유,싱글 플레이어|멀티플레이어|PvP,4,2023년 4월 13일,"CAPCOM Co., Ltd.","CAPCOM Co., Ltd.",https://shared.akamai.steamstatic.com/store_item_assets/steam/apps/1798010/header_koreana.jpg?t=1769126434,"애니메이션, 만화를 통해 많은 사랑을 받은 록맨 에그제가 컬렉션 버전으로 등장. 본 작품 Vol.1에는 「ROCKMAN EXE」부터 「ROCKMAN EXE 3」까지의 4작품(각 타이틀의 다른 버전 포함)이 수록되어 있으며 일러스트나 BGM을 감상할 수 있는 갤러리 등의 추가 요소도 탑재! 이밖에도 대망의 온라인 통신에도 대응하였습니다."
2928600,귀멸의 칼날 히노카미 혈풍담2,False,69800,69800,0,8,매우 긍정적,3658,0.8275,액션|어드벤처,싱글 플레이어|멀티플레이어|PvP|온라인 PvP|스크린 공유 및 분할 PvP|공유 및 분할 화면|Steam 도전 과제|컨트롤러 완벽 지원|Steam 트레이딩 카드|앱 내 구매|카메라 움직임 조정|음량 개별 조절|게임패드 권장|키보드 전용 옵션|DUALSHOCK 컨트롤러 지원|DUALSHOCK 컨트롤러 지원|DualSense 컨트롤러 지원|DualSense 컨트롤러 지원|Steam Input API 지원|Steam Cloud|통계|Steam 순위표|가족 공유,싱글 플레이어|멀티플레이어|PvP,9,2025년 8월 5일,CyberConnect2,SEGA,https://shared.akamai.steamstatic.com/store_item_assets/steam/apps/2928600/fc9fe0aa11617e96d6548f2bc79e44cc72ae8eac/header_koreana.jpg?t=1779926556,"""인연""의 칼날로 악귀를 멸하라! 카마도 탄지로의 전투가 가정용 게임으로 다시 막을 올린다―――"
2842040,Star Wars Outlaws,False,79000,79000,0,6,대체로 긍정적,12467,0.7155,액션|어드벤처,싱글 플레이어|Steam 도전 과제|컨트롤러 완벽 지원|캡션 이용 가능|앱 내 구매|DUALSHOCK 컨트롤러 지원|DUALSHOCK 컨트롤러 지원|DualSense 컨트롤러 지원|DualSense 컨트롤러 지원|HDR 사용 가능,싱글 플레이어,12,2024년 11월 21일,Massive Entertainment – A Ubisoft Studio,Ubisoft,https://shared.akamai.steamstatic.com/store_item_assets/steam/apps/2842040/header.jpg?t=1773407100,"최초의 오픈 월드 ‘스타워즈’ 게임을 만나보고, 은하계의 상징적인 명소부터 새로운 장소까지 전부 탐험해 보세요. 케이 베스란 이름의 악당이 되어 자유와 새로운 삶을 추구하며 온갖 역경을 헤쳐나가 보세요. 싸우고 도둑질하며 은하계 범죄 조직들 틈에서 자신만의 길을 개척하고, 우주에서 가장 악명 높은 수배범으로 거듭나세요. 위험을 감수할 용기만 있다면, 은하계는 온갖 기회로 가득한 곳입니다."
239140,Dying Light,False,27400,27400,0,9,압도적으로 긍정적,494511,0.9523,액션|어드벤처|RPG,싱글 플레이어|멀티플레이어|PvP|온라인 PvP|협동|온라인 협동|Steam 도전 과제|컨트롤러 완벽 지원|Steam 트레이딩 카드|Steam 창작마당|DUALSHOCK 컨트롤러 지원|DUALSHOCK 컨트롤러 지원|DualSense 컨트롤러 지원|DualSense 컨트롤러 지원|Steam Cloud|Valve Anti-Cheat 사용|레벨 에디터 포함|Remote Play 태블릿|Remote Play TV|가족 공유,싱글 플레이어|멀티플레이어|협동|온라인 협동|PvP,17,2015년 1월 26일,Techland,Techland,https://shared.akamai.steamstatic.com/store_item_assets/steam/apps/239140/9d1b810b85ae46a0acbdfddf583ccbb81271183e/header.jpg?t=1782913513,"종말 이후 굶주린 좀비가 넘쳐나는 오픈 월드를 배경으로 펼쳐지는 1인칭 액션 생존 게임을 즐겨보세요. 여러분은 수수께끼의 바이러스 전염에 의해 몰락한 도시를 탐험하며 물자를 찾고, 무기를 제작하여 감염된 생명체 무리들을 상대해야 합니다."
1099410,토탈워 사가: 트로이,False,39800,39800,0,6,대체로 긍정적,3793,0.7155,액션|시뮬레이션|전략,싱글 플레이어|멀티플레이어|PvP|온라인 PvP|LAN PvP|협동|온라인 협동|LAN 협동|Steam 도전 과제|Steam 창작마당|카메라 움직임 조정|색상 대체|난이도 조정|퀵타임 이벤트 없이 플레이 가능|수시 저장|스테레오 사운드|서라운드 사운드|가족 공유,싱글 플레이어|멀티플레이어|협동|온라인 협동|PvP,13,2021년 9월 2일,CREATIVE ASSEMBLY|Feral Interactive (Mac),SEGA|Feral Interactive (Mac),https://shared.akamai.steamstatic.com/store_item_assets/steam/apps/1099410/header.jpg?t=1763642600,수많은 수상 경력을 자랑하는 전략 게임 시리즈에서 일리아스를 바탕으로 제작한 이번 작품에서는 턴제로 진행되는 거대한 제국 운영과 함께 트로이 전쟁의 전장 속 박진감 넘치는 실시간 전투를 함께 조화시켜 제공합니다.
1942280,Brotato,False,5600,5600,0,9,압도적으로 긍정적,118171,0.9597,액션|캐주얼|인디|RPG,싱글 플레이어|멀티플레이어|협동|스크린 공유 및 분할 협동|공유 및 분할 화면|Steam 도전 과제|컨트롤러 완벽 지원|Steam 트레이딩 카드|Steam 창작마당|Steam Cloud|Remote Play TV|Remote Play Together|가족 공유,싱글 플레이어|멀티플레이어|협동,13,2023년 6월 23일,Blobfish,Blobfish,https://shared.akamai.steamstatic.com/store_item_assets/steam/apps/1942280/f98281910016f8924be37cce3d4b119f5223a358/header.jpg?t=1787049651,Brotato는 감자가 되어 최대 6가지의 무기를 한 번에 휘두르며 외계인 무리를 물리치는 탑다운 아레나 슈팅 로그라이트 게임입니다. 다양한 특성과 아이템을 선택하고 독특한 빌드를 만들어 지원이 도착할 때까지 생존하세요.
2903950,초탐정사건부 레인코드 Plus,False,27800,27800,0,8,매우 긍정적,2246,0.8054,액션|어드벤처,싱글 플레이어|Steam 도전 과제|컨트롤러 완벽 지원|Steam 트레이딩 카드|게임패드 권장|DualSense 컨트롤러 지원|Steam Cloud|가족 공유,싱글 플레이어,9,2024년 7월 17일,"Spike Chunsoft Co., Ltd.","Spike Chunsoft Co., Ltd.",https://shared.akamai.steamstatic.com/store_item_assets/steam/apps/2903950/header.jpg?t=1755220097,"‘단간론파’ 시리즈 제작진이 만든 완전 신작 ‘다크 판타지 추리 액션이, 더 강력해져서 등장!"
2420110,호라이즌 포비든 웨스트 컴플리트 에디션,False,62800,62800,0,8,매우 긍정적,30232,0.8809,액션|RPG,싱글 플레이어|Steam 도전 과제|컨트롤러 완벽 지원|텍스트 크기 조정|카메라 움직임 조정|색상 대체|음량 개별 조절|난이도 조정|DUALSHOCK 컨트롤러 지원|DUALSHOCK 컨트롤러 지원|DualSense 컨트롤러 지원|DualSense 컨트롤러 지원|Steam Input API 지원|스테레오 사운드|자막 옵션|서라운드 사운드|Steam Cloud|HDR 사용 가능|가족 공유,싱글 플레이어,25,2024년 3월 21일,Guerrilla|Nixxes Software,PlayStation Publishing LLC,https://shared.akamai.steamstatic.com/store_item_assets/steam/apps/2420110/header.jpg?t=1776465869,"보너스 콘텐츠 및 버닝 쇼어스 확장팩을 포함하여, 장대한 호라이즌 포비든 웨스트를 하나도 빠짐없이 경험하세요. 버닝 쇼어스에서는 아름답지만 위험한 신규 지역에서 여러 가지 추가 콘텐츠, 새로운 스토리와 캐릭터를 만나보실 수 있습니다."
386180,Crossout,True,0,0,0,6,대체로 긍정적,69815,0.751,액션|어드벤처|대규모 멀티플레이어|레이싱|무료 플레이,멀티플레이어|MMO|PvP|온라인 PvP|협동|온라인 협동|Steam 도전 과제|컨트롤러 완벽 지원|Steam 트레이딩 카드|앱 내 구매|카메라 움직임 조정|색상 대체|음량 개별 조절|퀵타임 이벤트 없이 플레이 가능|DUALSHOCK 컨트롤러 지원|DualSense 컨트롤러 지원|스테레오 사운드|자막 옵션|Remote Play 태블릿|Remote Play TV|가족 공유,멀티플레이어|협동|온라인 협동|PvP,9,2017년 7월 26일,Targem Games,Gaijin Network Ltd,https://shared.akamai.steamstatic.com/store_item_assets/steam/apps/386180/4dfc237b732553a89244b42c9221943ac950b275/header.jpg?t=1786610905,황폐한 세계에서 펼쳐지는 액션 게임 CROSSOUT에 참여하세요! 수십 가지의 교환 가능한 부품으로 자신만의 독특한 전투 머신을 만들고 탑승하여 폭발적인 PvP 온라인 전투에서 적을 파괴하세요!
2717880,로그: 페르시아의 왕자,False,34000,13600,60,8,매우 긍정적,2789,0.8989,액션|어드벤처,싱글 플레이어|Steam 도전 과제|컨트롤러 완벽 지원|게임패드 권장|DUALSHOCK 컨트롤러 지원|DUALSHOCK 컨트롤러 지원|DualSense 컨트롤러 지원|DualSense 컨트롤러 지원|Steam Cloud,싱글 플레이어,16,2025년 8월 20일,Evil Empire,Ubisoft,https://shared.akamai.steamstatic.com/store_item_assets/steam/apps/2717880/60249410daa51cc5e6cac5b32cafb369c44937e5/header.jpg?t=1770066280,"이 치열하고 속도감 있게 진행되는 로그라이트에서 죽음은 곧 특별한 기회입니다. 여러분은 운명을 다시 쓰고 페르시아를 구하거나, 또 한 번 죽음을 무릅쓰게 되겠죠. 왕국을 탐험하며 우아하고 아크로바틱한 전투와 파쿠르를 마스터하고, 실수했던 것을 바로잡으세요!"
1599660,Sackboy™: A Big Adventure,False,62800,62800,0,8,매우 긍정적,4455,0.8373,어드벤처,싱글 플레이어|멀티플레이어|협동|온라인 협동|스크린 공유 및 분할 협동|공유 및 분할 화면|Steam 도전 과제|컨트롤러 완벽 지원|텍스트 크기 조정|카메라 움직임 조정|색상 대체|음량 개별 조절|키보드 전용 옵션|퀵타임 이벤트 없이 플레이 가능|수시 저장|스테레오 사운드|자막 옵션|서라운드 사운드|Steam Cloud|가족 공유,싱글 플레이어|멀티플레이어|협동|온라인 협동,24,2022년 10월 27일,Sumo Digital,PlayStation Publishing LLC,https://shared.akamai.steamstatic.com/store_item_assets/steam/apps/1599660/header.jpg?t=1750957508,"PC 버전으로 완벽하게 재창조 PlayStation®의 아이콘 리빅보이가 PC를 통해 거대한 3D 멀티플레이 플랫폼 어드벤처에 뛰어듭니다. 플랫폼 도전으로 가득 찬 장대한 모험. 몰입감 넘치는 조작. 협동, 혼돈, 그리고 재미있는 멀티플레이"
2764460,Sandustry 샌더스트리,False,14900,14900,0,9,압도적으로 긍정적,3945,0.9724,시뮬레이션|전략|앞서 해보기,싱글 플레이어|Steam 도전 과제|Steam 트레이딩 카드|Steam 창작마당|Steam Cloud|가족 공유,싱글 플레이어,23,2026년 8월 13일,Lantto Games,Hooded Horse,https://shared.akamai.steamstatic.com/store_item_assets/steam/apps/2764460/9bf3d937b7c0e7a9b96e67a9b0da7b40e80df3c2/header_koreana.jpg?t=1787905620,"완전히 파괴할 수 있는 세계를 탐험하고 채굴해 보세요. 점점 더 복잡해지는 생산 체인을 자동화하고, 고대 문명의 강력한 비밀을 파헤쳐 보세요. 모든 픽셀이 가치 있는 자원이 되는 이 공장 운영 게임에서 모래를 사랑하는 법을 배워보세요."
714010,Aimlabs,True,0,0,0,8,매우 긍정적,137124,0.9103,액션|어드벤처|캐주얼|인디|시뮬레이션|무료 플레이,싱글 플레이어|Steam 도전 과제|컨트롤러 완벽 지원|Steam 창작마당|앱 내 구매|Steam Cloud|통계|Steam 순위표|레벨 에디터 포함|가족 공유,싱글 플레이어,15,2023년 6월 16일,Statespace,Statespace,https://shared.akamai.steamstatic.com/store_item_assets/steam/apps/714010/header.jpg?t=1782227933,궁극의 FPR/TPS 훈련 솔루션: Aim Lab은 최신 퍼포먼스 트래킹 및 분석 방식과 머신 러닝을 융합해 여러분을 더 빠르고 정확한 사수로 만들어 줍니다.
244210,아세토 코르사 Assetto Corsa,False,20500,20500,0,8,매우 긍정적,173435,0.9286,인디|레이싱|시뮬레이션|스포츠,싱글 플레이어|멀티플레이어|PvP|온라인 PvP|Steam 도전 과제|VR 지원|컨트롤러 일부 지원|Steam 순위표|레벨 에디터 포함|가족 공유,싱글 플레이어|멀티플레이어|PvP,4,2014년 12월 19일,Kunos Simulazioni,505 Games,https://shared.akamai.steamstatic.com/store_item_assets/steam/apps/244210/header.jpg?t=1782208838,"아세토 코르사(Assetto Corsa) v1.16은 새로운 레이저 스캔 트랙 ""라구나 세카(Laguna Seca)"" 및 기다리던 Alfa Romeo Giulia Quadrifoglio를 포함한 7개의 신차를 소개합니다! 체인지로그에서 더 자세한 내용을 확인하세요!"
2272360,"Warhammer 40,000: Dawn of War IV",False,67700,60930,10,0,사용자 평가 없음,0,0.0,액션|전략,싱글 플레이어|멀티플레이어|PvP|온라인 PvP|협동|온라인 협동|가족 공유,싱글 플레이어|멀티플레이어|협동|온라인 협동|PvP,13,2026년 12월 3일,KING Art,Deep Silver,https://shared.akamai.steamstatic.com/store_item_assets/steam/apps/2272360/f50a309da98ef75cbdae400a7d492e36314ce415/header.jpg?t=1786550578,"한층 더 깊은 만족감을 주는 전략 게임플레이로 RTS 시리즈의 근본으로 회귀합니다. 시리즈 최초로 등장하는 아뎁투스 메카니쿠스를 포함한 Warhammer 40,000의 네 가지 개성 넘치는 진영을 지휘해 보세요! 70개 이상의 장대한 캠페인 임무를 완수하고, 여러 번 다시 플레이하고 싶게 만드는 라스트 스탠드, 스커미시, 멀티플레이어 모드에서 전투를 벌이세요."
1721060,Mandragora: Whispers of the Witch Tree,False,54000,27000,50,6,대체로 긍정적,3733,0.7621,액션|인디|RPG,싱글 플레이어|Steam 도전 과제|컨트롤러 완벽 지원|DUALSHOCK 컨트롤러 지원|DUALSHOCK 컨트롤러 지원|DualSense 컨트롤러 지원|DualSense 컨트롤러 지원|Steam Cloud|Remote Play TV|가족 공유,싱글 플레이어,13,2025년 4월 17일,Primal Game Studio,Knights Peak,https://shared.akamai.steamstatic.com/store_item_assets/steam/apps/1721060/6b32b6cb65442613c9f2a5bed21e76b31f2107ac/header.jpg?t=1786452629,"Mandragora: Whispers of the Witch Tree에서 당신만의 방식으로 적들을 처치하세요. 이 장대한 다크 판타지 세계관의 액션 RPG에서, 괴물들과 맞서 싸우고, 여섯 가지 고유 클래스를 마스터하고, 수백 가지 유용한 아이템을 제작하고, 연결되어 있는 광활한 세계의 비밀의 탐험하세요."
899770,Last Epoch,False,37500,37500,0,6,대체로 긍정적,118366,0.7654,액션|어드벤처|인디|RPG,싱글 플레이어|멀티플레이어|협동|온라인 협동|컨트롤러 완벽 지원|앱 내 구매|텍스트 크기 조정|카메라 움직임 조정|색상 대체|음량 개별 조절|DUALSHOCK 컨트롤러 지원|DUALSHOCK 컨트롤러 지원|DualSense 컨트롤러 지원|DualSense 컨트롤러 지원|스테레오 사운드|Steam Cloud,싱글 플레이어|멀티플레이어|협동|온라인 협동,10,2024년 2월 21일,Eleventh Hour Games,"Eleventh Hour Games|KRAFTON, Inc",https://shared.akamai.steamstatic.com/store_item_assets/steam/apps/899770/68e9c29ee435015c00d2f200d13389e0ccc5bd2f/header.jpg?t=1781716225,"과거를 파헤치고 미래를 재건할 여행이 펼쳐집니다. 15개의 직업 중 하나를 택해 전직하고, 위험천만한 던전을 탐험하세요. 엄청난 전리품을 사냥하고, 전설 무기를 제작하세요. 100가지 이상의 변화무쌍한 스킬 트리가 지닌 힘을 마음껏 활용하세요. 열정 넘치는 액션 RPG 매니아들이 라스트 에포크를 개발합니다."
1030300,Hollow Knight: Silksong,False,21500,21500,0,8,매우 긍정적,420428,0.8943,액션|어드벤처|인디,싱글 플레이어|Steam 도전 과제|컨트롤러 완벽 지원|Steam 트레이딩 카드|카메라 움직임 조정|게임패드 권장|키보드 전용 옵션|퀵타임 이벤트 없이 플레이 가능|DUALSHOCK 컨트롤러 지원|DUALSHOCK 컨트롤러 지원|DualSense 컨트롤러 지원|DualSense 컨트롤러 지원|수시 저장|스테레오 사운드|Steam Cloud|Remote Play TV|가족 공유,싱글 플레이어,11,2025년 9월 4일,Team Cherry,Team Cherry,https://shared.akamai.steamstatic.com/store_item_assets/steam/apps/1030300/7983574d464e6559ac7e24275727f73a8bcca1f3/header.jpg?t=1776125736,"할로우 나이트: 실크송에서 광활하고 저주받은 왕국을 탐험하세요! 실크와 노래가 지배하는 땅의 정상에 오르며 탐험하고, 싸우고, 살아남으세요."
3672400,Farever,False,20000,20000,0,6,대체로 긍정적,9319,0.7587,액션|어드벤처|RPG|앞서 해보기,싱글 플레이어|멀티플레이어|MMO|협동|온라인 협동|Steam 도전 과제|컨트롤러 완벽 지원|앱 내 구매|가족 공유,싱글 플레이어|멀티플레이어|협동|온라인 협동,10,2026년 5월 6일,Shiro Games,Shiro Games,https://shared.akamai.steamstatic.com/store_item_assets/steam/apps/3672400/943c81064bed545a780163e030d8ea39ca4710da/header.jpg?t=1786955247,"잊힌 왕국에서 당신만의 전설을 세우세요! Farever는 광활한 판타지 오픈 월드를 배경으로 한 온라인 멀티플레이 액션 RPG입니다. 혼자서도, 친구들과도 장대한 모험을 떠나세요! 거친 대지와 위험한 던전을 탐험하고, 강력한 장비들을 제작하고, 역동적인 전투와 플랫폼 액션으로 나아갈 길을 개척하세요."
305620,The Long Dark,False,21500,21500,0,8,매우 긍정적,123460,0.8893,어드벤처|인디|시뮬레이션|전략,싱글 플레이어|Steam 도전 과제|컨트롤러 완벽 지원|Steam 트레이딩 카드|Steam Cloud|Remote Play TV|가족 공유,싱글 플레이어,19,2017년 8월 1일,Hinterland Studio Inc.,Hinterland Studio Inc.,https://shared.akamai.steamstatic.com/store_item_assets/steam/apps/305620/6c82ea1073946b0e83974a0ae6bd9d29d93911f9/header.jpg?t=1785448287,"The Long Dark는 깊은 생각을 요구하는 탐험 생존 게임입니다. 플레이어는 지구 자기장 이상으로 인한 대재앙이 휩쓸고 간 세상에서 혼자 드넓은 설원 황무지를 탐험하며 살아남아야 합니다. 좀비는 등장하지 않으며 오직 플레이어와 추위, 그리고 자연 속의 위험들만 존재합니다. 고요한 종말의 세상에 오신 것을 환영합니다."
1259790,뿌요뿌요™테트리스® 2,False,49800,49800,0,8,매우 긍정적,2896,0.8222,액션|캐주얼,싱글 플레이어|멀티플레이어|PvP|온라인 PvP|스크린 공유 및 분할 PvP|협동|온라인 협동|스크린 공유 및 분할 협동|공유 및 분할 화면|Steam 도전 과제|컨트롤러 완벽 지원|Steam Cloud|Remote Play Together|가족 공유,싱글 플레이어|멀티플레이어|협동|온라인 협동|PvP,9,2021년 3월 23일,SEGA,SEGA,https://shared.akamai.steamstatic.com/store_item_assets/steam/apps/1259790/header_koreana.jpg?t=1763679729,"일본인이 사랑하는 퍼즐게임 시리즈인 Puyo Puyo와 세계적인 게임 프랜차이즈인 Tetris®가 만나 Puyo와 테트리스 블록을 터뜨리는 재미를 배가시키는 퍼즐게임, Puyo Puyo Tetris 2가 탄생했습니다."
232090,Killing Floor 2,False,32000,3200,90,8,매우 긍정적,129299,0.8827,액션,싱글 플레이어|멀티플레이어|PvP|온라인 PvP|협동|온라인 협동|Steam 도전 과제|컨트롤러 완벽 지원|Steam 트레이딩 카드|Steam 창작마당|앱 내 구매|Valve Anti-Cheat 사용|레벨 에디터 포함|Remote Play 태블릿|Remote Play TV|가족 공유,싱글 플레이어|멀티플레이어|협동|온라인 협동|PvP,12,2016년 11월 18일,Tripwire Interactive,Tripwire Interactive,https://shared.akamai.steamstatic.com/store_item_assets/steam/apps/232090/header.jpg?t=1774538987,"In KILLING FLOOR 2, players descend into continental Europe after it has been overrun by horrific, murderous clones called Zeds that were created by rogue elements of the Horzine Corporation. 6-player Co-Op & 12-player VS Zed-slaughtering mayhem."
379430,Kingdom Come: Deliverance,False,30400,30400,0,8,매우 긍정적,185115,0.8442,액션|어드벤처|RPG,싱글 플레이어|Steam 도전 과제|컨트롤러 완벽 지원|Steam 트레이딩 카드|Steam Cloud|Remote Play TV|가족 공유,싱글 플레이어,14,2018년 2월 13일,Warhorse Studios,Warhorse Studios|Deep Silver,https://shared.akamai.steamstatic.com/store_item_assets/steam/apps/379430/43b72106345687f4a2bf94d5f98335e52c1cd598/header.jpg?t=1770998376,"킹덤 컴: 딜리버런스는 신성 로마 제국에서 벌어지는 거대한 모험을 담은 스토리 중심의 오픈 월드 RPG 게임입니다. 침략자들에 맞서 싸우며 돌아가신 부모님의 복수를 하고, 흥미로운 임무를 수행하고, 중대한 선택을 하십시오. 장엄한 성, 깊은 숲, 생기있는 마을과 수많은 중세 보헤미아의 풍경을 탐험해 보십시오!"
1858630,소드 아트 온라인 프랙처드 데이드림,False,69800,27920,60,5,복합적,2864,0.6491,액션|캐주얼|RPG,싱글 플레이어|멀티플레이어|협동|온라인 협동|크로스 플랫폼 멀티플레이어|Steam 도전 과제|컨트롤러 완벽 지원|앱 내 구매|DUALSHOCK 컨트롤러 지원|DUALSHOCK 컨트롤러 지원|DualSense 컨트롤러 지원|DualSense 컨트롤러 지원|Steam Cloud|가족 공유,싱글 플레이어|멀티플레이어|협동|온라인 협동,13,2024년 10월 3일,Dimps Corporation,Bandai Namco Entertainment,https://shared.akamai.steamstatic.com/store_item_assets/steam/apps/1858630/header_koreana.jpg?t=1781735555,《소드 아트 온라인》 게임 10주년 기념 작품 제2탄이 등장. 다양한 역할을 가진 SAO 시리즈의 캐릭터들이 기억을 넘어 참전. 전 세계의 플레이어들과 함께 최대 20명이 팀을 맺어 앞길을 가로막는 강대한 적에게 맞서는 온라인 협력 액션. 시공간과 기억을 넘어――
945360,Among Us,False,5500,3300,40,8,매우 긍정적,745763,0.9201,캐주얼,멀티플레이어|PvP|온라인 PvP|LAN PvP|협동|온라인 협동|LAN 협동|크로스 플랫폼 멀티플레이어|Steam 도전 과제|컨트롤러 완벽 지원|Steam 트레이딩 카드|앱 내 구매|Remote Play 휴대전화|Remote Play 태블릿|가족 공유,멀티플레이어|협동|온라인 협동|PvP,14,2018년 11월 16일,Innersloth,Innersloth,https://shared.akamai.steamstatic.com/store_item_assets/steam/apps/945360/header.jpg?t=1787088490,4~15명의 플레이어가 즐기는 온라인 및 로컬 파티 게임입니다. 우주에서 서로 협력하거나... 배신하세요!
1809540,나인 솔즈,False,32000,32000,0,8,매우 긍정적,45142,0.9441,액션|어드벤처|인디,싱글 플레이어|Steam 도전 과제|컨트롤러 완벽 지원|색상 대체|음량 개별 조절|난이도 조정|게임패드 권장|키보드 전용 옵션|DUALSHOCK 컨트롤러 지원|DUALSHOCK 컨트롤러 지원|DualSense 컨트롤러 지원|DualSense 컨트롤러 지원|스테레오 사운드|Steam Cloud|Steam 순위표|가족 공유,싱글 플레이어,14,2024년 5월 28일,RedCandleGames,RedCandleGames,https://shared.akamai.steamstatic.com/store_item_assets/steam/apps/1809540/header.jpg?t=1782464830,는 도교적 요소가 가미된 타오 펑크(Tao-punk)와 상고 신화를 결합한 2D 액션 플랫포머 게임입니다. 핸드 드로잉 방식으로 표현된 독특한 타오 펑크 세계를 배경으로 패링 메커니즘이 돋보이는 스피디하고 호쾌한 전투가 펼쳐집니다.
8870,바이오쇼크 인피니트: 컴플리트 에디션,False,32000,8000,75,8,매우 긍정적,145498,0.9347,액션,싱글 플레이어|Steam 도전 과제|컨트롤러 완벽 지원|Steam 트레이딩 카드|Steam Cloud|Remote Play 태블릿|Remote Play TV|가족 공유,싱글 플레이어,11,2013년 3월 25일,Irrational Games|Virtual Programming (Linux),2K,https://shared.akamai.steamstatic.com/store_item_assets/steam/apps/8870/header.jpg?t=1728673518,"Indebted to the wrong people, with his life on the line, veteran of the U.S. Cavalry and now hired gun, Booker DeWitt has only one opportunity to wipe his slate clean. He must rescue Elizabeth, a mysterious girl imprisoned since childhood and locked up in the flying city of Columbia."
4304930,Chef Knight,False,6550,5240,20,8,매우 긍정적,2368,0.9481,액션|캐주얼|인디|시뮬레이션|전략,싱글 플레이어|Steam 도전 과제|컨트롤러 완벽 지원|카메라 움직임 조정|음량 개별 조절|키보드 전용 옵션|마우스 전용 옵션|퀵타임 이벤트 없이 플레이 가능|DUALSHOCK 컨트롤러 지원|DUALSHOCK 컨트롤러 지원|DualSense 컨트롤러 지원|DualSense 컨트롤러 지원|Steam Cloud|가족 공유,싱글 플레이어,8,2026년 6월 1일,Clover Bite,Clover Bite,https://shared.akamai.steamstatic.com/store_item_assets/steam/apps/4304930/ef9c3c89192e4413d6af84deb45289fc887f003f/header.jpg?t=1787668706,이 아늑한 판타지 증분형 게임에서 사냥한 몬스터를 요리해 보세요. 몬스터를 처치하고 맛있는 음식으로 만들어 던전에서 나만의 음식 사업을 키워나가세요!
2524890,Pixel Gun 3D: PC Edition,True,0,0,0,5,복합적,46596,0.6731,액션|어드벤처|대규모 멀티플레이어|무료 플레이,싱글 플레이어|멀티플레이어|PvP|온라인 PvP|협동|온라인 협동|크로스 플랫폼 멀티플레이어|컨트롤러 완벽 지원|앱 내 구매|DUALSHOCK 컨트롤러 지원|DUALSHOCK 컨트롤러 지원|DualSense 컨트롤러 지원|DualSense 컨트롤러 지원|가족 공유,싱글 플레이어|멀티플레이어|협동|온라인 협동|PvP,11,2024년 4월 2일,Cubic Games Studio,Cubic Games Studio,https://shared.akamai.steamstatic.com/store_item_assets/steam/apps/2524890/7230af207a5a3d4107d4969ac66fd2093dd6dfdf/header.jpg?t=1777458644,"전설적인 모바일 멀티플레이어 FPS 게임, Pixel Gun 3D가 PC로 출시됩니다! 다채로운 블록의 세계에서 펼쳐지는 액션을 탁월한 환경에서 경험해 보세요. 수십 가지의 게임 모드, 맵, 1,500개 이상의 총이 함께하는 것은 물론, 여러 플랫폼에서 멀티플레이어 게임과 스토리를 진행할 수 있습니다."
883710,BIOHAZARD RE:2,False,49800,49800,0,9,압도적으로 긍정적,221617,0.9705,액션,싱글 플레이어|Steam 도전 과제|컨트롤러 완벽 지원|Steam 트레이딩 카드|Steam Cloud|Remote Play 태블릿|Remote Play TV|HDR 사용 가능|가족 공유,싱글 플레이어,15,2019년 1월 24일,"CAPCOM Co., Ltd.","CAPCOM Co., Ltd.",https://shared.akamai.steamstatic.com/store_item_assets/steam/apps/883710/header_koreana.jpg?t=1779433152,"모든 것이 플레이어의 상상을 뛰어 넘는다. 1998년 9월 라쿤시티를 덮친 생물재해. 좀비가 생자를 찢는 지옥으로부터 돌아온다. 이 궁지, 공포, 퀄리티. 누구도 본적없는 바이오하자드, 『BIOHAZARD RE:2』 시리즈 굴지의 걸작, 그 재탄생을 목격한다. 이 참극에 삼켜지지 마라."
2132850,Rabbit and Steel,False,16500,16500,0,9,압도적으로 긍정적,11514,0.9704,액션|어드벤처|인디|RPG,싱글 플레이어|멀티플레이어|협동|온라인 협동|스크린 공유 및 분할 협동|공유 및 분할 화면|Steam 도전 과제|컨트롤러 완벽 지원|DUALSHOCK 컨트롤러 지원|DUALSHOCK 컨트롤러 지원|DualSense 컨트롤러 지원|DualSense 컨트롤러 지원|Steam Cloud|Remote Play Together|가족 공유,싱글 플레이어|멀티플레이어|협동|온라인 협동,6,2024년 5월 9일,mino_dev,mino_dev,https://shared.akamai.steamstatic.com/store_item_assets/steam/apps/2132850/header.jpg?t=1771398437,"RABBIT & STEEL(래빗 앤 스틸)은 MMO 레이드 배틀의 요소를 단순화하고 랜덤 요소를 추가하여 토끼 사이즈의 패키지로 재구축한, co-op 로그라이크 액션 게임입니다. 자신의 클래스를 선택하고 토끼 귀 동료들을 모아 달빛 첨탑으로 향하세요!"
2076010,UNDER NIGHT IN-BIRTH II Sys:Celes,False,69800,69800,0,8,매우 긍정적,2636,0.8725,액션,싱글 플레이어|멀티플레이어|PvP|온라인 PvP|스크린 공유 및 분할 PvP|공유 및 분할 화면|Steam 도전 과제|컨트롤러 완벽 지원|게임패드 권장|DUALSHOCK 컨트롤러 지원|Steam Cloud|Steam 순위표|가족 공유,싱글 플레이어|멀티플레이어|PvP,9,2024년 1월 24일,FRENCH-BREAD|Arc System Works,Arc System Works,https://shared.akamai.steamstatic.com/store_item_assets/steam/apps/2076010/header.jpg?t=1774515169,"정통파 근대 소설 감각 2D 대전 액션 『언더 나이트 인버스』시리즈 최초의 넘버링 타이틀이 등장! 그래픽과 시스템도 더욱 세련되어지고『허무의 밤』이야기는 마침내 결말이 난다. 상쾌한 연속기와 스릴 넘치는 공방, 심오한 힘겨루기를 마음껏 맛보자!"
2806050,Halo: Campaign Evolved,False,69800,69800,0,5,복합적,13211,0.6188,액션|어드벤처,싱글 플레이어|멀티플레이어|협동|온라인 협동|Steam 도전 과제|컨트롤러 완벽 지원|텍스트 크기 조정|카메라 움직임 조정|음성 채팅 텍스트 변환|텍스트 채팅 음성 변환|색상 대체|#category_contrast_controls|음량 개별 조절|난이도 조정|게임 메뉴 음성 안내|#category_playable_at_your_own_pace|퀵타임 이벤트 없이 플레이 가능|DUALSHOCK 컨트롤러 지원|DUALSHOCK 컨트롤러 지원|DualSense 컨트롤러 지원|DualSense 컨트롤러 지원|스테레오 사운드|자막 옵션|서라운드 사운드|가족 공유,싱글 플레이어|멀티플레이어|협동|온라인 협동,13,2026년 7월 28일,Halo Studios,Xbox Game Studios,https://shared.akamai.steamstatic.com/store_item_assets/steam/apps/2806050/30d8542d35d7919b34e5f5dbe955d04c3f99e6da/header.jpg?t=1786379031,전설의 시작을 함께하세요.
629730,Blade and Sorcery,False,31000,31000,0,9,압도적으로 긍정적,62057,0.965,액션|어드벤처|인디|RPG|시뮬레이션,싱글 플레이어|Steam 도전 과제|추적되는 컨트롤러 지원|VR 전용|가족 공유,싱글 플레이어,10,2024년 6월 17일,WarpFrog,WarpFrog,https://shared.akamai.steamstatic.com/store_item_assets/steam/apps/629730/header.jpg?t=1765901841,"《Blade & Sorcery》는 VR 전용으로 제작된 중세 판타지 게임으로, 물리 기반의 근접, 원거리, 마법 전투를 완벽하게 구현했습니다. 강력한 전사, 레인저 또는 마법사가 되어 적들을 쓸어버리세요."
1274570,DEVOUR,False,11000,11000,0,8,매우 긍정적,88084,0.9048,인디,싱글 플레이어|멀티플레이어|협동|온라인 협동|Steam 도전 과제|컨트롤러 완벽 지원|추적되는 컨트롤러 지원|VR 지원|Steam 트레이딩 카드|DUALSHOCK 컨트롤러 지원|DUALSHOCK 컨트롤러 지원|DualSense 컨트롤러 지원|DualSense 컨트롤러 지원|Steam Cloud|가족 공유,싱글 플레이어|멀티플레이어|협동|온라인 협동,23,2021년 1월 28일,Straight Back Games,Straight Back Games,https://shared.akamai.steamstatic.com/store_item_assets/steam/apps/1274570/bb90f9fa36e4c35a5f28cdc38cf75b3eb5c39032/header.jpg?t=1765533474,"디바우어(DEVOUR)는 1~4명의 플레이어를 위한 협동 공포 서바이벌 게임입니다. 홀린 숭배자들이 당신을 지옥으로 끌고 가는 것을 멈추세요. 뛰세요. 소리 질르세요. 숨으세요. 단지, 잡히지만 마세요."
2820820,자인언트 슬레이어: 저승의 물결,False,16500,16500,0,8,매우 긍정적,7733,0.8249,액션|인디|RPG,싱글 플레이어|멀티플레이어|협동|스크린 공유 및 분할 협동|공유 및 분할 화면|Steam 도전 과제|컨트롤러 완벽 지원|Steam 트레이딩 카드|Steam Cloud|Remote Play Together|가족 공유,싱글 플레이어|멀티플레이어|협동,12,2025년 9월 3일,Games Farm|ARTillery,Grindstone,https://shared.akamai.steamstatic.com/store_item_assets/steam/apps/2820820/header_koreana.jpg?t=1784209296,"《자인언트 슬레이어: 저승의 물결》에서 당신은 밀물처럼 몰려드는 적과 마주하며, 끊임없는 전투를 통해 자신을 단련하고 신들의 축복을 받을 것이다. 인간의 한계를 넘어 거인을 상대로 싸우는 불멸의 전사가 되어 굴복하지 않는 지하 세계에서 당신만의 찬란한 전설을 써 내려가라!"
2479810,그레이 존 워페어,False,48000,48000,0,6,대체로 긍정적,78580,0.7235,액션|대규모 멀티플레이어|시뮬레이션|앞서 해보기,멀티플레이어|MMO|PvP|온라인 PvP|협동|온라인 협동|색상 대체|음량 개별 조절|퀵타임 이벤트 없이 플레이 가능|스테레오 사운드|서라운드 사운드,멀티플레이어|협동|온라인 협동|PvP,12,2024년 4월 30일,"MADFINGER Games, a.s.","MADFINGER Games, a.s.",https://shared.akamai.steamstatic.com/store_item_assets/steam/apps/2479810/a691cc308079e07b89b70370e5dc843515c2389a/header_koreana.jpg?t=1787212145,"격리된 동남아의 섬에서 펼쳐지는 이 PvE 중심의 하이리스크 오픈월드 전술 슈팅 게임에 뛰어드세요. 세력 간 전쟁으로 갈가리 찢긴 섬에 투입된 정예 요원으로서 솔로로 또는 분대와 함께 임무를 수행하고, 평판을 쌓고, 분쟁에 불을 지핀 사건의 진실을 추적하게 됩니다."
4178200,V.A.U.L.T. PROTOCOL,False,11000,8800,20,7,긍정적,28,0.9286,액션|어드벤처|인디|앞서 해보기,멀티플레이어|협동|온라인 협동|Steam 도전 과제|음량 개별 조절|#category_playable_at_your_own_pace|퀵타임 이벤트 없이 플레이 가능|스테레오 사운드|Steam Cloud|통계|Steam 순위표|가족 공유,멀티플레이어|협동|온라인 협동,17,2026년 8월 21일,Ignus Nex Entertainment,Kiki Games,https://shared.akamai.steamstatic.com/store_item_assets/steam/apps/4178200/5dc6b422aebcabd70258d112c3b1b33c9f11f707/header.jpg?t=1787505956,완벽한 AI KUT-ANA를 만족시키기 위해 핵 황무지에서 귀중한 유물을 약탈하는 6인 협동 공포 게임. 치명적인 이상 현상에서 살아남고 재활용되기 전에 탈출하세요.
2273430,BlazBlue Entropy Effect,False,21500,21500,0,8,매우 긍정적,36281,0.943,액션|어드벤처|인디,싱글 플레이어|멀티플레이어|협동|온라인 협동|LAN 협동|스크린 공유 및 분할 협동|공유 및 분할 화면|Steam 도전 과제|컨트롤러 완벽 지원|DUALSHOCK 컨트롤러 지원|DUALSHOCK 컨트롤러 지원|DualSense 컨트롤러 지원|DualSense 컨트롤러 지원|Steam Cloud|가족 공유,싱글 플레이어|멀티플레이어|협동|온라인 협동,10,2024년 2월 14일,91Act,91Act|Astrolabe Games,https://shared.akamai.steamstatic.com/store_item_assets/steam/apps/2273430/6437d0284a32177e56b910ced698d4c64ba9786b/header_alt_assets_3.jpg?t=1786597631,"미려한 액션, 짜릿한 배틀 연출, 그리고 호쾌하게 작렬하는 다채로운 콤보! 본 작품은 여러 개성 넘치는 플레이어블 캐릭터에 다수의 능력을 조합해 성장시키는 로그라이트 게임입니다. 특징적인 액션 메커니즘과 로그가 융합되어, 매 플레이마다 새로운 액션을 선사합니다."
692890,Roboquest,False,30000,30000,0,9,압도적으로 긍정적,24349,0.9526,액션|인디,싱글 플레이어|멀티플레이어|협동|온라인 협동|크로스 플랫폼 멀티플레이어|Steam 도전 과제|컨트롤러 완벽 지원|Steam 트레이딩 카드|카메라 움직임 조정|음량 개별 조절|난이도 조정|DUALSHOCK 컨트롤러 지원|DualSense 컨트롤러 지원|스테레오 사운드|Steam Cloud|가족 공유,싱글 플레이어|멀티플레이어|협동|온라인 협동,16,2023년 11월 7일,RyseUp Studios,RyseUp Studios,https://shared.akamai.steamstatic.com/store_item_assets/steam/apps/692890/6a58a633941af70c3813702c55fa23d11b964d7d/header.jpg?t=1780581844,"로보퀘스트는 멸망한 미래 세계의 빠른 FPS 로그라이트입니다. 당신은 재부팅된 수호자로, 강철 궁둥짝을 걷어 찰 준비를 하세요! 혼자서 혹은 친구와 함께 맞서거나 끊임없이 변화하는 환경에서 치명적인 로봇 군단을 섬멸하세요."
597170,Clone Drone in the Danger Zone,False,20500,7170,65,9,압도적으로 긍정적,39363,0.9614,액션|인디,싱글 플레이어|멀티플레이어|PvP|온라인 PvP|협동|온라인 협동|크로스 플랫폼 멀티플레이어|Steam 도전 과제|컨트롤러 완벽 지원|캡션 이용 가능|Steam 창작마당|앱 내 구매|Steam Cloud|레벨 에디터 포함|가족 공유,싱글 플레이어|멀티플레이어|협동|온라인 협동|PvP,12,2021년 7월 27일,Doborog Games,Doborog Games,https://shared.akamai.steamstatic.com/store_item_assets/steam/apps/597170/header_koreana.jpg?t=1784069375,Clone Drone in the Danger Zone은 몸이 잘려 나가 사방에 나뒹구는 3인칭 칼싸움 게임입니다. 정신만 다운로드되어 로봇 검투사의 몸 속에서 부활한 당신은 아레나에서 펼쳐지는 비열한 시련 속에서 살아남아야 합니다.
2996040,돌연변이특공대 닌자거북이: 스플린터의 운명,False,32300,8070,75,8,매우 긍정적,4506,0.8344,액션|어드벤처|인디|RPG|전략,싱글 플레이어|멀티플레이어|협동|온라인 협동|스크린 공유 및 분할 협동|공유 및 분할 화면|크로스 플랫폼 멀티플레이어|Steam 도전 과제|컨트롤러 완벽 지원|DUALSHOCK 컨트롤러 지원|DUALSHOCK 컨트롤러 지원|DualSense 컨트롤러 지원|DualSense 컨트롤러 지원|Steam Cloud|Remote Play Together|가족 공유,싱글 플레이어|멀티플레이어|협동|온라인 협동,15,2024년 11월 6일,Super Evil Megacorp,Super Evil Megacorp,https://shared.akamai.steamstatic.com/store_item_assets/steam/apps/2996040/48e678fbc3b8566617e30191c79e9a784fd2215a/header.jpg?t=1787075767,"로그라이크 액션 게임에서 닌자 거북이와 함께 풋 클랜으로부터 스플린터를 구출하세요! 닌자 기술을 마스터하고, 협동 게임플레이에서 힘을 합치고, 다양한 뉴욕의 명소에서 적들을 제압하세요."
2961880,슈퍼마켓 시뮬레이터,False,16500,16500,0,8,매우 긍정적,6174,0.9075,액션|캐주얼|인디|시뮬레이션|전략,싱글 플레이어|멀티플레이어|협동|온라인 협동|Steam 도전 과제|색상 대체|음량 개별 조절|#category_playable_at_your_own_pace|퀵타임 이벤트 없이 플레이 가능|수시 저장|스테레오 사운드|가족 공유,싱글 플레이어|멀티플레이어|협동|온라인 협동,15,2024년 11월 21일,EXPERIMENT ONE,EXPERIMENT ONE,https://shared.akamai.steamstatic.com/store_item_assets/steam/apps/2961880/header.jpg?t=1783883017,"Grocery Store Simulator는 1~4인용 협동 게임으로, 직접 슈퍼마켓을 운영합니다. 진열대를 채우고, 가격을 설정하며, 직원을 고용하고, 매장을 꾸며가며 고객 만족을 유지하고 사업을 확장하세요."
268910,Cuphead,False,21000,21000,0,9,압도적으로 긍정적,220328,0.9615,액션|인디,싱글 플레이어|멀티플레이어|협동|스크린 공유 및 분할 협동|공유 및 분할 화면|Steam 도전 과제|컨트롤러 완벽 지원|Steam 트레이딩 카드|Steam Cloud|Remote Play 휴대전화|Remote Play 태블릿|Remote Play TV|Remote Play Together|가족 공유,싱글 플레이어|멀티플레이어|협동,12,2017년 9월 29일,Studio MDHR Entertainment Inc.,Studio MDHR Entertainment Inc.,https://shared.akamai.steamstatic.com/store_item_assets/steam/apps/268910/header.jpg?t=1709068852,"Cuphead는 보스전에 무게를 둔 정통파 횡 스크롤 액션 게임입니다. 1930년대 카툰풍 애니메이션에서 영감을 얻은 본 작품의 그래픽과 사운드 등은 수작업 셀 애니메이션, 수채화 배경, 독자적인 재즈 레코딩을 비롯한 당시 기술을 그대로 활용하여 꼼꼼하게 빚어냈습니다."
801800,Atomfall,False,53000,21200,60,6,대체로 긍정적,5723,0.7751,액션|어드벤처,싱글 플레이어|Steam 도전 과제|컨트롤러 완벽 지원|Steam 트레이딩 카드|앱 내 구매|텍스트 크기 조정|카메라 움직임 조정|색상 대체|난이도 조정|키보드 전용 옵션|퀵타임 이벤트 없이 플레이 가능|수시 저장|스테레오 사운드|자막 옵션|서라운드 사운드|Steam Cloud|HDR 사용 가능|가족 공유,싱글 플레이어,12,2025년 3월 27일,Rebellion,Rebellion,https://shared.akamai.steamstatic.com/store_item_assets/steam/apps/801800/header.jpg?t=1776701587,"실제 사건으로부터 영감을 받아 탄생한 생존 액션 게임, Atomfall의 이야기는 영국 북부 지역의 대규모 핵 참사가 발생한 지 5년 후부터 시작됩니다."
228200,Company of Heroes,False,16100,16100,0,8,매우 긍정적,18706,0.9424,액션|전략,싱글 플레이어|멀티플레이어|Steam 트레이딩 카드|Steam 창작마당|Steam Cloud|가족 공유,싱글 플레이어|멀티플레이어,11,2006년 9월 11일,Relic Entertainment,Relic Entertainment,https://shared.akamai.steamstatic.com/store_item_assets/steam/apps/228200/header.jpg?t=1777996337,"실감 나는 제2차 세계 대전 게임인 Company of Heroes는 영웅적인 병사의 희생과 전쟁으로 파괴된 지역 그리고 역동적인 전장에 생명을 불어넣은 차세대 실시간 전략 게임입니다. 추가 사용자 리뷰는 ""Company of Heroes - 레거시 에디션"" 페이지에서 확인하십시오."
627270,Injustice™ 2,False,55900,55900,0,8,매우 긍정적,24507,0.8626,액션,싱글 플레이어|멀티플레이어|PvP|온라인 PvP|스크린 공유 및 분할 PvP|Steam 도전 과제|컨트롤러 완벽 지원|Steam 트레이딩 카드|앱 내 구매|Steam Cloud|Remote Play 휴대전화|Remote Play 태블릿|Remote Play TV|Remote Play Together|HDR 사용 가능|가족 공유,싱글 플레이어|멀티플레이어|PvP,9,2017년 11월 30일,NetherRealm Studios|QLOC,WB Games,https://shared.akamai.steamstatic.com/store_item_assets/steam/apps/627270/header.jpg?t=1745536404,"INJUSTICE 2에서 좋아하는 전설적인 DC 영웅들을 궁극의 버전으로 만들고 강화해보세요. 이것이 당신의 전설이자, 여정이자, 인저스티스입니다."
1545560,Shadow Gambit: The Cursed Crew 섀도우 갬빗,False,39900,9970,75,8,매우 긍정적,6532,0.9107,RPG|전략,싱글 플레이어|Steam 도전 과제|컨트롤러 완벽 지원|Steam 트레이딩 카드|텍스트 크기 조정|카메라 움직임 조정|색상 대체|음량 개별 조절|난이도 조정|DUALSHOCK 컨트롤러 지원|DualSense 컨트롤러 지원|수시 저장|스테레오 사운드|자막 옵션|Steam Cloud|가족 공유,싱글 플레이어,13,2023년 8월 17일,Mimimi Games,Hooded Horse|Mimimi Games,https://shared.akamai.steamstatic.com/store_item_assets/steam/apps/1545560/097f78b0b28fcea0beabe76d765b19e88f6a3346/header_koreana.jpg?t=1787907814,"이 비선형 스텔스 전략 게임에서 선원을 모아 악명 높은 유령선을 타고 항해하여 이단 심문관 세력에 몰래 잠입하고, 칼을 휘두르고, 마법을 사용하여 길을 찾으세요. 항로를 정하고, 놀라운 능력을 개발하고, 색다른 전술을 사용하여 강력한 해적의 유물을 찾으세요!"
4078430,스타워즈: 은하계 레이서™,False,64500,64500,0,0,사용자 평가 없음,0,0.0,액션|어드벤처|레이싱|스포츠,싱글 플레이어|멀티플레이어|PvP|온라인 PvP|크로스 플랫폼 멀티플레이어|컨트롤러 완벽 지원|텍스트 크기 조정|카메라 움직임 조정|음량 개별 조절|난이도 조정|게임패드 권장|게임 메뉴 음성 안내|DUALSHOCK 컨트롤러 지원|DUALSHOCK 컨트롤러 지원|DualSense 컨트롤러 지원|DualSense 컨트롤러 지원|스테레오 사운드|자막 옵션|서라운드 사운드|가족 공유,싱글 플레이어|멀티플레이어|PvP,14,2026년 10월 6일,Fuse Games,Secret Mode,https://shared.akamai.steamstatic.com/store_item_assets/steam/apps/4078430/1baff812cfb8de999b7569197d2435f24fec5534/header_koreana.jpg?t=1785854640,"스타워즈: 은하계 레이서™는 무법 지대 아우터 림에서 탄생한, 런 기반의 고위험 레이싱 게임입니다. 제국이 무너지고 은하계가 재건되면서, 갤럭틱 리그가 탄생했습니다. 갤럭틱 리그는 조직들이 자금을 모아 혼란에 빠지고 챔피언을 육성하는, 비공인 지하 서킷입니다."
3117820,Sultan's Game,False,27000,21600,20,8,매우 긍정적,34991,0.9382,어드벤처|인디|RPG|시뮬레이션|전략,싱글 플레이어|Steam 도전 과제|컨트롤러 완벽 지원|Steam 트레이딩 카드|Steam 창작마당|DUALSHOCK 컨트롤러 지원|DUALSHOCK 컨트롤러 지원|DualSense 컨트롤러 지원|DualSense 컨트롤러 지원|Steam Input API 지원|Steam Cloud|가족 공유,싱글 플레이어,4,2025년 3월 30일,Double Cross,2P Games,https://shared.akamai.steamstatic.com/store_item_assets/steam/apps/3117820/header.jpg?t=1786698605,"Survive a mad Sultan's reign in this brutal resource management RPG. Draw a card every seven days and complete its challenge. Make dreadful choices to stay alive: will you die a loyal servant, become a kingslayer, or call down the gods' judgement?"
625960,Stoneshard,False,24000,24000,0,6,대체로 긍정적,35502,0.7464,어드벤처|인디|RPG|전략|앞서 해보기,싱글 플레이어|Steam 도전 과제|캡션 이용 가능|Steam Cloud|Remote Play 휴대전화|Remote Play 태블릿|가족 공유,싱글 플레이어,14,2020년 2월 6일,Ink Stains Games,HypeTrain Digital,https://shared.akamai.steamstatic.com/store_item_assets/steam/apps/625960/25aa7037cf8dd1df245fa189b69b03eaed5fd135/header.jpg?t=1785841359,"Stoneshard is a hardcore turn-based RPG about the harsh life of a medieval mercenary: travel with your own caravan, descend into procedurally generated dungeons, learn new skills, survive hunger and injuries - and remember, every mistake can mean death and loss of progress."
1207650,Suzerain,False,21500,6450,70,8,매우 긍정적,11801,0.9244,어드벤처|인디|RPG,싱글 플레이어|Steam 도전 과제|컨트롤러 완벽 지원|DUALSHOCK 컨트롤러 지원|DUALSHOCK 컨트롤러 지원|DualSense 컨트롤러 지원|DualSense 컨트롤러 지원|Steam Cloud|가족 공유,싱글 플레이어,1,2020년 12월 4일,Torpor Games,Torpor Games,https://shared.akamai.steamstatic.com/store_item_assets/steam/apps/1207650/header.jpg?t=1784215753,"Assume the role of President Anton Rayne and guide the nation of Sordland. Amidst brewing international conflicts, need for reform, deep-seated corruption, and economic recession, you must make the decisions in this political drama. How will you lead?"
1594940,숲속의 작은 마녀,False,21500,21500,0,8,매우 긍정적,13092,0.8908,어드벤처|캐주얼|인디|RPG|시뮬레이션,싱글 플레이어|Steam 도전 과제|컨트롤러 완벽 지원|DUALSHOCK 컨트롤러 지원|DUALSHOCK 컨트롤러 지원|DualSense 컨트롤러 지원|DualSense 컨트롤러 지원|Steam Cloud|통계|가족 공유,싱글 플레이어,5,2025년 9월 14일,SUNNY SIDE UP,SUNNY SIDE UP,https://shared.akamai.steamstatic.com/store_item_assets/steam/apps/1594940/cdaec3842335106c3d5dfe91997e2465b239f2f4/header.jpg?t=1787118371,"숲속의 작은 마녀는, 귀여운 마녀 엘리의 견습 생활을 다룹니다. 신비로운 숲속을 탐험하고, 매력적인 주민들을 도우며 마녀의 일상을 체험해보세요."
1584090,동방야작식당 -Touhou Mystia's Izakaya,False,8280,6620,20,9,압도적으로 긍정적,32683,0.9856,캐주얼|인디|RPG|시뮬레이션,싱글 플레이어|Steam 도전 과제|컨트롤러 완벽 지원|Steam 트레이딩 카드|Steam Cloud|가족 공유,싱글 플레이어,5,2021년 10월 1일,二色幽紫蝶|Re零同人社,二色幽紫蝶|Re零同人社,https://shared.akamai.steamstatic.com/store_item_assets/steam/apps/1584090/header.jpg?t=1769899942,"작은 요스즈메 요괴 미스티아 로렐라이의 꿈을 좇아환상향에서 가장 인기있는 음식점을 운영해 봅시다!매일매일 열심히 요리를 연구하고,돈을 모으고… 어느 날 갑자기 무시무시한 손님이 찾아와 꿈을 무너트리고빚더미에 오르기도 하는… 인간미 넘치는 환상향의 포장마차 경영 이야기입니다."
1476970,IdleOn - 더 아이들 MMO,True,0,0,0,6,대체로 긍정적,29622,0.7737,어드벤처|캐주얼|인디|대규모 멀티플레이어|RPG|시뮬레이션|전략|무료 플레이,싱글 플레이어|멀티플레이어|MMO|협동|온라인 협동|크로스 플랫폼 멀티플레이어|Steam 도전 과제|앱 내 구매|가족 공유,싱글 플레이어|멀티플레이어|협동|온라인 협동,6,2025년 11월 6일,Lavaflame2,Lavaflame2,https://shared.akamai.steamstatic.com/store_item_assets/steam/apps/1476970/header_koreana.jpg?t=1783034427,"여러분이 떠나도 캐릭터들이 계속해 일하는 유일한 RPG! 캐릭터들을 유니크한 클래스와 스킬 트리로 육성하고, 루팅한 아이템들로 더욱 강화시키세요! 월드 보스를 무찌르면 새 게임플레이 요소가 잠금 해제됩니다 -- IdleOn 플레이할 수록 더욱 다층적으로 변합니다!!"
435150,Divinity: Original Sin 2 - Definitive Edition,False,54000,54000,0,9,압도적으로 긍정적,205568,0.9565,어드벤처|RPG|전략,싱글 플레이어|멀티플레이어|PvP|온라인 PvP|스크린 공유 및 분할 PvP|협동|온라인 협동|스크린 공유 및 분할 협동|공유 및 분할 화면|Steam 도전 과제|컨트롤러 완벽 지원|Steam 트레이딩 카드|캡션 이용 가능|Steam 창작마당|Steam Cloud|레벨 에디터 포함|Remote Play 태블릿|Remote Play TV|Remote Play Together|가족 공유,싱글 플레이어|멀티플레이어|협동|온라인 협동|PvP,13,2017년 9월 14일,Larian Studios,Larian Studios,https://shared.akamai.steamstatic.com/store_item_assets/steam/apps/435150/3f6ee788cb01bd65097c52399d536eb424b4876f/header.jpg?t=1765811123,"The critically acclaimed RPG that raised the bar, from the creators of Baldur's Gate 3. Gather your party. Master deep, tactical combat. Venture as a party of up to four - but know that only one of you will have the chance to become a God."
233860,Kenshi,False,31000,12400,60,9,압도적으로 긍정적,116035,0.9559,액션|인디|RPG|시뮬레이션|전략,싱글 플레이어|Steam 트레이딩 카드|Steam 창작마당|레벨 에디터 포함|가족 공유,싱글 플레이어,9,2018년 12월 6일,Lo-Fi Games,Lo-Fi Games,https://shared.akamai.steamstatic.com/store_item_assets/steam/apps/233860/fa72ac8a032fd876780cd5b554e4c03b4976ef74/header.jpg?t=1779293333,"자유롭게 돌아다니는 분대 기반의 RPG. 스토리를 따라가는 대신 제한 없는 샌드박스식 게임플레이에 중점을 두었습니다. 무역상, 도둑, 반란군, 전쟁 군주, 모험가, 농부, 노예 등 다양한 삶을 체험할 수 있습니다. 운이 나쁘면 식인종의 먹잇감으로 전락할지도 모르죠. 새로운 장비를 연구하거나 제작해 보세요."
780290,Gloomhaven,False,36900,36900,0,8,매우 긍정적,16088,0.8196,어드벤처|RPG|전략,싱글 플레이어|멀티플레이어|협동|온라인 협동|컨트롤러 완벽 지원|Steam 트레이딩 카드|Steam 창작마당|Steam Cloud|레벨 에디터 포함|가족 공유,싱글 플레이어|멀티플레이어|협동|온라인 협동,5,2021년 10월 20일,Flaming Fowl Studios|Saber Interactive,Twin Sails Interactive,https://shared.akamai.steamstatic.com/store_item_assets/steam/apps/780290/header.jpg?t=1786706403,"Lead your band of mercenaries in the land of Gloomhaven, work with unsavoury individuals, shape the fate of the region, fight your way through horrific places and get rich or die trying in this ruthless Tactical-RPG."
2135150,Elin,False,26500,26500,0,8,매우 긍정적,9144,0.9334,인디|RPG|시뮬레이션|전략|앞서 해보기,싱글 플레이어|Steam 도전 과제|Steam 창작마당|Steam Cloud|가족 공유,싱글 플레이어,3,2024년 11월 1일,Lafrontier,Lafrontier,https://shared.akamai.steamstatic.com/store_item_assets/steam/apps/2135150/header.jpg?t=1777704696,"Successor to the roguelike RPG ""Elona"". Adventure, survival, crafting, home-building, myths passed down, and stories of humans and Elea spun. What scars will you leave on the land of Ylva?"
3393070,괴수 8호 THE GAME,True,0,0,0,5,복합적,1208,0.6738,RPG|무료 플레이,싱글 플레이어|앱 내 구매|가족 공유,싱글 플레이어,6,2025년 9월 30일,Akatsuki Games Inc.,Akatsuki Games Inc.,https://shared.akamai.steamstatic.com/store_item_assets/steam/apps/3393070/7d802919bd6a6349daa76462c2e671c9c51453b4/header_koreana.jpg?t=1764040502,"거대한 괴수에게 역전의 한 방을 날려라! 심플한 조작으로 즐기는 시원한 일격. 압도적인 그래픽으로 재현된 ""괴수 8호""의 세계를 체험해 보세요."
2238470,Grimshire,False,16500,13200,20,9,압도적으로 긍정적,3368,0.9774,인디|RPG|시뮬레이션|앞서 해보기,싱글 플레이어|Steam 도전 과제|음량 개별 조절|난이도 조정|퀵타임 이벤트 없이 플레이 가능|DUALSHOCK 컨트롤러 지원|DUALSHOCK 컨트롤러 지원|DualSense 컨트롤러 지원|DualSense 컨트롤러 지원|수시 저장|컨트롤러 일부 지원|Steam Cloud|가족 공유,싱글 플레이어,5,2025년 7월 22일,Acute Owl Studio,Acute Owl Studio,https://shared.akamai.steamstatic.com/store_item_assets/steam/apps/2238470/header.jpg?t=1784731982,"치명적인 역병이 그림샤이어 마을을 위협하고 있습니다. 농장을 관리하고, 야생의 풍요로운 자원을 채집하세요. 수확물이 썩지 않게 보관하며 지하 저장고를 든든히 채워야 합니다. 당신은 마을을 하나로 모아 이 위기에서 살아남을 수 있을까요?"
2289750,Super Fantasy Kingdom 슈퍼 판타지 킹덤,False,19900,9950,50,8,매우 긍정적,5937,0.8679,RPG|시뮬레이션|전략|앞서 해보기,싱글 플레이어|Steam 도전 과제|컨트롤러 완벽 지원|Steam 트레이딩 카드|Steam 창작마당|DUALSHOCK 컨트롤러 지원|DUALSHOCK 컨트롤러 지원|DualSense 컨트롤러 지원|DualSense 컨트롤러 지원|Steam Cloud|Steam 순위표|가족 공유,싱글 플레이어,18,2025년 10월 24일,Super Fantasy Games,Hooded Horse,https://shared.akamai.steamstatic.com/store_item_assets/steam/apps/2289750/a86bc9a4e437e1d7ae32a01dc7c677a56f42d3cd/header_koreana.jpg?t=1787906593,왕국을 재건하고 활기찬 판타지 세계를 탐험할 수 있는 로그라이트 도시 건설 게임입니다 . 수확하고 건설하고 채굴하고 요리하고 양조하고 재배하며 여러분만의 수비대로 몬스터 군단을 물리치세요. 하지만 방어에 실패하면 왕국 전체가 불타는 모습을 볼 각오를 해야 할 것입니다!
2385530,PGA TOUR 2K25,False,48890,22000,55,5,복합적,4756,0.692,RPG|시뮬레이션|스포츠,싱글 플레이어|멀티플레이어|PvP|온라인 PvP|스크린 공유 및 분할 PvP|협동|온라인 협동|공유 및 분할 화면|Steam 도전 과제|컨트롤러 완벽 지원|앱 내 구매|DUALSHOCK 컨트롤러 지원|DUALSHOCK 컨트롤러 지원|DualSense 컨트롤러 지원|DualSense 컨트롤러 지원|HDR 사용 가능|가족 공유,싱글 플레이어|멀티플레이어|협동|온라인 협동|PvP,9,2025년 2월 27일,HB Studios,2K,https://shared.akamai.steamstatic.com/store_item_assets/steam/apps/2385530/header.jpg?t=1783526355,"PGA TOUR 2K25에서 골프의 영광을 향해 최고의 샷을 날리세요! 2K에서 처음 선보이는 최고의 위상을 가진 세 토너먼트에서 경쟁하세요. 더욱 방대해진 MyCAREER, MyPLAYER, 코스 디자이너 옵션으로 나만을 위한 맞춤 게임을 만들어 보세요. 랭킹, 캐주얼, 크로스 플랫폼 멀티플레이어에서 친구에게 도전하세요."
268500,XCOM® 2,False,24500,24500,0,8,매우 긍정적,109210,0.8466,전략,싱글 플레이어|Steam 도전 과제|Steam 트레이딩 카드|Steam 창작마당|Steam Cloud|Remote Play 태블릿|가족 공유,싱글 플레이어,11,2016년 2월 4일,Firaxis Games|Feral Interactive (Mac)|Feral Interactive (Linux),2K|Feral Interactive (Mac)|Feral Interactive (Linux),https://shared.akamai.steamstatic.com/store_item_assets/steam/apps/268500/header.jpg?t=1772813016,"XCOM 2는 수상 경력이 있는 전략 게임 XCOM: Enemy Unknown의 속편입니다. 인류가 외계인 침략군에게 항복한 지 20년, 이제 지구 상에는 새로운 세계 질서가 존재합니다. 수년간을 어둠 속에서 숨어 있었던 XCOM 부대는 반드시 일어나 외계인의 지배를 무너뜨릴 것입니다."
874260,The Forgotten City,False,27000,5400,80,9,압도적으로 긍정적,13596,0.9589,어드벤처|인디|RPG,싱글 플레이어|Steam 도전 과제|컨트롤러 완벽 지원|Steam Cloud|가족 공유,싱글 플레이어,8,2021년 7월 28일,Modern Storyteller,Dear Villagers,https://shared.akamai.steamstatic.com/store_item_assets/steam/apps/874260/header.jpg?t=1769440598,"2,000년 전으로 시간 여행을 떠나, 한 사람이라도 죄를 저지르면 모두가 죽는 저주에 걸린 고대 로마 도시의 마지막 날을 경험해보세요. 타임 루프 활용, 현지인 심문, 탐험, 퍼즐 풀이로 도시의 심장부에서 놓인 미스터리를 해결해보세요. 도시의 운명은 여러분의 손에 달려 있습니다."
1562430,DREDGE,False,30000,12000,60,9,압도적으로 긍정적,56570,0.9583,어드벤처|RPG,싱글 플레이어|Steam 도전 과제|컨트롤러 완벽 지원|Steam 트레이딩 카드|카메라 움직임 조정|색상 대체|음량 개별 조절|난이도 조정|키보드 전용 옵션|스테레오 사운드|Steam Cloud|가족 공유,싱글 플레이어,12,2023년 3월 30일,Black Salt Games,Team17,https://shared.akamai.steamstatic.com/store_item_assets/steam/apps/1562430/header.jpg?t=1780479732,"DREDGE는 바닷속 사악한 암류와 함께하는 싱글 플레이 낚시 어드벤처입니다. 어획물을 판매하고, 배를 업그레이드하고, 심해 속에서 오랫동안 묻혀 있던 비밀을 건져 올리세요. 그리고 수수께끼의 군도를 탐험하고 어떤 것들은 왜 잊힌 채로 내버려 두는 게 최선인지 알아보세요."
4018950,Lost Wiki: Kozlovka,False,5600,5600,0,9,압도적으로 긍정적,1604,0.9682,인디,싱글 플레이어|가족 공유,싱글 플레이어,2,2026년 3월 20일,yattytheman,yattytheman,https://shared.akamai.steamstatic.com/store_item_assets/steam/apps/4018950/62daa88bc13e7ca41c88c65260cf04cd8747ad2a/header.jpg?t=1774011192,Explore a wikipedia-like database and solve a small town mystery in Eastern Europe. Step into the shoes of a journalist in the 90s as you sprawl through articles and uncover the secrets that have been laid in front of you.
436780,Tavern Keeper 🍻,False,32000,25600,20,8,매우 긍정적,4632,0.9415,인디|RPG|시뮬레이션|전략|앞서 해보기,싱글 플레이어|Steam 도전 과제|컨트롤러 완벽 지원|텍스트 크기 조정|카메라 움직임 조정|색상 대체|음량 개별 조절|난이도 조정|퀵타임 이벤트 없이 플레이 가능|DUALSHOCK 컨트롤러 지원|수시 저장|Steam Input API 지원|스테레오 사운드|자막 옵션|Steam Cloud|가족 공유,싱글 플레이어,15,2025년 11월 3일,Greenheart Games 💚,Greenheart Games 💚,https://shared.akamai.steamstatic.com/store_item_assets/steam/apps/436780/622d3c33fd94631d86894a8e2dd15071c02779d0/header.jpg?t=1784247254,"Game Dev Tycoon의 제작자들이 Tavern Keeper 🍻로 돌아옵니다! 인테리어를 마음대로 꾸밀 수 있는 샌드박스, 마법 이야기책 RPG를 편안하게 즐길 수 있는 혼파망 경영 시뮬레이션을 만나보세요!"
4148240,성세천하: 여제의 탄생 II,False,22000,22000,0,8,매우 긍정적,9437,0.8315,어드벤처|캐주얼|인디|RPG|시뮬레이션,싱글 플레이어|Steam 도전 과제|앱 내 구매|가족 공유,싱글 플레이어,9,2026년 6월 8일, New One Studio, New One Studio|Ariel,https://shared.akamai.steamstatic.com/store_item_assets/steam/apps/4148240/7f34882b17a2a3e8bba067f2e1a0f281c320fd23/header_koreana.jpg?t=1782996373,"왕조의 운명을 내 손으로 만들어가는 상상, 해본 적 있나요? 궁중 인터랙티브 FMV의 주인공이 되어 보세요!   시리즈의 신작  가 새롭게 출시됩니다! 운명의 굴레를 벗어나 한 걸음씩 권력의 왕좌에 다가서세요. 당신의 손에서 어떤 성세천하가 펼쳐질까요?"
2124120,SULFUR,False,24900,12450,50,8,매우 긍정적,9980,0.8741,액션|어드벤처|인디|RPG|시뮬레이션|앞서 해보기,싱글 플레이어|Steam 도전 과제|컨트롤러 완벽 지원|DUALSHOCK 컨트롤러 지원|Steam Input API 지원|Steam Cloud|가족 공유,싱글 플레이어,13,2024년 10월 28일,Perfect Random,Perfect Random,https://shared.akamai.steamstatic.com/store_item_assets/steam/apps/2124120/03b396d14a933238b49b0bfd434b59140f88435a/header.jpg?t=1786707794,SULFUR는 현대적인 올드 스쿨 액션 어드벤처 게임입니다. 적을 능가하고 보물을 찾고 무기를 강화하고 힘을 활용하세요. 더 깊이 파고들어 해답을 찾고 끝을 맺으세요.
2161700,페르소나3 리로드,False,69800,69800,0,8,매우 긍정적,62474,0.9438,어드벤처|RPG|전략,싱글 플레이어|Steam 도전 과제|컨트롤러 완벽 지원|Steam 트레이딩 카드|음량 개별 조절|난이도 조정|키보드 전용 옵션|퀵타임 이벤트 없이 플레이 가능|DUALSHOCK 컨트롤러 지원|DUALSHOCK 컨트롤러 지원|DualSense 컨트롤러 지원|DualSense 컨트롤러 지원|스테레오 사운드|서라운드 사운드|Steam Cloud|가족 공유,싱글 플레이어,13,2024년 2월 1일,ATLUS,SEGA,https://shared.akamai.steamstatic.com/store_item_assets/steam/apps/2161700/header.jpg?t=1764776430,『페르소나3』가 새롭게 단장하여 현행 최신 하드웨어에서 다시 태어난다!
646570,Slay the Spire,False,27000,27000,0,9,압도적으로 긍정적,217894,0.9748,인디|전략,싱글 플레이어|Steam 도전 과제|컨트롤러 완벽 지원|Steam 트레이딩 카드|Steam 창작마당|텍스트 크기 조정|음량 개별 조절|마우스 전용 옵션|퀵타임 이벤트 없이 플레이 가능|수시 저장|터치 전용 옵션|Steam Cloud|통계|Steam 순위표|Remote Play 휴대전화|Remote Play 태블릿|Remote Play TV|가족 공유,싱글 플레이어,17,2019년 1월 23일,Mega Crit,Mega Crit,https://shared.akamai.steamstatic.com/store_item_assets/steam/apps/646570/header.jpg?t=1774015376,"카드 게임이라는 장르와 로그라이크라는 장르를 합쳐, 저희가 만들 수 있는 최고의 싱글 플레이 덱 빌딩 게임을 만들었습니다. 독창적인 덱을 만들고, 기이한 적들과 조우하며, 엄청난 힘을 가진 유물을 발견하고, 첨탑을 정복해보세요!"
1687950,페르소나 5 더 로열,False,69800,69800,0,9,압도적으로 긍정적,138413,0.9636,RPG,싱글 플레이어|Steam 도전 과제|컨트롤러 완벽 지원|Steam 트레이딩 카드|Steam Cloud|가족 공유,싱글 플레이어,9,2022년 10월 20일,ATLUS,SEGA,https://shared.akamai.steamstatic.com/store_item_assets/steam/apps/1687950/header_koreana.jpg?t=1783356822,"빼앗아라, 그 의지로."
1488200,Symphony of War: The Nephilim Saga,False,21500,7520,65,8,매우 긍정적,14761,0.9449,어드벤처|인디|RPG|전략,싱글 플레이어|Steam 도전 과제|DUALSHOCK 컨트롤러 지원|DUALSHOCK 컨트롤러 지원|DualSense 컨트롤러 지원|DualSense 컨트롤러 지원|컨트롤러 일부 지원|Steam Cloud|가족 공유,싱글 플레이어,9,2022년 6월 10일,Dancing Dragon Games,Dancing Dragon Games,https://shared.akamai.steamstatic.com/store_item_assets/steam/apps/1488200/header_koreana.jpg?t=1786749643,전쟁으로 황폐해진 탄라 주로 가세요. 보잘것없는 시작을 뗀 새로운 아카데미 졸업생의 역할을 맡아 부패한 적들에 맞서 군단을 이끌며 성장하세요. 영웅들을 모아 유대감을 형성하고 전술적인 턴제 전투들을 승리로 이끄세요. 전장의 지형과 전우의 사기 등을 이용하여 이 땅에 평화를 가져오십시오!
1973710,헤븐 번즈 레드,True,0,0,0,5,복합적,6128,0.6046,어드벤처|RPG|무료 플레이,싱글 플레이어|Steam 도전 과제|앱 내 구매|DUALSHOCK 컨트롤러 지원|DUALSHOCK 컨트롤러 지원|DualSense 컨트롤러 지원|DualSense 컨트롤러 지원|컨트롤러 일부 지원|가족 공유,싱글 플레이어,3,2022년 8월 10일,WRIGHT FLYER STUDIOS|VisualArts/Key,WRIGHT FLYER STUDIOS,https://shared.akamai.steamstatic.com/store_item_assets/steam/apps/1973710/header_koreana.jpg?t=1777312914,"최후의 순간, 유일한 희망이 되어야만 했던 소녀들 [헤븐 번즈 레드(헤번레드)]Key 마에다 준이 전하는 마지막 희망이 된 소녀들의 이야기.필드를 누비며 체험하는 소중한 일상들과 목숨을 건 전투를 벌이는 드라마틱 RPG!"
1432860,Sun Haven,False,27000,27000,0,8,매우 긍정적,25431,0.8054,어드벤처|캐주얼|인디|RPG|시뮬레이션,싱글 플레이어|멀티플레이어|협동|온라인 협동|Steam 도전 과제|앱 내 구매|컨트롤러 일부 지원|Steam Cloud|가족 공유,싱글 플레이어|멀티플레이어|협동|온라인 협동,15,2023년 3월 10일,Pixel Sprout Studios,Pixel Sprout Studios,https://shared.akamai.steamstatic.com/store_item_assets/steam/apps/1432860/header.jpg?t=1741982676,"농장을 건설하고 마을 사람들과의 관계를 쌓거나 마법, 괴물, 드래곤의 모험을 계속하세요. 8인 멀티플레이어에서 스킬 트리를 통해 레벨 업하거나 혼자서 모험하세요!"
1876890,Wandering Sword,False,27000,27000,0,8,매우 긍정적,44970,0.9486,어드벤처|인디|RPG|전략,싱글 플레이어|Steam 도전 과제|컨트롤러 일부 지원|Steam Cloud|가족 공유,싱글 플레이어,3,2023년 9월 14일,The Swordman Studio,Spiral Up Games,https://shared.akamai.steamstatic.com/store_item_assets/steam/apps/1876890/44686407cf63ce1c05c9fe3bd07e0df55307bd01/header.jpg?t=1774667199,Wandering Sword is a Chinese martial-arts RPG where you play a young swordsman caught up in a feud and nearly dies. Escaping the event puts you on the path of pursuing the highest form of martial arts and exploring the pugilistic world to become the great hero you are always destined to be.
1158160,Coral Island,False,35000,35000,0,8,매우 긍정적,27528,0.8891,어드벤처|캐주얼|인디|RPG|시뮬레이션|전략,싱글 플레이어|멀티플레이어|협동|온라인 협동|크로스 플랫폼 멀티플레이어|Steam 도전 과제|컨트롤러 완벽 지원|DUALSHOCK 컨트롤러 지원|DUALSHOCK 컨트롤러 지원|DualSense 컨트롤러 지원|DualSense 컨트롤러 지원|Steam Cloud|가족 공유,싱글 플레이어|멀티플레이어|협동|온라인 협동,10,2023년 11월 14일,Stairway Games,Balor Games,https://shared.akamai.steamstatic.com/store_item_assets/steam/apps/1158160/header.jpg?t=1781768008,"코랄 아일랜드는 활기차고 여유로운 농장 시뮬레이션을 멀티플레이어로 재해석한 게임입니다! 친구들과 함께 농사를 짓고, 동물을 키우고, 관계를 형성하고, 다양한 캐릭터와 어울리고, 마법 같은 머포크 왕국에 뛰어드는 등 자신만의 속도로 매혹적인 섬 생활을 경험해 보세요."
1676840,For The King II,False,29500,29500,0,6,대체로 긍정적,16091,0.7088,어드벤처|인디|RPG|전략,싱글 플레이어|멀티플레이어|협동|온라인 협동|스크린 공유 및 분할 협동|공유 및 분할 화면|크로스 플랫폼 멀티플레이어|Steam 도전 과제|컨트롤러 완벽 지원|Steam 트레이딩 카드|텍스트 크기 조정|카메라 움직임 조정|음량 개별 조절|난이도 조정|키보드 전용 옵션|마우스 전용 옵션|DUALSHOCK 컨트롤러 지원|DUALSHOCK 컨트롤러 지원|DualSense 컨트롤러 지원|DualSense 컨트롤러 지원|수시 저장|Steam Cloud|Remote Play Together|가족 공유,싱글 플레이어|멀티플레이어|협동|온라인 협동,13,2023년 11월 2일,IronOak Games,Curve Games,https://shared.akamai.steamstatic.com/store_item_assets/steam/apps/1676840/32f021b881d39dc87804c09da6293a295f549703/header_alt_assets_13_koreana.jpg?t=1786013028,초인기 턴제 로그라이트 TRPG! For The King 후속작에서 홀로 또는 4인 파티를 결성해 Fahrul의 폭군 여왕과 맞서 싸우십시오. 여러분은 과연 한때 존경받던 여왕의 끔찍한 비밀을 밝혀낼 수 있을까요?
898750,슈퍼로봇대전 30,False,99800,29940,70,8,매우 긍정적,6486,0.8603,RPG|시뮬레이션|전략,싱글 플레이어|Steam 도전 과제|컨트롤러 완벽 지원|Steam 트레이딩 카드|DUALSHOCK 컨트롤러 지원|DUALSHOCK 컨트롤러 지원|DualSense 컨트롤러 지원|DualSense 컨트롤러 지원|Steam Cloud|가족 공유,싱글 플레이어,5,2021년 10월 27일,Bandai Namco Forge Digitals Inc.,Bandai Namco Entertainment,https://shared.akamai.steamstatic.com/store_item_assets/steam/apps/898750/header_koreana.jpg?t=1755584808,"30년의 시간을 지나―― 싸워라, 이 별의 내일을 위해 슈퍼로봇대전은 다양한 애니메이션에 등장한 로봇들이 작품의 장벽을 넘어 한자리에 모여 공통의 적과 싸우는 시뮬레이션 RPG 시리즈입니다."
3755860,BLACK SOULS,False,15500,15500,0,9,압도적으로 긍정적,7625,0.9528,어드벤처|인디|RPG,싱글 플레이어|Steam 도전 과제|Steam Cloud|가족 공유,싱글 플레이어,4,2025년 8월 15일,"Eeny, meeny, miny, moe?",OTAKU Plan|NEWS,https://shared.akamai.steamstatic.com/store_item_assets/steam/apps/3755860/9e7df105234b7abbeebc88ea11f1fda0ffc48519/header.jpg?t=1785817238,"Long, long ago, there existed a kingdom shrouded in dense mist: the Lost Empire. This mist twisted humans into terrifying beasts, plunging the world into despair. War raged endlessly. Heroes rose, seeking fame and glory. It is in this place you awaken—a nameless undead."
3091140,Lootbound,False,20000,20000,0,8,매우 긍정적,1232,0.8231,어드벤처|캐주얼|인디|RPG|전략,싱글 플레이어|Steam 도전 과제|컨트롤러 완벽 지원|음량 개별 조절|마우스 전용 옵션|#category_playable_at_your_own_pace|퀵타임 이벤트 없이 플레이 가능|DUALSHOCK 컨트롤러 지원|DualSense 컨트롤러 지원|DualSense 컨트롤러 지원|스테레오 사운드|Steam Cloud|통계|가족 공유,싱글 플레이어,20,2026년 8월 14일,ArtDock,Dreland Enterprises,https://shared.akamai.steamstatic.com/store_item_assets/steam/apps/3091140/0f52f0d28b3e8ae6023d919423a9953cf4c39df6/header.jpg?t=1786953687,"Lootbound는 어두운 판타지 세계를 배경으로 턴제 전투, 전리품 관리와 D&D 요소를 결합한 전술 roguelite입니다. 위험한 적과 싸우고, 강력한 전리품을 모으고, 동료를 모집해 모험의 길로 이끄세요."
1129580,Medieval Dynasty,False,27900,27900,0,8,매우 긍정적,52052,0.9039,액션|어드벤처|인디|RPG|시뮬레이션,싱글 플레이어|멀티플레이어|협동|온라인 협동|Steam 도전 과제|컨트롤러 완벽 지원|Steam 트레이딩 카드|카메라 움직임 조정|음량 개별 조절|난이도 조정|퀵타임 이벤트 없이 플레이 가능|수시 저장|스테레오 사운드|서라운드 사운드|Steam Cloud|가족 공유,싱글 플레이어|멀티플레이어|협동|온라인 협동,18,2021년 9월 23일,Render Cube,Toplitz Productions,https://shared.akamai.steamstatic.com/store_item_assets/steam/apps/1129580/header.jpg?t=1787135492,"척박한 중세 시대에서 사냥하고, 살아남고, 건축하고, 지도자가 되어 보세요. 나만의 중세 왕조를 만들어 오래 지속될 번영을 지켜내거나, 노력하다 죽음을 맞이하세요! 혼자 플레이하거나 친구들과 팀을 이루어 궁극의 중세 경험을 즐기세요."
2909580,Viractal（비락탈）,False,29000,29000,0,8,매우 긍정적,482,0.8921,어드벤처|캐주얼|인디|RPG|전략,싱글 플레이어|멀티플레이어|협동|온라인 협동|LAN 협동|스크린 공유 및 분할 협동|공유 및 분할 화면|Steam 도전 과제|컨트롤러 일부 지원|Remote Play Together|가족 공유,싱글 플레이어|멀티플레이어|협동|온라인 협동,5,2026년 1월 25일,Sting,Sting,https://shared.akamai.steamstatic.com/store_item_assets/steam/apps/2909580/b6acc4aa27e5379f6dedff6a4d49e36a679e3f58/header_koreana.jpg?t=1785215842,"주사위를 굴려 상자 정원 세계를 여행하는 보드게임형 RPG. 이동·이벤트·전투는 선택과 운에 달려 있으며, 카드로 덱을 구성해 랜덤 생성 맵을 탐험합니다. 싱글 및 멀티플레이 지원. 몇 번이든 즐길 수 있는 모험이 펼쳐집니다!"
1004640,FINAL FANTASY TACTICS - The Ivalice Chronicles,False,59800,59800,0,8,매우 긍정적,6713,0.8932,RPG|전략,싱글 플레이어|Steam 도전 과제|컨트롤러 완벽 지원|Steam 트레이딩 카드|음량 개별 조절|난이도 조정|게임패드 권장|키보드 전용 옵션|퀵타임 이벤트 없이 플레이 가능|수시 저장|스테레오 사운드|Steam Cloud|Remote Play 휴대전화|Remote Play 태블릿|가족 공유,싱글 플레이어,7,2025년 9월 30일,Square Enix,Square Enix,https://shared.akamai.steamstatic.com/store_item_assets/steam/apps/1004640/2d8e4389e157b62f07bdc7c9468bf04010d574c0/header.jpg?t=1781662166,"풀 보이스 대응, 더욱 아름다워진 그래픽과 쾌적하게 개선된 시스템. 전략 RPG의 금자탑이 지금 다시 태어난다."
838350,태오회권： 마음과 하늘의 장막,False,31000,31000,0,5,복합적,70150,0.6541,어드벤처|캐주얼|인디|RPG|전략,싱글 플레이어|Steam 도전 과제|Steam 창작마당|Remote Play 태블릿|가족 공유,싱글 플레이어,4,2026년 6월 16일,ConchShip Games,ConchShip Games,https://shared.akamai.steamstatic.com/store_item_assets/steam/apps/838350/03188b1a9e4b6f187839aa9711d01bbddfa9d049/header_koreana.jpg?t=1784005416,"신화와 무협을 테마로 한 인디 게임입니다. 플레이어는 고대 중국을 배경으로 한 가상의 세계에서, 신비로운 ""태무문의 후손""이 되어 대대로 이어져 온 후손들의 노력과 희생을 통해 강력한 적을 물리치고 인류의 운명을 결정짓게 됩니다."
4321500,행복한 니트 키우기,False,8000,7200,10,8,매우 긍정적,379,0.9208,캐주얼|인디|RPG|시뮬레이션,싱글 플레이어|음량 개별 조절|퀵타임 이벤트 없이 플레이 가능|Steam Cloud|가족 공유,싱글 플레이어,5,2026년 5월 14일,るりりソフト,akaeroCore,https://shared.akamai.steamstatic.com/store_item_assets/steam/apps/4321500/276e20a1f836a7a601ad4ab7671c976d2e2739a2/header_koreana.jpg?t=1778824711,갑작스럽게 찾아온 먼 친척의 니트족 소녀와 가족이 되어 따뜻하면서도 구원이 있는 동거 생활 시뮬레이션을 시작해 보세요.
4353650,Imperial Knights,False,12500,10000,20,0,사용자 평가 7개,7,1.0,어드벤처|캐주얼|RPG,싱글 플레이어|Steam Cloud|가족 공유,싱글 플레이어,3,2026년 8월 28일,Circle Poison,Kagura Games,https://shared.akamai.steamstatic.com/store_item_assets/steam/apps/4353650/33b966515548d39e7249ea183bb716b4dcc28b56/header.jpg?t=1787976005,Become an imperial knight to reclaim your family's honor and discover what drove your sister to abandon her country!
2660230,Kill The Shadow,False,22000,22000,0,8,매우 긍정적,546,0.8919,어드벤처|캐주얼|인디|RPG,싱글 플레이어|Steam 도전 과제|DualSense 컨트롤러 지원|DualSense 컨트롤러 지원|컨트롤러 일부 지원|Steam Cloud|통계|가족 공유,싱글 플레이어,6,2026년 8월 4일,Shadowlight,Phoenix Game,https://shared.akamai.steamstatic.com/store_item_assets/steam/apps/2660230/f4103c760545ad336c6fc36184279d461dd839b5/header.jpg?t=1785894948,"《Kill the Shadow》는 여러 결말을 가진 스토리 중심의 추리 게임입니다. 독특한 2.5D 픽셀 아트와 반개방형 탐험 및 조사 시스템을 제공합니다. 10년 전의 미제 사건이 다시 수면 위로 떠오릅니다. 전직 경찰관 광혁이 되어, ‘과거’를 엿볼 수 있는 신비로운 그림자와 함께 사건의 진실을 쫓으세요——당신의 모든 선택이 수많은 인물들의 운명을 바꿉니다!"
2271930,이프선셋,False,21500,21500,0,6,대체로 긍정적,2357,0.7514,액션|어드벤처|인디|RPG|앞서 해보기,싱글 플레이어|멀티플레이어|협동|온라인 협동|Steam 도전 과제|DUALSHOCK 컨트롤러 지원|DUALSHOCK 컨트롤러 지원|DualSense 컨트롤러 지원|DualSense 컨트롤러 지원|Steam Input API 지원|컨트롤러 일부 지원|Steam Cloud|가족 공유,싱글 플레이어|멀티플레이어|협동|온라인 협동,15,2024년 11월 4일,POLYMORPH,Smilegate,https://shared.akamai.steamstatic.com/store_item_assets/steam/apps/2271930/c4fb45d04becfc1aca8452d23e2168f293a047c0/header_koreana.jpg?t=1783660051,「이프선셋」 은 생존RPG 어드벤처 게임입니다. 낮에는 섬 곳곳에서 생존에 필요한 물자를 확보하고 밤에는 당신을 추적해 오는 강하고 무서운 몬스터에게서 살아남아야 합니다. 당신은 위협하는 몬스터를 막기위해 확보한 물자로 기지를 건설할 수도 있습니다.
4071430,여자 모험가의 조교술,False,12000,9600,20,0,사용자 평가 1개,1,1.0,어드벤처|캐주얼|인디|RPG,싱글 플레이어|Steam 도전 과제|Steam Cloud|가족 공유,싱글 플레이어,5,2026년 8월 28일,IniBugyo,Saikey Studios,https://shared.akamai.steamstatic.com/store_item_assets/steam/apps/4071430/44ac6e126bdcfa529ecec77441aed2be124d9b13/header_koreana.jpg?t=1787970851,"빚더미에 앉은 여자 모험가가 되어 횡스크롤 던전 크롤러를 플레이하세요. 다양한 던전에 들어가 여러 생물들과 그들과 싸우고, 포획하고, 훈련하며 돈을 벌고 산더미처럼 쌓인 빚을 기간 내에 모두 갚으세요!"
1446780,MONSTER HUNTER RISE,False,49800,49800,0,8,매우 긍정적,125825,0.8341,액션,싱글 플레이어|멀티플레이어|협동|온라인 협동|Steam 도전 과제|컨트롤러 완벽 지원|Steam 트레이딩 카드|Steam Cloud|HDR 사용 가능|가족 공유,싱글 플레이어|멀티플레이어|협동|온라인 협동,14,2022년 1월 12일,"CAPCOM Co., Ltd.","CAPCOM Co., Ltd.",https://shared.akamai.steamstatic.com/store_item_assets/steam/apps/1446780/header.jpg?t=1768870444,"역동하는 사냥 본능! 사냥에 새로운 바람을 불러일으킬, 종횡무진으로 도약하는 액션. 마음 가는 대로 달릴 수 있는 필드. 미지의 흥분과 놀라움을 선사할 새로운 몬스터들. 이제껏 없었던 사냥 체험이 「MONSTER HUNTER RISE」에서 헌터들을 기다린다!"
2073250,Rift of the NecroDancer,False,21500,21500,0,8,매우 긍정적,6148,0.9413,액션|인디|RPG,싱글 플레이어|Steam 도전 과제|컨트롤러 완벽 지원|Steam 트레이딩 카드|Steam 창작마당|카메라 움직임 조정|색상 대체|음량 개별 조절|난이도 조정|키보드 전용 옵션|DUALSHOCK 컨트롤러 지원|DUALSHOCK 컨트롤러 지원|DualSense 컨트롤러 지원|DualSense 컨트롤러 지원|Steam Input API 지원|Steam Cloud|레벨 에디터 포함|가족 공유,싱글 플레이어,12,2025년 2월 5일,Brace Yourself Games|Tic Toc Studios Inc.,Klei Publishing,https://shared.akamai.steamstatic.com/store_item_assets/steam/apps/2073250/50ba43b6f362afd32fee921a7a57eb2d9faebe58/header.jpg?t=1787613075,네크로댄서가 완전히 새로운 리듬 게임으로 돌아왔습니다! 이상하고 새로운 세계로 끌려간 케이던스는 균열을 통해 밀려오는 몬스터들과 음악 전투를 벌여야 합니다! 매 박자가 곧 전투인 가슴 뛰는 스테이지에 맞서 싸워 보세요. 모든 전투는 Danny Baranowsky와 친구들이 제작한 독창적인 사운드트랙에 맞춰 진행됩니다.
3717340,용과 같이 극2,False,32000,32000,0,8,매우 긍정적,1352,0.8129,액션|어드벤처|RPG,싱글 플레이어|멀티플레이어|Steam 도전 과제|컨트롤러 완벽 지원|Steam 트레이딩 카드|음량 개별 조절|난이도 조정|DUALSHOCK 컨트롤러 지원|DUALSHOCK 컨트롤러 지원|DualSense 컨트롤러 지원|DualSense 컨트롤러 지원|Steam Input API 지원|스테레오 사운드|서라운드 사운드|Steam Cloud|가족 공유,싱글 플레이어|멀티플레이어,12,2025년 12월 11일,RGG Studio,SEGA,https://shared.akamai.steamstatic.com/store_item_assets/steam/apps/3717340/9e6cf821c08cf0379b38bced0b4ddef63c3092ea/header_koreana.jpg?t=1781258352,"시리즈 두 번째 타이틀인 ""용과 같이2"" 를 드래곤 엔진으로 부활시킨 풀 리메이크 작품 ""용과 같이 극2"" 등장! 일찍이 ""도지마의 용""이라 불린 전설의 사나이 키류 카즈마와 ""간사이의 용""이라 불리는 최강의 야쿠자 고다 류지,진정한 용을 가리기 위한 사투가 지금 시작된다."
3561220,Pass the Fear,False,18000,18000,0,6,대체로 긍정적,3094,0.7786,액션|어드벤처|캐주얼|인디|RPG|시뮬레이션|전략,싱글 플레이어|멀티플레이어|협동|온라인 협동|Steam 도전 과제|컨트롤러 완벽 지원|Steam Cloud|통계|가족 공유,싱글 플레이어|멀티플레이어|협동|온라인 협동,7,2026년 7월 22일,PlayMud Studio,Paras Games,https://shared.akamai.steamstatic.com/store_item_assets/steam/apps/3561220/75f77fc88eaf0226ebae317a94f05000164c5cc0/header.jpg?t=1786703203,"Pass the Fear는 로그라이트 탄막 슈팅 게임입니다. 어느 날, 마녀의 재앙이 예고도 없이 닥쳐옵니다. 혼돈의 마력은 폭풍의 장벽으로 변해 본섬을 거대한 파도와 폭풍으로 에워싸고, 그 무엇도 장벽을 통과할 수 없게 만듭니다. 폭풍의 장벽 안에서는 혼돈의 마력에 의한 침식이 계속해서 퍼져 나가고, 섬의 생명체들은 서서히 부패해 괴물로 변해갑니다. 그 안에 갇힌 사냥꾼이 되어, 이미 생지옥으로 변해 버린 이 섬에서 어떻게든 탈출할 방법을 찾아야 합니다."
2347080,Frosthaven,False,42000,31500,25,6,대체로 긍정적,943,0.7222,RPG|전략|앞서 해보기,싱글 플레이어|멀티플레이어|협동|온라인 협동|Steam 도전 과제|Steam Cloud|가족 공유,싱글 플레이어|멀티플레이어|협동|온라인 협동,10,2025년 7월 31일,Snapshot Games Inc.,Arc Games,https://shared.akamai.steamstatic.com/store_item_assets/steam/apps/2347080/c6c09a8eb1a0fac5ac8e0d2ea0a228c8303d8967/header.jpg?t=1782824520,"아이작 칠드레스의 창의력으로 탄생한 명작 보드게임, FROSTHAVEN이 비디오 게임으로 새롭게 태어납니다! 이 다크 판타지 전략 RPG에서 심도 있는 게임 메커니즘과 도전적이면서도 만족감 넘치는 게임플레이를 싱글 플레이 및 온라인 협동 멀티플레이로 경험해 보세요."
3841510,진・삼국무쌍２ with 맹장전 Remastered,False,49800,49800,0,0,사용자 평가 없음,0,0.0,액션|RPG|전략,싱글 플레이어|멀티플레이어|PvP|스크린 공유 및 분할 PvP|협동|스크린 공유 및 분할 협동|공유 및 분할 화면|Steam 도전 과제|컨트롤러 완벽 지원|음량 개별 조절|난이도 조정|퀵타임 이벤트 없이 플레이 가능|DUALSHOCK 컨트롤러 지원|DUALSHOCK 컨트롤러 지원|DualSense 컨트롤러 지원|DualSense 컨트롤러 지원|Steam Input API 지원|스테레오 사운드|서라운드 사운드|Steam Cloud|HDR 사용 가능|가족 공유,싱글 플레이어|멀티플레이어|협동|PvP,5,2026년 9월 30일,"KOEI TECMO GAMES CO., LTD.","KOEI TECMO GAMES CO., LTD.",https://shared.akamai.steamstatic.com/store_item_assets/steam/apps/3841510/f00d1e8e070ef5b0e80ae509ec6af4522fe90bf8/header_koreana.jpg?t=1787905550,"선명하게 되살아나는, 일기당천의 극치. 『진・삼국무쌍2』와 『진・삼국무쌍2 맹장전』이 현대에 새롭게 부활. 더욱 상쾌해진 액션으로 일기당천의 정점을 노려보세요!"
601050,진격의거인２,False,49800,49800,0,8,매우 긍정적,7818,0.933,액션,싱글 플레이어|멀티플레이어|PvP|온라인 PvP|협동|온라인 협동|Steam 도전 과제|음량 개별 조절|난이도 조정|스테레오 사운드|서라운드 사운드|컨트롤러 일부 지원|Steam Cloud|가족 공유,싱글 플레이어|멀티플레이어|협동|온라인 협동|PvP,9,2023년 4월 26일,"KOEI TECMO GAMES CO., LTD.","KOEI TECMO GAMES CO., LTD.",https://shared.akamai.steamstatic.com/store_item_assets/steam/apps/601050/header_koreana.jpg?t=1781050653,대인기 애니메이션「진격의 거인」세계를 원작으로 한 택티컬 헌팅 액션 게임「진격의 거인」시리즈 최신작.
2507980,Meta Ghost: Breaking Show,False,19500,19500,0,6,대체로 긍정적,1796,0.7244,액션|인디|RPG,싱글 플레이어|멀티플레이어|협동|온라인 협동|Steam 도전 과제|컨트롤러 완벽 지원|DUALSHOCK 컨트롤러 지원|DUALSHOCK 컨트롤러 지원|DualSense 컨트롤러 지원|DualSense 컨트롤러 지원|Steam Cloud|가족 공유,싱글 플레이어|멀티플레이어|협동|온라인 협동,5,2026년 7월 16일,Scarecrow Studio,Flawless Gaming|Erabit|Starlight Gaming,https://shared.akamai.steamstatic.com/store_item_assets/steam/apps/2507980/header.jpg?t=1784798851,"시대의 격류에 의해 대체될 밑층 인간으로서 온갖 메카 몬스터와 치열한 대결을 펼치는 ""브레이킹 쇼""에 참가하세요. 기계의수 업그레이드, 무기 장착을 통해 대결에서 승리를 갈취하세요! 자신의 이기적인 욕망을 위한 것이든, 숭고한 이상을 위한 것이든. 어떻게든 제일 높은 곳에 기어 올라가세요. 이 쇼의 커튼콜에서 ""그 영혼""이 고대하는 최후의 승리를 노래할 수 있도록!"
1879860,Fractured Worlds,False,24380,21940,10,5,복합적,17,0.5882,액션|RPG,싱글 플레이어|멀티플레이어|PvP|온라인 PvP|협동|온라인 협동|Steam 도전 과제|컨트롤러 완벽 지원|음량 개별 조절|퀵타임 이벤트 없이 플레이 가능|DUALSHOCK 컨트롤러 지원|DualSense 컨트롤러 지원|수시 저장|스테레오 사운드|Steam Cloud|Remote Play TV|가족 공유,싱글 플레이어|멀티플레이어|협동|온라인 협동|PvP,11,2026년 8월 26일,"Laser Guided Games, LLC","Laser Guided Games, LLC",https://shared.akamai.steamstatic.com/store_item_assets/steam/apps/1879860/82517739c7a265c4f88e607f1851cd4a0bb6f4f9/header.jpg?t=1787749445,"Fractured Worlds는 파괴된 현실의 잔해 속에서 펼쳐지는 다크 판타지 액션 RPG입니다. 정교하고 무게감 있는 전투를 마스터하고, 다양한 세계를 탐험하며, 이 세계의 다른 플레이어들과 함께 혹은 혼자서 강력한 보스에 도전하세요"
1690710,Incremental Epic Hero 2,True,0,0,0,6,대체로 긍정적,1686,0.723,어드벤처|캐주얼|인디|RPG|시뮬레이션|전략|무료 플레이,싱글 플레이어|Steam 도전 과제|앱 내 구매|컨트롤러 일부 지원|Steam Cloud|가족 공유,싱글 플레이어,11,2025년 1월 2일,Hapiwaku,"Idle System, Inc.",https://shared.akamai.steamstatic.com/store_item_assets/steam/apps/1690710/0348babb3047aea11de0e0ee707693262a1d9442/header_alt_assets_1.jpg?t=1771367948,"몬스터와 탐험할 곳으로 가득한 판타지 세계에서 끝없이 이어지는 전투를 즐길수 있는 성장과 방치 게임이 결합된 롤플레잉 게임입니다. 게임 내 거의 모든 것을 업그레이드할 수 있으며, 다양한 강화 메커니즘을 통해 항상 흥미로운 게임 진행을 유지합니다!"
1520470,Soul Dossier,True,0,0,0,8,매우 긍정적,27879,0.8199,액션|어드벤처|대규모 멀티플레이어|RPG|전략|무료 플레이,멀티플레이어|PvP|온라인 PvP|협동|온라인 협동|앱 내 구매|가족 공유,멀티플레이어|협동|온라인 협동|PvP,28,2021년 3월 29일,GKD GAME,GKD GAME,https://shared.akamai.steamstatic.com/store_item_assets/steam/apps/1520470/53a6714d69c615a8b94a95ddd560d1b5e6b6fcb6/header.jpg?t=1787948610,"Fengling Archives는 GKD Game Studio에서 출시한 현실적인 동양 문화, 1V5 비대칭 경쟁 게임입니다. The Exploring Notes의 진정한 속편인 이 게임은 모든 것을 포괄하는 동양 전통 문화를 기반으로 하여 가십, 민속 풍습 및 다수의 고유한 동양 문화 요소를 통합하여 플레이어가 경험할 수 있도록 설계되었습니다. 동양 전통 귀신 문화의 매력. 당신은 Lingtong Bureau의 요원의 역할을 수행하고 몰입 형 모험을 시작합니다."
4126220,Crusaders Quest : Hero Town,False,8900,6230,30,6,대체로 긍정적,2561,0.7673,캐주얼|인디|RPG|시뮬레이션|전략,싱글 플레이어|Steam 도전 과제|텍스트 크기 조정|카메라 움직임 조정|음량 개별 조절|#category_playable_at_your_own_pace|퀵타임 이벤트 없이 플레이 가능|수시 저장|Steam Cloud|가족 공유,싱글 플레이어,11,2026년 3월 30일,CQ LABS, LoadComplete,https://shared.akamai.steamstatic.com/store_item_assets/steam/apps/4126220/8583acfaa52d3221275364a47f34d5e7bb6c2507/header.jpg?t=1787960147,내 PC 속 작은 마을! 업무 중에도 즐기는 데스크탑 방치형 RPG《크루세이더 퀘스트 : 히어로 타운》에서 용사를 모으고 마을을 재건하세요.
1227890,Summer Memories,False,20500,20500,0,8,매우 긍정적,25049,0.9267,어드벤처|RPG,싱글 플레이어|Steam 트레이딩 카드|Steam Cloud|가족 공유,싱글 플레이어,3,2020년 6월 14일,Dojin Otome,Kagura Games,https://shared.akamai.steamstatic.com/store_item_assets/steam/apps/1227890/header.jpg?t=1766085059,"It's summer break, and it's been years since you've last seen your aunt and cousins in the countryside! You don't know what to expect, but what could go wrong? Find out in Summer Memories!"
2186680,"Warhammer 40,000: Rogue Trader",False,53000,53000,0,8,매우 긍정적,47684,0.8781,액션|어드벤처|인디|RPG|전략,싱글 플레이어|멀티플레이어|협동|온라인 협동|크로스 플랫폼 멀티플레이어|Steam 도전 과제|Steam 트레이딩 카드|Steam 창작마당|텍스트 크기 조정|음량 개별 조절|마우스 전용 옵션|DUALSHOCK 컨트롤러 지원|DualSense 컨트롤러 지원|수시 저장|스테레오 사운드|자막 옵션|서라운드 사운드|컨트롤러 일부 지원|Steam Cloud|가족 공유,싱글 플레이어|멀티플레이어|협동|온라인 협동,8,2023년 12월 7일,Owlcat Games,Owlcat Games,https://shared.akamai.steamstatic.com/store_item_assets/steam/apps/2186680/c7b0bd6f233f6c03fa68eee2fd1108a183329230/header.jpg?t=1781198086,"Games Workshop과의 긴밀한 파트너십으로 제작된 Warhammer 40,000: Rogue Trader는 비평가들의 찬사를 얻은 Pathfinder: Wrath of the Righteous를 개발한 Owlcat Games가 선보이는 스토리 기반의 클래식 RPG입니다."
3202030,龙胤立志传,False,21500,21500,0,6,대체로 긍정적,7534,0.7779,인디|RPG|시뮬레이션|전략,싱글 플레이어|Steam 도전 과제|Steam Cloud|가족 공유,싱글 플레이어,2,2026년 3월 12일,TPP Studio,噪点游戏 SERICA GAMES,https://shared.akamai.steamstatic.com/store_item_assets/steam/apps/3202030/bc4c2ec5f266b3f67a276dc6a253f86b3457e458/header_alt_assets_2.jpg?t=1786432843,《龙胤立志传》是一款融合门派经营的开放江湖武侠游戏。在各大门派割据一方的神州之上，你可以自由驰骋，历经奇遇，修炼神功，踏上行侠仗义或行凶作恶之路，也可以经营自己的门派，攻城略地，称霸一方，最终谱写一段独一无二的武林传奇。
2014380,LIVE A LIVE,False,59800,59800,0,8,매우 긍정적,937,0.8591,어드벤처|RPG,싱글 플레이어|Steam 도전 과제|Steam 트레이딩 카드|#category_contrast_controls|음량 개별 조절|키보드 전용 옵션|#category_playable_at_your_own_pace|퀵타임 이벤트 없이 플레이 가능|수시 저장|스테레오 사운드|컨트롤러 일부 지원|Steam Cloud|가족 공유,싱글 플레이어,9,2023년 4월 27일,Square Enix|historia Inc.,Square Enix,https://shared.akamai.steamstatic.com/store_item_assets/steam/apps/2014380/header.jpg?t=1776153357,"1994년, 과거 일본에서 슈퍼 패미컴으로 발매된 『LIVE A LIVE』가 「옥토패스 트래블러」에서 사용된 도트와 3DCG를 융합한 HD-2D 영상 기법으로 리메이크되어 Steam에서 다시 탄생합니다!"
3078590,환세취호전 플러스,False,29800,29800,0,8,매우 긍정적,143,0.9091,RPG,싱글 플레이어|Steam 도전 과제|DUALSHOCK 컨트롤러 지원|DUALSHOCK 컨트롤러 지원|DualSense 컨트롤러 지원|DualSense 컨트롤러 지원|컨트롤러 일부 지원|Steam Cloud|가족 공유,싱글 플레이어,5,2024년 10월 7일,"WAYCODER CO., LTD.","DAEWON MEDIA CO., LTD.",https://shared.akamai.steamstatic.com/store_item_assets/steam/apps/3078590/header.jpg?t=1728284611,시원스러운 속도감의 턴제 전투! 편안한 비주얼과 경쾌한 움직임 향수를 자극하는 BGM 유머러스한 연출! 원작에는 없었던 오리지널 콘텐츠!
1687000,Fading Afternoon,False,21500,8600,60,8,매우 긍정적,1026,0.8109,액션|어드벤처|인디|RPG,싱글 플레이어|Steam 도전 과제|컨트롤러 완벽 지원|Steam Cloud|통계|Steam 순위표|가족 공유,싱글 플레이어,9,2023년 9월 14일,yeo,yeo|IndieArk,https://shared.akamai.steamstatic.com/store_item_assets/steam/apps/1687000/header.jpg?t=1773449235,"마루야마 세이지는 최근에 출소한 중년의 야쿠자다. ""고즈키(불교 신화에 등장하는 요마 장군)""라는 이름으로 알려져 있는데, 보스가 신뢰하는 인물이다. 하지만 그의 보스가 간과하는 사실이 있다. 마루야마가 나이를 먹어가고 있다는 것이다."
2893570,드래곤 퀘스트 I & II HD-2D Remake,False,69800,69800,0,8,매우 긍정적,2025,0.8523,RPG,싱글 플레이어|Steam 도전 과제|Steam 트레이딩 카드|카메라 움직임 조정|음량 개별 조절|난이도 조정|키보드 전용 옵션|#category_playable_at_your_own_pace|퀵타임 이벤트 없이 플레이 가능|DUALSHOCK 컨트롤러 지원|DUALSHOCK 컨트롤러 지원|DualSense 컨트롤러 지원|DualSense 컨트롤러 지원|컨트롤러 일부 지원|Steam Cloud|가족 공유,싱글 플레이어,10,2025년 10월 30일,Square Enix|ARTDINK,Square Enix,https://shared.akamai.steamstatic.com/store_item_assets/steam/apps/2893570/e951b128181ad4e4a6fc0670134fcbf8fc09c696/header_koreana.jpg?t=1773044632,계승되는 로토의 의지
582010,Monster Hunter: World,False,36800,36800,0,8,매우 긍정적,516044,0.8879,액션,싱글 플레이어|멀티플레이어|협동|Steam 도전 과제|Steam 트레이딩 카드|텍스트 크기 조정|카메라 움직임 조정|음량 개별 조절|키보드 전용 옵션|스테레오 사운드|서라운드 사운드|컨트롤러 일부 지원|Steam Cloud|통계|Steam 순위표|Remote Play 태블릿|HDR 사용 가능|가족 공유,싱글 플레이어|멀티플레이어|협동,14,2018년 8월 8일,"CAPCOM Co., Ltd.","CAPCOM Co., Ltd.",https://shared.akamai.steamstatic.com/store_item_assets/steam/apps/582010/header.jpg?t=1773328926,"새로운 생명의 땅. 사냥하라, 본능에 따라! 'Monster Hunter: World'에서는 새롭게 제작된 다양한 지형과 생태계가 살아 숨쉬는 세계에서 궁극의 사냥 생활을 체험할 수 있습니다."
2650730,SEDAP！일품! 아시안 쿠킹 어드벤처,False,16500,8250,50,5,복합적,644,0.6988,액션|어드벤처|인디|RPG|시뮬레이션|스포츠|무료 플레이,싱글 플레이어|멀티플레이어|협동|온라인 협동|스크린 공유 및 분할 협동|공유 및 분할 화면|Steam 도전 과제|Steam 트레이딩 카드|음량 개별 조절|난이도 조정|게임패드 권장|키보드 전용 옵션|DUALSHOCK 컨트롤러 지원|DUALSHOCK 컨트롤러 지원|DualSense 컨트롤러 지원|DualSense 컨트롤러 지원|수시 저장|컨트롤러 일부 지원|Steam Cloud|Remote Play Together|가족 공유,싱글 플레이어|멀티플레이어|협동|온라인 협동,20,2025년 5월 22일,kopiforge,Isolated Games Publishing|IndieArk,https://shared.akamai.steamstatic.com/store_item_assets/steam/apps/2650730/474471dc1095c265a6d1eb79b6a4d24bd8f1eaaf/header.jpg?t=1784020973,"SEDAP! 은 요리와 전투가 결합된 2인 협동 어드벤처 게임입니다. 플레이어는 주방에서의 혼란스러운 협동을 체험함과 동시에 신비로운 미지의 세계를 탐험할 수 있어요. 동남아시아에서 영감을 받은 이 환상의 섬에서 자신만의 이야기를 펼치며, 흥미진진한 미식의 여정을 시작해보세요!"
1608290,GNOSIA,False,26000,18200,30,8,매우 긍정적,5107,0.9364,어드벤처|인디|RPG|시뮬레이션,싱글 플레이어|Steam 도전 과제|컨트롤러 완벽 지원|Steam 트레이딩 카드|가족 공유,싱글 플레이어,3,2022년 1월 23일,Petit Depotto,PLAYISM,https://shared.akamai.steamstatic.com/store_item_assets/steam/apps/1608290/header.jpg?t=1764922887,"The Gnosia lie. Pretending to be human, they’ll get in close, trick and deceive, and then eliminate one victim at a time..."
3879660,OverField,True,0,0,0,8,매우 긍정적,866,0.8118,액션|어드벤처|캐주얼|RPG|무료 플레이,멀티플레이어|MMO|앱 내 구매|음량 개별 조절|퀵타임 이벤트 없이 플레이 가능|수시 저장|터치 전용 옵션|가족 공유,멀티플레이어,4,2025년 11월 8일,INUTAN Limited,INUTAN Limited,https://shared.akamai.steamstatic.com/store_item_assets/steam/apps/3879660/f3ec8e517810f5432069e0ff0752d7360736e6df/header.jpg?t=1787882916,미니어처 작은 세계 포근한 라이트 소셜 오픈 월드 대모험 안녕하세요! 함께 오픈 스페이스를 탐험해요!
4921760,Heroes Of Might And Magic III,False,11400,11400,0,5,복합적,97,0.567,전략,싱글 플레이어|멀티플레이어|PvP|스크린 공유 및 분할 PvP|협동|스크린 공유 및 분할 협동|공유 및 분할 화면|Remote Play Together,싱글 플레이어|멀티플레이어|협동|PvP,4,2026년 8월 25일,Ubisoft|New World Computing,Ubisoft,https://shared.akamai.steamstatic.com/store_item_assets/steam/apps/4921760/54b7d427668c3d073853251d990ec3d6c195171d/header.jpg?t=1787924014,1999년에 출시된 오리지널 버전 게임입니다. 히어로즈 오브 마이트 앤 매직 III 오리지널 버전 및 2종의 확장팩인 아마겟돈 블레이드 및 쉐도우 오브 데스가 포함되어 있습니다.
523000,Princess Maker 2 Refine,False,21000,21000,0,8,매우 긍정적,1723,0.9338,시뮬레이션,싱글 플레이어|Steam 도전 과제|Steam 트레이딩 카드|가족 공유,싱글 플레이어,5,2016년 9월 28일,"CFK Co., Ltd.",Bliss Brain,https://shared.akamai.steamstatic.com/store_item_assets/steam/apps/523000/header.jpg?t=1728354404,"「프린세스 메이커 2 리파인」은, 그 시리즈 중에서도 아시아 시장에서 기록적인 대 히트를 기록해 높은 인기를 구가했던 시리즈 대표작 「프린세스 메이커 2」의 리메이크 작으로 플레이어는 별의 신에게 천계의 소녀를 인도받아, 아버지로서 무사히 10세부터 18세까지 길러내는 것이 목적입니다. 딸을 키우면서 다양한 아르바이트와 수업을 통한 세세한 파라메터 설정과 함께, 플레이어를 서포트하는 시리즈의 인기 캐릭터인 집사 「큐브」의 등장, 무사수행에서의 수많은 이벤트 등, 커다란 볼륨을 자랑합니다. 딸의 꿈은 프린세스이지만, 키우는 방법에 따라 다양한 미래가 기다리고 있습니다."
4563870,Miseria,False,8700,8700,0,5,복합적,333,0.5856,캐주얼|인디|RPG|시뮬레이션,싱글 플레이어|Steam 도전 과제|음량 개별 조절|난이도 조정|마우스 전용 옵션|#category_playable_at_your_own_pace|퀵타임 이벤트 없이 플레이 가능|스테레오 사운드|Steam Cloud|가족 공유,싱글 플레이어,10,2026년 8월 7일,Somnambulist Games,Somnambulist Games,https://shared.akamai.steamstatic.com/store_item_assets/steam/apps/4563870/721a79cfa0757a8143dcd94f36d3d8823b4cffe7/header.jpg?t=1786121909,"Miseria (미제리아) 는 어두운 판타지 세계를 배경으로 한 방치형 인크리멘탈 게임으로, 당신은 저주받은 영혼들의 파티를 이끌고 세계의 심연으로 향합니다."
632470,Disco Elysium - The Final Cut,False,41000,41000,0,8,매우 긍정적,130524,0.9256,RPG,싱글 플레이어|Steam 도전 과제|컨트롤러 완벽 지원|Steam 트레이딩 카드|DUALSHOCK 컨트롤러 지원|DUALSHOCK 컨트롤러 지원|DualSense 컨트롤러 지원|DualSense 컨트롤러 지원|Steam Cloud|Remote Play 태블릿|가족 공유,싱글 플레이어,13,2019년 10월 15일,ZA/UM,ZA/UM,https://shared.akamai.steamstatic.com/store_item_assets/steam/apps/632470/816ea59d6d8ac525f79a07c3a7afa94eddb3437c/header.jpg?t=1780913406,"디스코 엘리시움 - 최종판은 획기적인 오픈 월드 롤플레잉 게임입니다. 당신은 독특한 스킬 시스템을 갖춘 형사로서 오롯한 도시 블록을 당신의 미래를 닦기 위해 다듬을 수 있습니다. 잊지 못할 등장인물들을 심문하거나, 살인 사건을 해결하거나, 뇌물을 받으세요. 영웅이 되거나 인류의 완전한 재앙이 되세요."
1036640,RPG Developer Bakin,False,89000,62300,30,8,매우 긍정적,346,0.8439,게임 개발,Steam 창작마당|컨트롤러 일부 지원,,4,2025년 8월 28일,SmileBoom Co.Ltd.,SmileBoom Co.Ltd.,https://shared.akamai.steamstatic.com/store_item_assets/steam/apps/1036640/header.jpg?t=1787790219,"Zero programming required! A tool for anyone to create RPGs! ""RPG Developer Bakin"" is a tool that makes it easy to create various types of RPGs, adventure games and action games without any programming knowledge."
2277560,명말: 공허의 깃털,False,59800,59800,0,5,복합적,105407,0.5691,액션|어드벤처|RPG,싱글 플레이어|Steam 도전 과제|컨트롤러 완벽 지원|앱 내 구매|게임패드 권장|DualSense 컨트롤러 지원|DualSense 컨트롤러 지원|Steam Cloud|가족 공유,싱글 플레이어,11,2025년 7월 23일,Leenzee,505 Games,https://shared.akamai.steamstatic.com/store_item_assets/steam/apps/2277560/0f269ea2227fa0b25d0a2c7d1648cc9b76336c2b/header_koreana.jpg?t=1784896573,WUCHANG: Fallen Feathers는 파벌 분쟁과 괴생명체를 만들어 내는 수수께끼의 질병으로 고통받는 명 왕조 말기 어둡고 격동하는 시기의 촉 땅을 배경으로 하는 소울라이크 액션 RPG입니다.
4260840,STRANGER THAN HEAVEN,False,79800,79800,0,0,사용자 평가 없음,0,0.0,액션|어드벤처|RPG,싱글 플레이어|컨트롤러 완벽 지원|DUALSHOCK 컨트롤러 지원|DUALSHOCK 컨트롤러 지원|DualSense 컨트롤러 지원|DualSense 컨트롤러 지원|Steam Input API 지원|가족 공유,싱글 플레이어,13,2027년 1월 14일,RGG Studio,SEGA,https://shared.akamai.steamstatic.com/store_item_assets/steam/apps/4260840/3e40b76faf9a3eafb4397dd51308eb2e48ac3660/header.jpg?t=1787806014,"이것은 오갈 곳 없는 사내들이 안식처를 찾아 싸운 50년의 이야기이다. 격동의 근대 일본을 다섯 시대, 다섯 도시를 통해 그려낸다. 실감 나는 격투를 구현한 전투 시스템과 쇼 비즈니스를 운영하며 '흥행사'로 성공하는 서사를 만끽해 보자. 'RGG 스튜디오'가 선사하는 드라마틱 어드벤처 최신작."
1113000,페르소나4 더 골든,False,19800,19800,0,9,압도적으로 긍정적,87076,0.9704,RPG,싱글 플레이어|Steam 도전 과제|컨트롤러 완벽 지원|Steam 트레이딩 카드|DUALSHOCK 컨트롤러 지원|DUALSHOCK 컨트롤러 지원|DualSense 컨트롤러 지원|DualSense 컨트롤러 지원|Steam Cloud|가족 공유,싱글 플레이어,9,2020년 6월 13일,ATLUS,SEGA,https://shared.akamai.steamstatic.com/store_item_assets/steam/apps/1113000/header.jpg?t=1763530422,"주인공과 그의 친구들이 연쇄 살인 사건으로 시작되는 모험을 통해 성장하는 이야기 속에서 관심사가 같은 친구를 만나고, 소속감을 느끼며 내면의 어두운 면과 갈등하는 경험을 즐겨보세요."
1669980,화산의딸,False,12500,12500,0,9,압도적으로 긍정적,48993,0.9779,캐주얼|인디|RPG|시뮬레이션|전략,싱글 플레이어|Steam 도전 과제|Steam 트레이딩 카드|Steam Cloud|가족 공유,싱글 플레이어,4,2023년 4월 20일,养蛋人 Egg Hatcher,养蛋人 Egg Hatcher,https://shared.akamai.steamstatic.com/store_item_assets/steam/apps/1669980/header.jpg?t=1746063344,"딸의 취미를 발견하고, 전투 훈련을 시키며, 훗날 그녀가 보호할 시민들과 친구가 되어 차기 군주로서의 모습을 갖추어 보세요. 여러분이 내리는 모든 결정이 딸의 미래뿐만 아니라 제국의 미래에도 영향을 미칠 완전히 새로운 육아 시뮬레이터 RPG 모험에 빠져보세요!"
3936730,스타더스트: 별과 마녀,False,27000,27000,0,8,매우 긍정적,778,0.8136,인디|RPG|전략,싱글 플레이어|Steam 도전 과제|컨트롤러 완벽 지원|색상 대체|음량 개별 조절|퀵타임 이벤트 없이 플레이 가능|DUALSHOCK 컨트롤러 지원|DUALSHOCK 컨트롤러 지원|Steam Cloud|가족 공유,싱글 플레이어,9,2026년 5월 28일,"Kniv Studio Co., Ltd.","Kniv Studio Co., Ltd.|Sologame",https://shared.akamai.steamstatic.com/store_item_assets/steam/apps/3936730/b4b27e91645cf023b486185eec30e974781cc442/header_koreana.jpg?t=1785470456,"스타더스트: 별과 마녀는 아름다운 픽셀 아트로 그려진 싱글 플레이 SRPG 입니다. 소원을 이루어주는 별의 비밀을 쫓아, 소녀 ‘스타’와 마법사 ‘유우’의 모험을 함께하세요."
1297900,Gothic 1 Remake,False,53000,53000,0,8,매우 긍정적,40107,0.8891,액션|RPG,싱글 플레이어|Steam 도전 과제|컨트롤러 완벽 지원|Steam 트레이딩 카드|카메라 움직임 조정|음량 개별 조절|난이도 조정|퀵타임 이벤트 없이 플레이 가능|DUALSHOCK 컨트롤러 지원|DualSense 컨트롤러 지원|수시 저장|스테레오 사운드|자막 옵션|서라운드 사운드|Steam Cloud|가족 공유,싱글 플레이어,10,2026년 6월 5일,Alkimia Interactive,Alkimia Interactive|THQ Nordic,https://shared.akamai.steamstatic.com/store_item_assets/steam/apps/1297900/6bc8c205a107e552f14631524f25cdf88743515a/header.jpg?t=1787564876,전설의 귀환! 광산의 협곡이 여러분의 귀환을 기다리고 있습니다! 오픈 월드 RPG 장르 자체를 정의한 명작이 충실한 리메이크작으로 돌아왔습니다. 제작진이 정성스럽게 만든 유기적 오픈 월드를 탐험하세요. 거칠지만 제약 없는 환경 속에서 어떤 행동을 하든 역동적인 반응이 펼쳐집니다.
2407270,AI LIMIT,False,42500,42500,0,8,매우 긍정적,36657,0.9186,액션|어드벤처|인디|RPG,싱글 플레이어|Steam 도전 과제|컨트롤러 완벽 지원|게임패드 권장|DualSense 컨트롤러 지원|DualSense 컨트롤러 지원|Steam Cloud|가족 공유,싱글 플레이어,12,2025년 3월 27일,Sense Games,CE-Asia,https://shared.akamai.steamstatic.com/store_item_assets/steam/apps/2407270/header.jpg?t=1775125430,"문명이 곧 멸망하게 된 아득한 미래에, 세상인들은 [정지]라는 전설에 따라, 마지막의 도시----헤이븐스웰에 모여왔다. 이 종말의 묵시록 공상과학 ARPG게임에서 재생 능력을 가진 기계병종 [알리사]의 시각으로, 새로운 희망을 찾기 위해 괴물이 난무하는 도시유적에서 문명이 사라지게 된 진실을 탐색해보세요."
1013320,파이어스톤 - 방치 클릭커 온라인 RPG,True,0,0,0,6,대체로 긍정적,6954,0.7724,캐주얼|인디|RPG|무료 플레이,싱글 플레이어|멀티플레이어|크로스 플랫폼 멀티플레이어|Steam 도전 과제|Steam 트레이딩 카드|앱 내 구매|Steam Cloud|통계|Remote Play 휴대전화|Remote Play 태블릿|가족 공유,싱글 플레이어|멀티플레이어,25,2024년 4월 1일,Holyday Studios,Holyday Studios,https://shared.akamai.steamstatic.com/store_item_assets/steam/apps/1013320/00f9540166ef2e774444ba95a9deceaf20799e56/header_koreana.jpg?t=1787231318,"영웅들은 절대 전투를 멈추지 않습니다. AFK 성장과 오프라인 보상을 갖춘 무료 판타지 방치형 RPG에서 막강한 팀을 만드세요. 영웅과 강력한 장비를 수집하고, 진형을 완성하고, 강력한 보스를 처치한 뒤 더 큰 보상과 끝없는 인크리멘탈 성장을 누리세요."
851850,드래곤볼 Z 카카로트,False,29800,29800,0,8,매우 긍정적,58235,0.9317,액션|RPG,싱글 플레이어|Steam 도전 과제|컨트롤러 완벽 지원|Steam 트레이딩 카드|Steam Cloud|Remote Play 휴대전화|Remote Play 태블릿|Remote Play TV|가족 공유,싱글 플레이어,15,2020년 1월 16일,CyberConnect2 Co. Ltd.,Bandai Namco Entertainment Inc.,https://shared.akamai.steamstatic.com/store_item_assets/steam/apps/851850/header.jpg?t=1769139697,"드래곤볼 Z 카카로트에서 오공과 Z 전사들의 이야기를 체험하라! 원작의 장대한 전투는 물론, 오공, 오반, 베지터와 다른 캐릭터들과 함께 싸우고, 낚시하고, 먹고, 훈련하며 드래곤볼 Z의 세계에서 살아가자."
4584110,Soul Land: Awakening World,True,0,0,0,5,복합적,408,0.473,액션|어드벤처|대규모 멀티플레이어|RPG|무료 플레이,멀티플레이어|MMO|앱 내 구매|퀵타임 이벤트 없이 플레이 가능|가족 공유,멀티플레이어,4,2026년 6월 1일,37GAMES,37GAMES,https://shared.akamai.steamstatic.com/store_item_assets/steam/apps/4584110/45014ea459d97292535a41072b2f2df6e95b5292/header.jpg?t=1780365992,"The first-ever 3D open-world MMORPG of the Soul Land saga is here! Featuring dual-authorization from the original novels and anime—this time, redefine the Soul Land universe!"
1620730,Hell is Us,False,53000,21200,60,8,매우 긍정적,6638,0.8521,액션|어드벤처,싱글 플레이어|Steam 도전 과제|컨트롤러 완벽 지원|카메라 움직임 조정|색상 대체|음량 개별 조절|난이도 조정|퀵타임 이벤트 없이 플레이 가능|DUALSHOCK 컨트롤러 지원|DualSense 컨트롤러 지원|DualSense 컨트롤러 지원|스테레오 사운드|자막 옵션|서라운드 사운드|Steam Cloud|HDR 사용 가능|가족 공유,싱글 플레이어,12,2025년 9월 4일,Rogue Factor,Nacon,https://shared.akamai.steamstatic.com/store_item_assets/steam/apps/1620730/7d40fd2849a6b259ee4de2b77dd643e9306104aa/header.jpg?t=1779953272,"지구상에서 지옥에 가장 가까이 갈 수 있는 경험이 전쟁이라면, 그것은 지구가 최악의 악마, 인류의 집이기 때문일 것입니다. 내전으로 엉망이 된 고립된 국가에서, 과거의 비밀을 찾고 기이한 재앙의 파급효과와 마주하세요."
2623190,The Elder Scrolls IV: Oblivion Remastered,False,55900,55900,0,6,대체로 긍정적,70038,0.7544,RPG,싱글 플레이어|Steam 도전 과제|Steam 트레이딩 카드|음량 개별 조절|퀵타임 이벤트 없이 플레이 가능|DUALSHOCK 컨트롤러 지원|DualSense 컨트롤러 지원|DualSense 컨트롤러 지원|스테레오 사운드|서라운드 사운드|컨트롤러 일부 지원|Steam Cloud|가족 공유,싱글 플레이어,9,2025년 4월 22일,Bethesda Game Studios|Virtuos,Bethesda Softworks,https://shared.akamai.steamstatic.com/store_item_assets/steam/apps/2623190/a7cee9165bb1bfc092c390c5cff215ce0e381dfc/header.jpg?t=1786648304,Elder Scrolls IV: Oblivion™ Remastered에서 멋진 새 비주얼과 정제된 게임플레이로 새로워진 Cyrodiil을 탐험해 보세요.
2321430,三國群英傳M,True,0,0,0,5,복합적,240,0.6375,대규모 멀티플레이어|RPG|무료 플레이,멀티플레이어|MMO|PvP|온라인 PvP|협동|온라인 협동|크로스 플랫폼 멀티플레이어|앱 내 구매|가족 공유,멀티플레이어|협동|온라인 협동|PvP,3,2023년 5월 30일,"USERJOY Technology Co.,Ltd.","USERJOY Technology Co.,Ltd.",https://shared.akamai.steamstatic.com/store_item_assets/steam/apps/2321430/header.jpg?t=1784707314,歷經20年的感動，給你最原汁原味的《三國群英傳M》
4104440,Dragon Traveler,True,0,0,0,5,복합적,530,0.6491,대규모 멀티플레이어|RPG|전략|무료 플레이,싱글 플레이어|멀티플레이어|MMO|PvP|온라인 PvP|협동|온라인 협동|앱 내 구매|가족 공유,싱글 플레이어|멀티플레이어|협동|온라인 협동|PvP,7,2026년 2월 10일,HongKong GameTree LIMITED,HongKong GameTree LIMITED,https://shared.akamai.steamstatic.com/store_item_assets/steam/apps/4104440/0b4e03cb49490d23dce4d00f5b22aded73dca949/header_koreana.jpg?t=1776180890,"러브 × 폭소 × 이세계! 최강 미소녀 RPG!  ! 츤데레 공주가 주먹을 휘두르고, 차가운 여왕은 얼굴을 붉히고, 스윗한 악당 소녀 먼저 다가올 때... 당신과의 친밀한 상호작용으로 심장을 두근두근! 호감도 급상승! 이번엔 당신이 하렘물 남자 주인공이 되는 거예요!"
1681430,RoboCop: Rogue City,False,47000,4700,90,8,매우 긍정적,36898,0.8709,액션|어드벤처,싱글 플레이어|Steam 도전 과제|컨트롤러 완벽 지원|Steam 트레이딩 카드|DualSense 컨트롤러 지원|Steam Cloud|가족 공유,싱글 플레이어,12,2023년 11월 2일,Teyon,Nacon,https://shared.akamai.steamstatic.com/store_item_assets/steam/apps/1681430/header.jpg?t=1778174302,"전설적인 50% 인간, 50% 기계, 100% 경찰 영웅이 되어 디트로이트 구시가지의 정의를 수호하세요."
775500,스칼렛 스트링스,False,64800,10370,84,8,매우 긍정적,18160,0.8029,액션|어드벤처|RPG,싱글 플레이어|Steam 도전 과제|컨트롤러 완벽 지원|DUALSHOCK 컨트롤러 지원|DUALSHOCK 컨트롤러 지원|DualSense 컨트롤러 지원|DualSense 컨트롤러 지원|Steam Cloud|가족 공유,싱글 플레이어,12,2021년 6월 24일,BANDAI NAMCO Studios Inc.,BANDAI NAMCO Entertainment,https://shared.akamai.steamstatic.com/store_item_assets/steam/apps/775500/header.jpg?t=1703662938,"뇌와 기술이 발달한 세계를 무대로 자신의 '염력'과 동료들이 가진 다양한 힘을 구사하여 싸우는 초뇌능력 액션, 그리고 2명의 주인공 시점에서 그려지는 중후한 이야기를 체험할 수 있는 '브레인 펑크 액션 RPG' 게임"
2853730,스컬 앤 본즈,False,31000,3100,90,5,복합적,4867,0.6622,액션|RPG,싱글 플레이어|멀티플레이어|PvP|온라인 PvP|협동|온라인 협동|Steam 도전 과제|컨트롤러 완벽 지원|캡션 이용 가능|앱 내 구매|DUALSHOCK 컨트롤러 지원|DUALSHOCK 컨트롤러 지원|DualSense 컨트롤러 지원|DualSense 컨트롤러 지원|HDR 사용 가능,싱글 플레이어|멀티플레이어|협동|온라인 협동|PvP,14,2024년 8월 22일,Ubisoft Singapore,Ubisoft,https://shared.akamai.steamstatic.com/store_item_assets/steam/apps/2853730/9f84ea0cb54bb2ca1f55089d1c1d7e794746b74e/header_alt_assets_3.jpg?t=1787141592,"스컬 앤 본즈는 함선 전투, 빌드 선택, 항해 스킬로 전설적인 해적이 되는 오픈 월드 해상 액션 RPG입니다. 최대 20명의 플레이어가 있는 광활한 바다에서 경쟁자와 신화 속 괴수를 정복하세요."
3678970,TBH: 태스크바 히어로,True,0,0,0,5,복합적,45092,0.5353,캐주얼|인디|RPG|무료 플레이,싱글 플레이어|Steam 도전 과제|음량 개별 조절|마우스 전용 옵션|#category_playable_at_your_own_pace|퀵타임 이벤트 없이 플레이 가능|Steam Cloud|통계|가족 공유,싱글 플레이어,16,2026년 5월 27일,Nugem Studio|Tesseract Studio,Nugem Studio,https://shared.akamai.steamstatic.com/store_item_assets/steam/apps/3678970/be640d1ea4db8d9139069e3799d8d4553f0c2131/header.jpg?t=1786090477,"궁극의 초소형 방치 RPG! 귀여운 픽셀 용사들이 작업 표시줄에서 당신과의 모험을 기다리고 있습니다. 다양한 클래스와 스킬, 아이템과 빌드로 따분한 업무와 일상을 물리치세요!"
1424800,대항해시대4 with 파워업키트 HD Version,False,49800,49800,0,5,복합적,2054,0.6563,액션|RPG|시뮬레이션|전략,싱글 플레이어|컨트롤러 일부 지원|Steam Cloud|가족 공유,싱글 플레이어,4,2021년 5월 19일,"KOEI TECMO GAMES CO., LTD.","KOEI TECMO GAMES CO., LTD.",https://shared.akamai.steamstatic.com/store_item_assets/steam/apps/1424800/header_koreana.jpg?t=1776671859,"""대항해시대"" 시리즈의 인기 타이틀 ""대항해시대IV""가 HD로 등장! 16세기 유럽의 ""대항해시대""를 무대로 직접 모험가, 상인, 군인 등이 되어 동시대를 살아가던 많은 사람과 인간 드라마를 만들어나가는 해양 모험 시뮬레이션 RPG입니다. 플레이어는 세계 7대양을 제패하기 위하여 해역의 패권을 다투는 동시에 바닷속에 잠들어 있는 보물 ""패자의 증표""를 찾아야 합니다. 전 세계에 퍼져있는 유적의 탐색, 보물 지도의 해독, 숨겨진 재화를 발견 등 다양한 이벤트가 당신의 항해를 더욱 드라마틱하게 만듭니다."
363890,RPG Maker MV,False,86000,17200,80,8,매우 긍정적,8932,0.9067,RPG|디자인과 일러스트레이션|교육|웹 퍼블리싱|게임 개발,Steam 트레이딩 카드|Steam 창작마당|컨트롤러 일부 지원,,12,2015년 10월 23일,Gotcha Gotcha Games|KADOKAWA|Yoji Ojima,Gotcha Gotcha Games,https://shared.akamai.steamstatic.com/store_item_assets/steam/apps/363890/header.jpg?t=1787875546,"개발자에게 강력한, 아이들에게도 초간단, 모든 플랫폼에 다양하게 적용 가능한 제작 툴! RPG Maker MV로 상상하던 RPG를 직접 제작해 보세요! 최신 버전에는 다양한 신기능과 MacOSX, 안드로이드, 아이폰 형식으로 저장 가능한 기능도 포함!"
686060,Mewgenics,False,32000,32000,0,8,매우 긍정적,53235,0.8985,어드벤처|인디|RPG|시뮬레이션|전략,싱글 플레이어|Steam 도전 과제|컨트롤러 완벽 지원|텍스트 크기 조정|카메라 움직임 조정|색상 대체|음량 개별 조절|마우스 전용 옵션|퀵타임 이벤트 없이 플레이 가능|DUALSHOCK 컨트롤러 지원|DUALSHOCK 컨트롤러 지원|DualSense 컨트롤러 지원|DualSense 컨트롤러 지원|수시 저장|스테레오 사운드|Steam Cloud|가족 공유,싱글 플레이어,6,2026년 2월 10일,Edmund McMillen|Tyler Glaiel,Edmund McMillen|Tyler Glaiel,https://shared.akamai.steamstatic.com/store_item_assets/steam/apps/686060/aa8075d11165fef4d4d0d09c156f0da0623b5da1/header.jpg?t=1771573546,"전술 육성을 통해 최고의 고양이 군대를 만들고, 이들을 깊이있는, 고난이도 턴제 모험에 파견하세요. 아이작의 번제와 디 엔드 이즈 나이 제작자가 만든 이 로그라이크 전술 게임에서 다양한 세대를 거쳐 능력을 선택하고, 아이템을 모으며, 유전자를 조작하세요."
3028310,Nordhold,False,21500,11820,45,8,매우 긍정적,3332,0.867,인디|전략,싱글 플레이어|Steam 도전 과제|Steam 트레이딩 카드|Steam Cloud|Steam 순위표|가족 공유,싱글 플레이어,12,2025년 3월 25일,StunForge,HypeTrain Digital|StunForge,https://shared.akamai.steamstatic.com/store_item_assets/steam/apps/3028310/d01fcd6116c7d93d30f113925dc0b75446afb635/header.jpg?t=1786440879,로그라이트 역학과 턴제 기반 건축 전략을 혼합한 타워 디펜스 게임에서 도시를 건설하고 방어하세요. 히어로를 선택하고 시너지 효과가 가득한 타워 업그레이드를 활용하며 절차적으로 생성된 풍경에서 장대한 전투에 맞서세요.
2004680,보이드링 바운드,False,26500,23850,10,8,매우 긍정적,3391,0.9301,액션|어드벤처|RPG,싱글 플레이어|Steam 도전 과제|컨트롤러 완벽 지원|카메라 움직임 조정|색상 대체|음량 개별 조절|난이도 조정|퀵타임 이벤트 없이 플레이 가능|스테레오 사운드|Steam Cloud|통계|가족 공유,싱글 플레이어,9,2026년 6월 9일,Hatchery Games,Hatchery Games,https://shared.akamai.steamstatic.com/store_item_assets/steam/apps/2004680/e4650e85cce3997a5d89f4bbf5c1c915ca365823/header_koreana.jpg?t=1784227910,"강력한 우주 크리처를 부화시키고, 진화시켜, 업그레이드하세요! 몬스터 육성 장르를 새롭게 재해석한 액션 가득한 SF 3인칭 슈팅 게임!"
4952980,My Party Is Grinding,True,0,0,0,5,복합적,285,0.4246,RPG|무료 플레이,싱글 플레이어|Steam 도전 과제|음량 개별 조절|마우스 전용 옵션|#category_playable_at_your_own_pace|퀵타임 이벤트 없이 플레이 가능|수시 저장|가족 공유,싱글 플레이어,14,2026년 8월 27일,SUPERLINK Inc.,SUPERLINK Inc.,https://shared.akamai.steamstatic.com/store_item_assets/steam/apps/4952980/5715d306e00589ea9cba3d28b0b30ad96fe1a8ba/header.jpg?t=1787820465,"바탕화면 한쪽 작은 창에서 5인 파티가 당신이 일하는 동안 싸우고, 파밍하고, 성장하는 데스크톱 방치형 RPG."
1307550,Craftopia,False,27000,16200,40,6,대체로 긍정적,20216,0.76,액션|어드벤처|인디|RPG|앞서 해보기,싱글 플레이어|멀티플레이어|협동|온라인 협동|LAN 협동|Steam 도전 과제|Steam 창작마당|컨트롤러 일부 지원|Remote Play 태블릿|가족 공유,싱글 플레이어|멀티플레이어|협동|온라인 협동,4,2020년 9월 4일,Pocketpair,Pocketpair,https://shared.akamai.steamstatic.com/store_item_assets/steam/apps/1307550/361f627dbe3904698b178e213e2e29c0818d077e/header.jpg?t=1787650478,"Craftopia is the brand new multiplayer survival action game made in Japan. We combined many features we find enjoyable, such as hunting, farming, hack-and-slash, building, automation to develop this game."
537110,Angels of Death,False,10500,6300,40,9,압도적으로 긍정적,5386,0.9521,어드벤처|인디|RPG,싱글 플레이어|Steam 트레이딩 카드|컨트롤러 일부 지원|가족 공유,싱글 플레이어,6,2016년 12월 19일,Vaka Game Magazine|Makoto Sanada,Vaka Game Magazine,https://shared.akamai.steamstatic.com/store_item_assets/steam/apps/537110/header.jpg?t=1674468422,"「부탁이야. 제발, 나를 죽여줘」「여기서 나갈 수 있도록 도와줘. 그럼 너를, 죽여주지」 ""살육의 천사""는 Episode 1부터 Episode 4까지 4부로 구성된 사이코 호러 어드벤쳐 게임입니다. 일부 과격한 표현이 포함되어 있습니다."
881100,Noita,False,20500,20500,0,9,압도적으로 긍정적,88572,0.9515,액션|어드벤처|인디|RPG|시뮬레이션,싱글 플레이어|Steam 도전 과제|Steam 창작마당|컨트롤러 일부 지원|Steam Cloud|가족 공유,싱글 플레이어,11,2020년 10월 15일,Nolla Games,Nolla Games,https://shared.akamai.steamstatic.com/store_item_assets/steam/apps/881100/header.jpg?t=1675987871,"Noita는 모든 픽셀이 물리적으로 렌더링되는 세계에서 진행되는 마법 액션 로그라이트입니다. 완전히 파괴 가능한 세계에서 직접 만든 마법으로 전투와 탐험을 하고, 녹이고, 태우고, 얼리고, 증발시키며 앞으로 나아가세요. 아니면 그냥 온갖 장난을 치며 문제를 일으켜보세요!"
4195600,AFK Journey,True,0,0,0,6,대체로 긍정적,779,0.7741,어드벤처|캐주얼|RPG|시뮬레이션|무료 플레이,싱글 플레이어|멀티플레이어|MMO|앱 내 구매|카메라 움직임 조정|음량 개별 조절|키보드 전용 옵션|마우스 전용 옵션|퀵타임 이벤트 없이 플레이 가능|수시 저장|가족 공유,싱글 플레이어|멀티플레이어,15,2026년 4월 27일,Farlight Games,Farlight Games,https://shared.akamai.steamstatic.com/store_item_assets/steam/apps/4195600/81c0fda7a03c6a5a636e4b7c18a7464ac364f489/header_koreana.jpg?t=1787018722,"마법으로 가득한 에스페리아 대륙에 오신 것을 환영합니다! 전설의 대마법사 멀린이 되어 독보적인 판타지 그림책 스타일 월드를 탐험해 보세요. 다양한 카드 전략으로 상대를 제압하고, 든든한 영웅들과 함께 에스페리아의 진실을 찾아 나만의 특별한 모험을 완성하세요."
524220,NieR:Automata™,False,44800,44800,0,8,매우 긍정적,153045,0.8743,액션|RPG,싱글 플레이어|Steam 도전 과제|Steam 트레이딩 카드|음량 개별 조절|난이도 조정|#category_playable_at_your_own_pace|퀵타임 이벤트 없이 플레이 가능|스테레오 사운드|컨트롤러 일부 지원|Steam Cloud|Remote Play 휴대전화|Remote Play 태블릿|가족 공유,싱글 플레이어,6,2017년 3월 17일,Square Enix|PlatinumGames Inc.,Square Enix,https://shared.akamai.steamstatic.com/store_item_assets/steam/apps/524220/header.jpg?t=1785182957,"NieR: Automata tells the story of androids 2B, 9S and A2 and their battle to reclaim the machine-driven dystopia overrun by powerful machines."
3178350,무쌍: 어비스,False,29800,29800,0,8,매우 긍정적,2326,0.8598,액션|RPG,싱글 플레이어|Steam 도전 과제|컨트롤러 완벽 지원|Steam 트레이딩 카드|음량 개별 조절|키보드 전용 옵션|퀵타임 이벤트 없이 플레이 가능|DUALSHOCK 컨트롤러 지원|DUALSHOCK 컨트롤러 지원|DualSense 컨트롤러 지원|DualSense 컨트롤러 지원|스테레오 사운드|서라운드 사운드|Steam Cloud|가족 공유,싱글 플레이어,9,2025년 2월 12일,"KOEI TECMO GAMES CO., LTD.","KOEI TECMO GAMES CO., LTD.",https://shared.akamai.steamstatic.com/store_item_assets/steam/apps/3178350/header_koreana.jpg?t=1775537715,역사에 이름을 남긴 일기당천의 영걸들을 구사하여 무수한 적들에게 맞서라. 패배와 승리를 거쳐 지옥의 난관을 돌파하라.
582160,어쌔신 크리드 오리진,False,65000,65000,0,8,매우 긍정적,128584,0.8586,액션|어드벤처|RPG,싱글 플레이어|Steam 도전 과제|Steam 트레이딩 카드|캡션 이용 가능|앱 내 구매|카메라 움직임 조정|음량 개별 조절|난이도 조정|키보드 전용 옵션|마우스 전용 옵션|퀵타임 이벤트 없이 플레이 가능|수시 저장|스테레오 사운드|서라운드 사운드|컨트롤러 일부 지원|Remote Play 태블릿|HDR 사용 가능,싱글 플레이어,14,2017년 10월 26일,Ubisoft Montreal,Ubisoft,https://shared.akamai.steamstatic.com/store_item_assets/steam/apps/582160/header.jpg?t=1786633036,"고대 이집트를 탐험하세요! 강력한 적들을 상대로 전투를 벌이고, 음모를 파헤치고, 암살자 형제단의 기원에 얽힌 이야기를 살펴 보세요."
2495450,Winter Memories,False,20500,20500,0,9,압도적으로 긍정적,10612,0.9748,어드벤처|캐주얼|RPG|시뮬레이션,싱글 플레이어|Steam Cloud|가족 공유,싱글 플레이어,3,2024년 1월 5일,Dojin Otome,Kagura Games,https://shared.akamai.steamstatic.com/store_item_assets/steam/apps/2495450/header.jpg?t=1755877347,"After the unforgettable summer memories you’ve made half a year ago, Yui, Rio, and Miyuki are back. With the change of seasons and the cold falling snow, a new page to your story is about to begin."
1267910,Melvor Idle,False,11000,11000,0,8,매우 긍정적,16153,0.9003,어드벤처|캐주얼|인디|RPG,싱글 플레이어|Steam 도전 과제|Steam 트레이딩 카드|가족 공유,싱글 플레이어,13,2021년 11월 18일,Games by Malcs,Jagex Ltd,https://shared.akamai.steamstatic.com/store_item_assets/steam/apps/1267910/header.jpg?t=1718290779,RuneScape에서 영감을 얻어 제작된 Melvor Idle은 어드벤처 게임의 중독성 있는 요소의 핵심을 가져와 가장 순수한 형태만 남겼습니다! Melvor Idle은 익숙한 감성과 신선한 플레이 경험을 결합하고 다양한 기능을 더한 방치형 게임입니다. 20가지 이상 되는 스킬을 최대 레벨까지 올리며 마음이 편안해지는 것을 느껴보세요.
1292630,3on3 FreeStyle: Rebound,True,0,0,0,5,복합적,4432,0.6196,액션|캐주얼|인디|RPG|스포츠|무료 플레이,싱글 플레이어|멀티플레이어|PvP|온라인 PvP|협동|온라인 협동|크로스 플랫폼 멀티플레이어|Steam 도전 과제|컨트롤러 완벽 지원|Steam 트레이딩 카드|앱 내 구매|DUALSHOCK 컨트롤러 지원|DUALSHOCK 컨트롤러 지원|가족 공유,싱글 플레이어|멀티플레이어|협동|온라인 협동|PvP,14,2020년 7월 14일,Joycity,Joycity,https://shared.akamai.steamstatic.com/store_item_assets/steam/apps/1292630/72efb9c5be31fbf9792e1d7f9bfed4482767efef/header.jpg?t=1784108167,"팀워크, 성장, 전략이 결합된 3on3 길거리 농구! 싱글 커리어 모드와 실시간 매칭, 그리고 향상된 그래픽으로 새로운 플레이를 경험하세요."
1863430,Dragonkin: The Banished,False,27000,27000,0,6,대체로 긍정적,2706,0.7373,액션,싱글 플레이어|멀티플레이어|협동|온라인 협동|스크린 공유 및 분할 협동|공유 및 분할 화면|Steam 도전 과제|컨트롤러 완벽 지원|Steam Cloud|Remote Play Together|가족 공유,싱글 플레이어|멀티플레이어|협동|온라인 협동,11,2026년 3월 16일,Eko Software,Nacon,https://shared.akamai.steamstatic.com/store_item_assets/steam/apps/1863430/25b03c1f61265b2c057ce17d952919a5b61b15a1/header.jpg?t=1785140153,"용의 위협이 다시 한번 우리에게 다가왔습니다. 전설적인 영웅들이 일어나 깊은 곳의 군단에 맞서고 있습니다. 드래곤을 길들이고, Ancestral Grid로 독특한 파워 빌드를 만들고, 도시를 확장하고 드래곤을 파괴하세요!"
1333350,Angel Legion,True,0,0,0,8,매우 긍정적,10981,0.8084,어드벤처|RPG|전략|무료 플레이,싱글 플레이어|멀티플레이어|MMO|PvP|온라인 PvP|협동|온라인 협동|앱 내 구매|가족 공유,싱글 플레이어|멀티플레이어|협동|온라인 협동|PvP,7,2020년 8월 14일,Shanghai SilverMoon Network Technology Co.Ltd,Shanghai SilverMoon Network Technology Co.Ltd,https://shared.akamai.steamstatic.com/store_item_assets/steam/apps/1333350/b2a0327ac1c3cca20f2ad7225d9b0f9a985c6a34/header.jpg?t=1787911290,"간단한 방치 플레이 아름다운 여성 캐릭터, 쾌적한 디자인 자유롭게 캐릭터의 외모를 맞춤 설정 의상은 모두가 공유할 수 있습니다 언제든 게임에 로그인하거나 로그아웃할 수 있습니다 게임 리소스는 언제든지 획득할 수 있습니다"
3314070,The Sims™ 2 레거시 컬렉션,False,33000,33000,0,6,대체로 긍정적,5010,0.7244,시뮬레이션,싱글 플레이어|Steam Cloud|가족 공유,싱글 플레이어,21,2025년 1월 31일,MAXIS,Electronic Arts,https://shared.akamai.steamstatic.com/store_item_assets/steam/apps/3314070/58422bb185c682cb68f2d46d0b049b3f50b3f49e/header.jpg?t=1777389714,여러분이 잘 알고 사랑하는 게임(Windows 10/11용) The Sims 2에서 심들의 일생을 관리하세요. 심들이 오래 살게 하거나 그들의 삶을 난장판으로 만드세요. 한 세대에서 다음 세대로 심들을 안내하세요.
1245560,Roots of Pacha,False,27800,16680,40,8,매우 긍정적,4539,0.9361,인디|RPG|시뮬레이션,싱글 플레이어|멀티플레이어|협동|온라인 협동|크로스 플랫폼 멀티플레이어|Steam 도전 과제|DUALSHOCK 컨트롤러 지원|DualSense 컨트롤러 지원|DualSense 컨트롤러 지원|컨트롤러 일부 지원|Steam Cloud|가족 공유,싱글 플레이어|멀티플레이어|협동|온라인 협동,10,2023년 4월 25일,Soda Den,Soda Den,https://shared.akamai.steamstatic.com/store_item_assets/steam/apps/1245560/fb243da1a884f5ae805d4cd09aed4714728af7c7/header.jpg?t=1779280759,매력적이고 편안한 석기시대 농사 시뮬레이션 게임에서 번성하는 공동체의 일원으로 살아가며 파챠의 놀라운 세계를 탐험해 보세요. '아이디어'를 발견하고 농작물을 재배하며 동물과 친구가 되고 마을의 성장을 도우세요. 친구와 함께 협동으로 플레이하거나 싱글 플레이어로 문명의 초창기를 탐험할 수 있습니다.
1948980,大侠立志传,False,19500,19500,0,8,매우 긍정적,24521,0.8449,어드벤처|인디|RPG|시뮬레이션,싱글 플레이어|Steam 도전 과제|컨트롤러 완벽 지원|Steam 창작마당|Steam Cloud|가족 공유,싱글 플레이어,7,2023년 11월 15일,半瓶醋工作室（Half Amateur Studio）,XD,https://shared.akamai.steamstatic.com/store_item_assets/steam/apps/1948980/70d06e69886f0dd0fce3e73c453e6f886993bf55/header.jpg?t=1786720220,Hero's Adventure:Road to Passion is a wuxia open-world RPG. You will commence your journey as an underdog in the tumultuous Martial World and will be met with a wide array of choices as you navigate your own heroic saga.
4676750,탭 던전,False,5450,4360,20,8,매우 긍정적,112,0.8571,인디|전략,싱글 플레이어|Steam 도전 과제|Steam Cloud|가족 공유,싱글 플레이어,12,2026년 8월 27일,Xiao5 Studios,Xiao5 Studios,https://shared.akamai.steamstatic.com/store_item_assets/steam/apps/4676750/4be104a94f374b6a80cf8f56647f00efdd7b06a3/header.jpg?t=1787890470,"Pixel-Isekai-Roguelike! 5 Klassen, Skills & Items frei kombiniert im rundenbasierten Kampf durch tödliche Random-Dungeons. Kämpfe gegen Goblins, Orks und Untote; sammle Artefakte, besiege versteckte Bosse. Tod = Wiedergeburt, endlose Builds warten. Werde der Held, der das Königreich rettet!"
1527950,Wartales,False,36000,36000,0,8,매우 긍정적,35560,0.8584,어드벤처|인디|RPG|전략,싱글 플레이어|멀티플레이어|협동|온라인 협동|Steam 도전 과제|컨트롤러 완벽 지원|Steam Cloud|가족 공유,싱글 플레이어|멀티플레이어|협동|온라인 협동,9,2023년 4월 12일,Shiro Games,Shiro Games,https://shared.akamai.steamstatic.com/store_item_assets/steam/apps/1527950/056a8ddd7badf09aa3a0bba38b8f017002ae83e0/header_alt_assets_19.jpg?t=1786542853,"Wartales is an open world RPG in which you lead a group of mercenaries in their search for wealth across a massive medieval universe. Explore the world, recruit companions, collect bounties and unravel the secrets of the tombs of the ancients!"
885810,The Witch's House MV,False,16500,16500,0,9,압도적으로 긍정적,4123,0.95,어드벤처|캐주얼|인디|RPG,싱글 플레이어|컨트롤러 완벽 지원|가족 공유,싱글 플레이어,11,2018년 10월 30일,Fummy,DANGEN Entertainment,https://shared.akamai.steamstatic.com/store_item_assets/steam/apps/885810/header.jpg?t=1772601594,"소녀 비올라는 숲 속에 있는 수수께끼의 별장으로 이끌려 오고 말았다. 아픔과 혼란, 그리고 죽음으로 가득 찬 그 장소에서, 가증스러운 어둠과 혐오스러운 과거를 살펴라. 당신의 앞길을 막는 수수께끼를 풀어라. 그리고 마녀의 집의 지옥과 같은 공간 속에서 도망쳐라."
719040,Wasteland 3,False,41000,41000,0,8,매우 긍정적,22353,0.8463,RPG|전략,싱글 플레이어|멀티플레이어|협동|온라인 협동|크로스 플랫폼 멀티플레이어|Steam 도전 과제|Steam 트레이딩 카드|Steam Cloud|Remote Play 태블릿|가족 공유,싱글 플레이어|멀티플레이어|협동|온라인 협동,8,2020년 8월 27일,inXile Entertainment,inXile Entertainment|Xbox Game Studios,https://shared.akamai.steamstatic.com/store_item_assets/steam/apps/719040/header.jpg?t=1776379742,"Following the critically acclaimed 2014 Game of the Year winner Wasteland 2, the RPG series that pioneered the post-apocalyptic genre in video games returns with Wasteland 3."
527230,For The King,False,20500,20500,0,8,매우 긍정적,43729,0.8772,어드벤처|인디|RPG|전략,싱글 플레이어|멀티플레이어|PvP|온라인 PvP|스크린 공유 및 분할 PvP|협동|온라인 협동|스크린 공유 및 분할 협동|공유 및 분할 화면|Steam 도전 과제|컨트롤러 완벽 지원|Steam 트레이딩 카드|난이도 조정|키보드 전용 옵션|마우스 전용 옵션|수시 저장|Steam Cloud|Remote Play 휴대전화|Remote Play 태블릿|Remote Play TV|Remote Play Together|가족 공유,싱글 플레이어|멀티플레이어|협동|온라인 협동|PvP,12,2018년 4월 19일,IronOak Games,Curve Games,https://shared.akamai.steamstatic.com/store_item_assets/steam/apps/527230/166aff558fda0f7e13df1970c7e825805c6e52b0/header_alt_assets_14.jpg?t=1762445651,For The King is a strategic RPG that blends tabletop and roguelike elements in a challenging adventure that spans the realms. Set off on a single player experience or play cooperatively both online and locally.
601510,Yu-Gi-Oh! Duel Links,True,0,0,0,8,매우 긍정적,44943,0.829,전략|무료 플레이,싱글 플레이어|멀티플레이어|PvP|온라인 PvP|크로스 플랫폼 멀티플레이어|Steam 도전 과제|Steam 트레이딩 카드|앱 내 구매|가족 공유,싱글 플레이어|멀티플레이어|PvP,10,2017년 11월 16일,KONAMI,KONAMI,https://shared.akamai.steamstatic.com/store_item_assets/steam/apps/601510/c5bbd8019f5e1a5d5e21a5264246598222a4659f/header.jpg?t=1782230369,"""Yu-Gi-Oh! Duel Links""에서 전 세계 듀얼리스트와 대결하세요! 디멘션을 넘어 모든 듀얼리스트를 연결하는 세계로 들어오세요. 듀얼 월드에서는 그 어느 곳이든 치열한 듀얼이 펼쳐지는 듀얼 필드로 변할 수 있습니다!"
2891940,귀귀살전,False,5600,5600,0,8,매우 긍정적,149,0.8926,캐주얼|인디|대규모 멀티플레이어|전략,멀티플레이어|PvP|온라인 PvP|Steam 도전 과제|앱 내 구매|가족 공유,멀티플레이어|PvP,5,2026년 2월 6일,HellAssociation,HellAssociation,https://shared.akamai.steamstatic.com/store_item_assets/steam/apps/2891940/header_koreana.jpg?t=1770368237,"『귀귀살전』 (Who's Next?) 은 한국 전통 배경의 지옥에서 펼쳐지는 귀신, 요괴 영혼들의 살육전을 컨셉으로 한, 멀티플레이 개인전 꼬리잡기사회적 추론 (소셜 디덕션, Social Deduction) 게임입니다.당신의 목표를 찾아 처치하십시오! 차례로 모든 목표들을 처치하고, 최후의 1인이 되어 승리하십시오!!"
2936290,The Life and Suffering of Prince Jerian,False,26500,26500,0,6,대체로 긍정적,1600,0.76,인디|RPG,싱글 플레이어|Steam 도전 과제|카메라 움직임 조정|음량 개별 조절|퀵타임 이벤트 없이 플레이 가능|자막 옵션|Steam Cloud|가족 공유,싱글 플레이어,11,2026년 7월 20일,Schisma Games,101XP,https://shared.akamai.steamstatic.com/store_item_assets/steam/apps/2936290/07af765e1cc1f571cd94303a2e9cd8e81ff71b4b/header.jpg?t=1785837208,"이 게임은 축복받은 아크니안 제국의 황태자 이야기가 담긴 내러티브 롤플레잉 게임입니다. 황태자의 손에는 거대한 권력이 쥐여 있지만, 어깨에는 그만큼 무거운 의무도 짊어지고 있죠. 세상을 바꾸고 진정한 자신의 모습을 지킬 수 있을까요? 모든 결정에는 대가가 따르는 법입니다."
1901370,Ib,False,13500,13500,0,9,압도적으로 긍정적,5294,0.9896,어드벤처|인디,싱글 플레이어|Steam 도전 과제|컨트롤러 완벽 지원|Steam 트레이딩 카드|Steam Cloud|가족 공유,싱글 플레이어,11,2022년 4월 11일,kouri,PLAYISM,https://shared.akamai.steamstatic.com/store_item_assets/steam/apps/1901370/header.jpg?t=1779842056,꺼림칙한 미술관을 무대로 하는 2D 탐색형 어드벤처. 아이템이나 미술품의 특성을 살려 여러 가지 장치들을 풀며　기묘한 미술관에서의 탈출을 목표로 나아갑니다.
1970030,동방화심전 - Touhou Blooming Soul,False,8800,7920,10,9,압도적으로 긍정적,1139,0.9658,액션|어드벤처|인디|RPG|앞서 해보기,싱글 플레이어|Steam 도전 과제|컨트롤러 완벽 지원|카메라 움직임 조정|음량 개별 조절|난이도 조정|게임패드 권장|키보드 전용 옵션|DUALSHOCK 컨트롤러 지원|DUALSHOCK 컨트롤러 지원|DualSense 컨트롤러 지원|DualSense 컨트롤러 지원|수시 저장|스테레오 사운드|Steam Cloud|가족 공유,싱글 플레이어,5,2026년 1월 30일,二色幽紫蝶,二色幽紫蝶,https://shared.akamai.steamstatic.com/store_item_assets/steam/apps/1970030/152dc64b9bfc9cb3601a7e428a3a48fb47aed871/header.jpg?t=1782391411,"본 게임은 동방 프로젝트의 등장 캐릭터 ""하타노 코코로""를 주연으로 하여 환상향을 무대로 각지를 돌아다니며 적을 물리치는 방식의 빠른 페이스로 진행되는 횡스크롤 액션 게임으로, 가벼운 로그라이트 요소를 갖추고 있습니다.게임 내에는 무작위 아이템, 스킬, 맵 등 다양한 요소가 존재하며, 매 플레이마다 다른 스타일로 즐길 수 있습니다."
1457510,영웅전설 섬의 궤적 Ⅳ -THE END OF SAGA-,False,50000,20000,60,8,매우 긍정적,545,0.8642,RPG,싱글 플레이어|Steam 도전 과제|게임패드 권장|DUALSHOCK 컨트롤러 지원|컨트롤러 일부 지원|Steam Cloud|가족 공유,싱글 플레이어,2,2021년 12월 22일,Nihon Falcom,Clouded Leopard Entertainment,https://shared.akamai.steamstatic.com/store_item_assets/steam/apps/1457510/header_koreana.jpg?t=1738804245,스토리 RPG 「섬의 궤적」 시리즈의 완결편! 『영웅전설 섬의 궤적 IV -THE END OF SAGA-』가 마침내 등장한다!
1593500,God of War,False,52800,52800,0,9,압도적으로 긍정적,184132,0.9594,액션|어드벤처|RPG,싱글 플레이어|Steam 도전 과제|컨트롤러 완벽 지원|텍스트 크기 조정|카메라 움직임 조정|색상 대체|음량 개별 조절|난이도 조정|키보드 전용 옵션|게임 메뉴 음성 안내|퀵타임 이벤트 없이 플레이 가능|DUALSHOCK 컨트롤러 지원|DUALSHOCK 컨트롤러 지원|DualSense 컨트롤러 지원|DualSense 컨트롤러 지원|수시 저장|스테레오 사운드|자막 옵션|서라운드 사운드|Steam Cloud|Remote Play TV|가족 공유,싱글 플레이어,18,2022년 1월 14일,Santa Monica Studio|Jetpack Interactive,PlayStation Publishing LLC,https://shared.akamai.steamstatic.com/store_item_assets/steam/apps/1593500/header.jpg?t=1763059412,"올림푸스 신들을 향한 복수심을 뒤로하고 크레토스는 이제 북유럽 신과 괴물의 땅에 살고 있습니다. 항상 생존을 위해 싸워야 하는 이 혹독하고 가차 없는 세상에서, 그는 생존을 위해 싸우고… 아들에게도 그 방식을 가르쳐야 합니다."
1958220,마녀의샘R,False,39800,39800,0,9,압도적으로 긍정적,8182,0.9583,어드벤처|인디|RPG,싱글 플레이어|컨트롤러 완벽 지원|게임패드 권장|DUALSHOCK 컨트롤러 지원|DUALSHOCK 컨트롤러 지원|DualSense 컨트롤러 지원|DualSense 컨트롤러 지원|가족 공유,싱글 플레이어,7,2023년 9월 25일,KIWIWALKS,KIWIWALKS,https://shared.akamai.steamstatic.com/store_item_assets/steam/apps/1958220/221d256cef390b4c0945707948cd47bd54863aa3/header.jpg?t=1755886509,"《마녀의 샘R》은 수집, 육성, 전투 요소가 절묘하게 조화된 스토리형 육성 RPG입니다. 용사들에게 쫓겨 살아가는 한 작은 마녀의 이야기."
1450080,영웅전설 섬의 궤적 III / THE LEGEND OF HEROES: SEN NO KISEKI III,False,49800,19920,60,8,매우 긍정적,642,0.8224,RPG,싱글 플레이어|Steam 도전 과제|게임패드 권장|DUALSHOCK 컨트롤러 지원|컨트롤러 일부 지원|Steam Cloud|가족 공유,싱글 플레이어,2,2021년 3월 24일,Nihon Falcom,Clouded Leopard Entertainment,https://shared.akamai.steamstatic.com/store_item_assets/steam/apps/1450080/header_koreana.jpg?t=1738804119,"내전이 끝난 후의 거대 군사 국가, 에레보니아 제국을 무대로 한 ‘영웅전설 섬의 궤적 III'의 PC 버전이 등장!"
3478050,성세천하: 여제의 탄생 I,False,11600,11600,0,8,매우 긍정적,13246,0.8665,어드벤처|캐주얼|인디|RPG|시뮬레이션,싱글 플레이어|Steam 도전 과제|앱 내 구매|가족 공유,싱글 플레이어,9,2025년 9월 8일, New One Studio, New One Studio|Ariel,https://shared.akamai.steamstatic.com/store_item_assets/steam/apps/3478050/bcd2f7ffddf85ffd1a7fd7d756a72507d54a4de5/header_koreana.jpg?t=1783058959,내 선택이 모두의 운명을 결정하는 시네마틱 인터랙티브 궁중 어드벤처 게임! 수많은 분기 스토리와 극악 사망률의 도전에서 살아남아 정점에 오를 수 있을까요? 성세천하: 여제의 탄생 I이 당신을 스릴 넘치는 궁중 암투의 여정으로 초대합니다.
1432050,Nobody Saves the World,False,26500,7950,70,8,매우 긍정적,6879,0.91,액션|어드벤처|인디|RPG,싱글 플레이어|멀티플레이어|협동|온라인 협동|스크린 공유 및 분할 협동|공유 및 분할 화면|Steam 도전 과제|컨트롤러 완벽 지원|Steam 트레이딩 카드|게임패드 권장|DUALSHOCK 컨트롤러 지원|DUALSHOCK 컨트롤러 지원|DualSense 컨트롤러 지원|DualSense 컨트롤러 지원|Steam Cloud|Remote Play Together|가족 공유,싱글 플레이어|멀티플레이어|협동|온라인 협동,10,2022년 1월 18일,Drinkbox Studios,Drinkbox Studios,https://shared.akamai.steamstatic.com/store_item_assets/steam/apps/1432050/header.jpg?t=1771966069,"이렇다 할 특징 없는 아무개가 달팽이, 유령, 용으로 변신하는 액션 RPG! Guacamelee 제작사가 새롭게 선보입니다! 15가지 이상의 독특한 형태를 발견하고, 능력을 조합하고, 진화하는 던전을 클리어하고... 내친 김에 세계까지 구해볼까요!?"
1989270,Slay the Princess — The Pristine Cut,False,19300,19300,0,9,압도적으로 긍정적,33741,0.9673,어드벤처|인디|RPG|시뮬레이션,싱글 플레이어|Steam 도전 과제|컨트롤러 완벽 지원|Steam 트레이딩 카드|텍스트 크기 조정|음량 개별 조절|키보드 전용 옵션|마우스 전용 옵션|게임 메뉴 음성 안내|퀵타임 이벤트 없이 플레이 가능|DUALSHOCK 컨트롤러 지원|DUALSHOCK 컨트롤러 지원|DualSense 컨트롤러 지원|DualSense 컨트롤러 지원|수시 저장|자막 옵션|Steam Cloud|가족 공유,싱글 플레이어,13,2023년 10월 23일,Black Tabby Games,Black Tabby Games|Serenity Forge,https://shared.akamai.steamstatic.com/store_item_assets/steam/apps/1989270/74a54248cfec29144de5e867a333c30e6d62801d/header.jpg?t=1775751748,당신은 공주를 처치해야 합니다. 공주의 거짓말에 속지 마세요.
1830290,Fall of an Empire,False,32000,19200,40,6,대체로 긍정적,85,0.7294,RPG|시뮬레이션|전략,싱글 플레이어|Steam 도전 과제|카메라 움직임 조정|음량 개별 조절|마우스 전용 옵션|#category_playable_at_your_own_pace|퀵타임 이벤트 없이 플레이 가능|수시 저장|스테레오 사운드|Steam Cloud|가족 공유,싱글 플레이어,22,2026년 3월 3일,JG Games,JG Games,https://shared.akamai.steamstatic.com/store_item_assets/steam/apps/1830290/4992f1953afced9583afdd2127f8533372bad9ce/header.jpg?t=1786361225,"무너져가는 제국에서 멸망을 저지하는 대서사시 그랜드 전략 게임을 경험하십시오. Fall of an Empire에서는 방대한 로마풍 세계를 배경으로 침략과 음모 속에서 살아남기 위해 치명적인 정치의 균형을 맞추고, 자원을 관리하며, 전투를 지휘해야 합니다."
3069120,러브커스: 사랑이 아니면 죽음뿐,False,17400,13920,20,9,압도적으로 긍정적,3399,0.9529,RPG,싱글 플레이어|Steam 도전 과제|가족 공유,싱글 플레이어,4,2025년 4월 19일,Xso,Xso,https://shared.akamai.steamstatic.com/store_item_assets/steam/apps/3069120/d0871ac8c8a2ba03c2da423d3472054dcbcc15bd/header_koreana.jpg?t=1787138479,"캠퍼스와 직장에서 펼쳐지는 백합 비주얼 노벨. 죽음의 저주를 짊어지고 운명의 연인을 찾아 나선 주인공, 그러나 상황이 전개됨에 따라 그녀는 더 큰 문제를 마주해야만 하였으니…"
3449590,무림생존,False,8900,8900,0,6,대체로 긍정적,281,0.7651,액션|어드벤처|캐주얼|인디|RPG,싱글 플레이어|Steam 도전 과제|컨트롤러 완벽 지원|Steam Cloud|가족 공유,싱글 플레이어,11,2026년 5월 4일,Sunwood Games,Sunwood Games,https://shared.akamai.steamstatic.com/store_item_assets/steam/apps/3449590/7c24ae31953d882510d4eba4fecf125bdd64f263/header.jpg?t=1777939129,"무림생존은 제한 시간 동안 끊임없이 몰려오는 적을 상대로 살아남는 서바이벌 로그라이트 게임입니다. 멸망해가는 세계를 탐험하고 무공, 장비, 특성 등을 획득하며 무림의 영웅으로 거듭나세요."
1069660,Ultimate Admiral: Dreadnoughts,False,37500,37500,0,5,복합적,7967,0.6088,인디|RPG|시뮬레이션|전략,싱글 플레이어|가족 공유,싱글 플레이어,10,2023년 1월 25일,Game-Labs,Game-Labs,https://shared.akamai.steamstatic.com/store_item_assets/steam/apps/1069660/header.jpg?t=1735385538,"Design warships the way you want them, command fleets, win the naval arms race for your nation!"
2993780,FANTASY LIFE i: 빙글빙글 용과 시간을 훔치는 소녀,False,64800,64800,0,8,매우 긍정적,13517,0.916,RPG,싱글 플레이어|멀티플레이어|협동|온라인 협동|크로스 플랫폼 멀티플레이어|Steam 도전 과제|컨트롤러 완벽 지원|게임패드 권장|DUALSHOCK 컨트롤러 지원|DualSense 컨트롤러 지원|Steam Input API 지원|Steam Cloud|HDR 사용 가능|가족 공유,싱글 플레이어|멀티플레이어|협동|온라인 협동,9,2025년 5월 21일,LEVEL5 Inc.,LEVEL5 Inc.,https://shared.akamai.steamstatic.com/store_item_assets/steam/apps/2993780/header_koreana.jpg?t=1749900924,"14개의 고유 직업을 자유롭게 넘나들며 근심 걱정 없는 판타지 세계의 '라이프'를 누릴 수 있는, 슬로우 라이프 RPG로 초대합니다. 낚시하고 요리하며 섬을 원하는 대로 꾸미거나 친구들과 팀을 이뤄 광활한 세계를 가로지르며 몬스터와 전투하세요. 어떤 삶을 살게 될지는 여러분의 선택에 달려 있어요!"
1735700,Back to the Dawn ~브레이크 더 애니멀 프리즌~,False,29000,29000,0,8,매우 긍정적,10376,0.9449,어드벤처|인디|RPG|시뮬레이션|전략,싱글 플레이어|Steam 도전 과제|컨트롤러 완벽 지원|Steam 트레이딩 카드|색상 대체|난이도 조정|스테레오 사운드|Steam Cloud|가족 공유,싱글 플레이어,8,2025년 7월 17일,Metal Head Games,Spiral Up Games,https://shared.akamai.steamstatic.com/store_item_assets/steam/apps/1735700/dbdd7b4d93b15f650944e2affb21bc69e8c5f693/header_koreana.jpg?t=1786437772,"당신은 여우 기자 토마스가 되어 혹독한 교도소 환경에서 생존하며, 탐험하고, 탈출해야 합니다. 증거를 모아 누명을 벗으세요. 개성 넘치는 수감자들과 어울리고, 세력 다툼 속에서 활로를 찾으세요. 잠입 경찰 흑표범 밥이 합류했습니다. 지금 바로 CRPG 모험을 체험해 보세요!"
2195410,Songs of Silence,False,35000,15750,55,8,매우 긍정적,2741,0.8074,어드벤처|인디|RPG|시뮬레이션|전략,싱글 플레이어|멀티플레이어|PvP|온라인 PvP|협동|온라인 협동|Steam 도전 과제|컨트롤러 완벽 지원|Steam 트레이딩 카드|텍스트 크기 조정|색상 대체|음량 개별 조절|난이도 조정|마우스 전용 옵션|퀵타임 이벤트 없이 플레이 가능|DUALSHOCK 컨트롤러 지원|DUALSHOCK 컨트롤러 지원|DualSense 컨트롤러 지원|DualSense 컨트롤러 지원|수시 저장|스테레오 사운드|Steam Cloud|가족 공유,싱글 플레이어|멀티플레이어|협동|온라인 협동|PvP,14,2024년 11월 13일,Chimera Entertainment,Chimera Entertainment|H2 Interactive (Korea and Japan),https://shared.akamai.steamstatic.com/store_item_assets/steam/apps/2195410/a23dc3dc83a4871b151cd62533802bcac262746c/header.jpg?t=1786366406,군대를 이끌고 몰락한 왕국을 재건하여 위대함에 도달하세요! 시각적으로 놀라운 세계에서 전략적인 서사적 여정을 시작하세요. 치열한 전투를 치르고 매혹적인 이야기를 밝혀내세요.
3683770,Boba Cafe Simulator,False,17000,17000,0,8,매우 긍정적,1339,0.9216,캐주얼|RPG|시뮬레이션,싱글 플레이어|멀티플레이어|협동|온라인 협동|Steam 도전 과제|카메라 움직임 조정|음량 개별 조절|퀵타임 이벤트 없이 플레이 가능|수시 저장|스테레오 사운드|컨트롤러 일부 지원|Steam Cloud|가족 공유,싱글 플레이어|멀티플레이어|협동|온라인 협동,11,2026년 7월 24일,Caikemi,Caikemi|Erabit,https://shared.akamai.steamstatic.com/store_item_assets/steam/apps/3683770/b21fdafae2937a996d164151925e426571340447/header.jpg?t=1787063145,"당신은 다시 태어났습니다. 창업의 시작점으로. 전생에서는 운영 실패로 가게가 경쟁자에게 무너졌지만, 이번에는 연유의 달콤한 향이 혈관을 타고 흐릅니다. 당신의 목표는 단 하나—‘Bingbao’를 업계 정상으로 만드는 것!"
1371580,Myth of Empires,False,32000,8000,75,5,복합적,17538,0.6756,,싱글 플레이어|멀티플레이어|MMO|PvP|온라인 PvP|LAN PvP|협동|온라인 협동|LAN 협동|Steam 도전 과제|Steam 창작마당|앱 내 구매|HDR 사용 가능,싱글 플레이어|멀티플레이어|협동|온라인 협동|PvP,15,2024년 2월 21일,Angela Game,Imperium Interactive Entertainment,https://shared.akamai.steamstatic.com/store_item_assets/steam/apps/1371580/header.jpg?t=1783469343,"'미스 오브 엠파이어'는 높은 자유도의 냉병기 전쟁 테마 멀티플레이 샌드박스 게임입니다. 플레이어는 여러 문명이 공존하는 세계에서 생존, 건설, 관리 및 창조 등의 푸짐한 콘텐츠를 체험할 수 있습니다. 또한, 거대한 PVE, 또는 PVP 세계에서 플레이어는 세력을 이끌고 성과 영지를 점령하여 자신만의 제국을 이룩할 수 있습니다! 서역 문명 DLC가 정식으로 출시되었습니다."
1147860,UFO 50,False,27000,18900,30,9,압도적으로 긍정적,7470,0.9511,액션|어드벤처|인디|RPG|전략,싱글 플레이어|멀티플레이어|PvP|스크린 공유 및 분할 PvP|협동|스크린 공유 및 분할 협동|공유 및 분할 화면|Steam 도전 과제|컨트롤러 완벽 지원|Steam 트레이딩 카드|DualSense 컨트롤러 지원|DualSense 컨트롤러 지원|Steam Cloud|Remote Play Together|가족 공유,싱글 플레이어|멀티플레이어|협동|PvP,7,2024년 9월 18일,Mossmouth,Mossmouth,https://shared.akamai.steamstatic.com/store_item_assets/steam/apps/1147860/header.jpg?t=1776264051,"UFO 50 is a collection of 50 single and multiplayer games that span a variety of genres, from platformers and shoot 'em ups to puzzle games, roguelites, and RPGs. Our goal is to combine a familiar 8-bit aesthetic with new ideas and modern game design."
2515020,FINAL FANTASY XVI,False,58800,58800,0,6,대체로 긍정적,33356,0.7848,액션|RPG,싱글 플레이어|Steam 도전 과제|컨트롤러 완벽 지원|Steam 트레이딩 카드|캡션 이용 가능|텍스트 크기 조정|음량 개별 조절|난이도 조정|DUALSHOCK 컨트롤러 지원|DUALSHOCK 컨트롤러 지원|DualSense 컨트롤러 지원|DualSense 컨트롤러 지원|수시 저장|스테레오 사운드|자막 옵션|서라운드 사운드|Steam Cloud|HDR 사용 가능|가족 공유,싱글 플레이어,14,2024년 9월 17일,Square Enix,Square Enix,https://shared.akamai.steamstatic.com/store_item_assets/steam/apps/2515020/header.jpg?t=1773294537,"강대한 소환수의 힘을 조종하는 「도미넌트」에 의해 일어난 전란의 시대를 그린 중후하고 장대한 판타지 세계. 플레이어는 주인공 클라이브 로즈필드의 생애를 따라가며, 가혹한 운명 속에서 발견하는 정의, 그리고 세계의 진실에 다가간다."
1235140,용과 같이7 빛과 어둠의 행방　International,False,19800,19800,0,8,매우 긍정적,37442,0.9401,액션|어드벤처|RPG,싱글 플레이어|Steam 도전 과제|컨트롤러 완벽 지원|Steam 트레이딩 카드|가족 공유,싱글 플레이어,11,2020년 11월 10일,RGG Studio,SEGA,https://shared.akamai.steamstatic.com/store_item_assets/steam/apps/1235140/header_koreana.jpg?t=1781264130,새로운 주인공 카스가 이치반이 「요코하마 이세자키 이진쵸」에서 동료들과 함께 악당들을 물리치는 뜨거운 드라마를 체험할 수 있습니다.
1272080,PAYDAY 3,False,30400,30400,0,5,복합적,65290,0.4551,액션|어드벤처|RPG,싱글 플레이어|멀티플레이어|협동|온라인 협동|크로스 플랫폼 멀티플레이어|Steam 도전 과제|Steam 트레이딩 카드|앱 내 구매|카메라 움직임 조정|음량 개별 조절|난이도 조정|DUALSHOCK 컨트롤러 지원|DUALSHOCK 컨트롤러 지원|DualSense 컨트롤러 지원|DualSense 컨트롤러 지원|스테레오 사운드|자막 옵션|서라운드 사운드|컨트롤러 일부 지원|Steam Cloud|가족 공유,싱글 플레이어|멀티플레이어|협동|온라인 협동,14,2023년 9월 21일,Starbreeze Studios,Starbreeze Entertainment,https://shared.akamai.steamstatic.com/store_item_assets/steam/apps/1272080/161aa248d7bee649f3a37fbc54189952b281b7a2/header.jpg?t=1787667081,PAYDAY 3는 궁극적인 FPS 범죄 판타지 게임입니다. 혼자서 작업하거나 코옵 모드로 범죄를 꾸미세요. 스텔스 및 라우드 방식 중에서 선택하고 치명적인 무기고를 만들어 완벽한 하이스트를 행하세요.
3555700,Liar Game,False,3400,3400,0,8,매우 긍정적,116,0.8276,캐주얼|인디|RPG|전략,멀티플레이어|PvP|온라인 PvP|가족 공유,멀티플레이어|PvP,2,2025년 3월 31일,Kark Project,Kark Project,https://shared.akamai.steamstatic.com/store_item_assets/steam/apps/3555700/header.jpg?t=1743473967,누가 라이어인지 찾아내세요! 서로 속고 속이는 치열한 두뇌 싸움에서 승리할 수 있을까요?
3072640,가이더스 제로,False,16500,8250,50,6,대체로 긍정적,643,0.7574,액션|어드벤처|인디|전략,싱글 플레이어|Steam 도전 과제|컨트롤러 완벽 지원|Steam Cloud|가족 공유,싱글 플레이어,9,2025년 3월 26일,izzle,Com2us Holdings,https://shared.akamai.steamstatic.com/store_item_assets/steam/apps/3072640/0ab16499e69a9e5d44c82fb29ef728eea4e1815c/header.jpg?t=1756878236,가이더스 제로는 실시간 그리드 액션 로그라이크 게임입니다. 대륙에 생겨난 미지의 싱크홀 '상처'를 탐험하며 신비로운 정령들과 보물상자를 찾아보세요. 그리고 어둠에 침식된 적들과 강력한 보스를 물리치고 상처의 최하층에 도달해보세요. 재앙의 원인이 기다리고 있습니다.
1031510,슈퍼로봇대전 X,False,54800,19180,65,8,매우 긍정적,2112,0.8878,RPG|전략,싱글 플레이어|Steam 도전 과제|컨트롤러 완벽 지원|Steam 트레이딩 카드|DUALSHOCK 컨트롤러 지원|DUALSHOCK 컨트롤러 지원|Steam Cloud|가족 공유,싱글 플레이어,4,2020년 1월 9일,Bandai Namco Forge Digitals Inc.,BANDAI NAMCO Entertainment,https://shared.akamai.steamstatic.com/store_item_assets/steam/apps/1031510/header.jpg?t=1755584896,"전쟁의 신들의 운명은, 새로운 세계에서 교차(X-cross-)한다 이세계 '알 워스'를 무대로 로봇들이 작품의 울타리를 넘어 한자리에 모이는 슈퍼로봇대전 X가 Steam으로 등장! 기묘한 운명에 이끌려 '알 워스'에 모인 전쟁의 신들을 기다리는 것은…?"
2634950,Tokyo Xtreme Racer,False,54800,32880,40,8,매우 긍정적,15648,0.936,레이싱|RPG,싱글 플레이어|Steam 도전 과제|컨트롤러 완벽 지원|음량 개별 조절|게임패드 권장|퀵타임 이벤트 없이 플레이 가능|DUALSHOCK 컨트롤러 지원|DualSense 컨트롤러 지원|Steam Cloud|HDR 사용 가능|가족 공유,싱글 플레이어,6,2025년 9월 24일,"Genki Co., Ltd.","Genki Co., Ltd.",https://shared.akamai.steamstatic.com/store_item_assets/steam/apps/2634950/aae5577300b99489952bca138e8350317071d957/header.jpg?t=1772290875,"The title of “fastest” never fades. Race through the sealed future Tokyo night highways in your customized car. Defeat rivals in “SP Battle,” where drivers clash by draining Spirit Points. A unique racing game where only the rules for victory matter."
551170,Onmyoji,True,0,0,0,8,매우 긍정적,3091,0.8195,어드벤처|RPG|전략,멀티플레이어|MMO|Steam 도전 과제|Steam 트레이딩 카드|앱 내 구매|가족 공유,멀티플레이어,1,2018년 4월 18일,NetEase Games,NetEase Games,https://shared.akamai.steamstatic.com/store_item_assets/steam/apps/551170/header.jpg?t=1589523174,"Onmyoji is a turn-based fantasy strategy game with PVP or PVE battles, where you can strengthen your beloved shikigami to build your dream tactical team and defeat various demons to become the ultimate onmyoji. Cross-platform play available for both Steam and English mobile versions."
1144400,Senren＊Banka,False,36000,18720,48,9,압도적으로 긍정적,36918,0.9848,어드벤처|캐주얼,싱글 플레이어|Steam 도전 과제|Steam 트레이딩 카드|컨트롤러 일부 지원|Steam Cloud|Remote Play 휴대전화|Remote Play 태블릿|가족 공유,싱글 플레이어,4,2020년 2월 14일,YUZUSOFT,HIKARI FIELD|NekoNyan Ltd.,https://shared.akamai.steamstatic.com/store_item_assets/steam/apps/1144400/header.jpg?t=1752128014,"Senren＊Banka is a Japanese-style visual novel produced by Yuzusoft, a Japanese developer of romance VNs. This game commemorated Yuzusoft's 10th anniversary. It won numerous awards on the year of its release in Japan for its art, music, and characters."
1254120,Bless Unleashed,True,0,0,0,5,복합적,31102,0.528,액션|대규모 멀티플레이어|RPG|무료 플레이,멀티플레이어|MMO|Steam 도전 과제|컨트롤러 완벽 지원|Steam 트레이딩 카드|앱 내 구매|가족 공유,멀티플레이어,6,2021년 8월 6일,VALOFE,VALOFE,https://shared.akamai.steamstatic.com/store_item_assets/steam/apps/1254120/header.jpg?t=1734325138,Bless Unleashed는 수많은 유저와 함께 즐기는 오픈월드 액션 온라인 게임입니다. 당신의 친구들과 함께 드넓은 필드와 위협적인 던전을 모험하고 타격감 넘치는 액션 전투를 경험해 보십시오. 세계를 위협하는 음모에 대항하고 신들의 가호를 통해 성장해 보세요.
4643090,릴리스의 존재불명,False,2250,2020,10,9,압도적으로 긍정적,2044,0.9804,캐주얼|인디|RPG|시뮬레이션,싱글 플레이어|Steam 도전 과제|Steam Cloud|가족 공유,싱글 플레이어,11,2026년 7월 16일,Nino Games, Nino Games,https://shared.akamai.steamstatic.com/store_item_assets/steam/apps/4643090/e51c90d7cc1390fa413fbcd50b0f6dfd6fde3e55/header_koreana.jpg?t=1787738093,"생생한 모션과 표정, 현실의 시간과 연동된 다채로운 행동은 마치 릴리스가 곁에 살아 숨 쉬는 듯한 느낌을 줍니다. 릴리스는 당신의 모니터 너머를 자유롭게 움직이고, 원하는 곳 어디든 배치할 수 있습니다. 릴리스와 함께 편안한 일상을 보내며, 스트레스를 치유받아 보세요."
229480,Dungeons & Dragons: Chronicles of Mystara,False,18800,6200,67,8,매우 긍정적,2021,0.8105,액션|어드벤처|RPG,싱글 플레이어|멀티플레이어|협동|공유 및 분할 화면|Steam 도전 과제|컨트롤러 완벽 지원|Steam 순위표|Remote Play Together|가족 공유,싱글 플레이어|멀티플레이어|협동,5,2013년 6월 18일,Iron Galaxy Studios,Capcom,https://shared.akamai.steamstatic.com/store_item_assets/steam/apps/229480/header.jpg?t=1644219327,Dungeons & Dragons: Chronicles of Mystara는 Capcom의 두 가지 고전 아케이드 히트작인 Dungeons & Dragons: Tower of Doom과 Dungeons & Dragons: Shadow over Mystara를 하나의 디지털 패키지로 재구현한 것입니다.
538030,Xenonauts 2 제노너츠 2,False,39900,19950,50,8,매우 긍정적,5763,0.8142,RPG|시뮬레이션|전략,싱글 플레이어|Steam 도전 과제|Steam 트레이딩 카드|카메라 움직임 조정|#category_contrast_controls|음량 개별 조절|난이도 조정|마우스 전용 옵션|퀵타임 이벤트 없이 플레이 가능|수시 저장|스테레오 사운드|Steam Cloud|가족 공유,싱글 플레이어,11,2026년 4월 2일,Goldhawk Interactive,Hooded Horse,https://shared.akamai.steamstatic.com/store_item_assets/steam/apps/538030/a43ad7c2d768577005b5521c7d1884e4084a5567/header_koreana.jpg?t=1787906841,"외계인의 침략에 맞서 세계 전역에서 저항 전쟁을 벌이세요. 턴 기반 전술 전투를 지휘하고, 비밀 기지 네트워크를 구축하고, 전투비행단을 직접 컨트롤하고, 기술적으로 우세한 적과의 비대칭 전쟁 시뮬레이션에서 전략적 승리를 달성하세요."
2696050,Yarimono,False,27000,27000,0,8,매우 긍정적,4182,0.8706,어드벤처|인디|RPG,싱글 플레이어|Steam 도전 과제|Steam Cloud|가족 공유,싱글 플레이어,4,2024년 8월 30일,にゅう工房,072 Project|072 News,https://shared.akamai.steamstatic.com/store_item_assets/steam/apps/2696050/header.jpg?t=1782441867,"The protagonist's life takes a turn after their partner Yarimon learns the ultra-invincible move, the ""Cheat Tackle"". While challenging various trainers to participate in the Yarimon tournament, the protagonist unexpectedly discovers the secrets of this world."
2183650,MEGA MAN X DiVE Offline,False,36800,12140,67,8,매우 긍정적,1959,0.8035,액션|RPG,싱글 플레이어|Steam 도전 과제|게임패드 권장|DUALSHOCK 컨트롤러 지원|DUALSHOCK 컨트롤러 지원|컨트롤러 일부 지원|Steam Cloud|가족 공유,싱글 플레이어,9,2023년 8월 31일,"CAPCOM Co., Ltd.","CAPCOM Co., Ltd.",https://shared.akamai.steamstatic.com/store_item_assets/steam/apps/2183650/header.jpg?t=1787717345,"Mega Man X DiVE reimagined the world of the Mega Man X series, and now it's getting an offline version! Strengthen your characters and weapons with a variety of powerups to make them all your own. Then test them out in the side-scrolling action of ""what-if"" worlds in Mega Man X!"
673880,"Warhammer 40,000: Mechanicus",False,32000,32000,0,8,매우 긍정적,14601,0.9103,전략,싱글 플레이어|Steam 도전 과제|컨트롤러 완벽 지원|Steam 트레이딩 카드|Steam Cloud|Remote Play TV|가족 공유,싱글 플레이어,8,2018년 11월 15일,Bulwark Studios,Kasedo Games,https://shared.akamai.steamstatic.com/store_item_assets/steam/apps/673880/header.jpg?t=1747933345,제국에서 가장 기술적으로 진보된 군대인 어뎁투스 메카니쿠스를 장악하세요. 이 턴 기반 전술 게임에서 여러분이 내린 모든 결정은 미션 결과에 크게 영향을 미칠 것입니다. 옴니시아의 축복을 받으시겠어요?
3562120,Magical Princess,False,16000,16000,0,9,압도적으로 긍정적,8029,0.9666,어드벤처|인디|RPG|시뮬레이션,싱글 플레이어|Steam 도전 과제|컨트롤러 완벽 지원|음량 개별 조절|키보드 전용 옵션|마우스 전용 옵션|#category_playable_at_your_own_pace|퀵타임 이벤트 없이 플레이 가능|DUALSHOCK 컨트롤러 지원|DUALSHOCK 컨트롤러 지원|DualSense 컨트롤러 지원|DualSense 컨트롤러 지원|스테레오 사운드|Steam Cloud|가족 공유,싱글 플레이어,4,2026년 4월 27일,Neotro Inc.|MAGI Inc.,MAGI Inc.,https://shared.akamai.steamstatic.com/store_item_assets/steam/apps/3562120/e8f83bc42faf610b3a435bf8fa360fb91dcc8bc8/header.jpg?t=1785092195,"Raise your daughter while she attends a magical academy. Choose which classes she attends, jobs she does, training she undergoes, and more in a character raising sim packed full of story and over 50 endings to reach. How she grows up to be the world's cutest princess depends on you!"
3087930,페블 나이츠,False,14000,14000,0,6,대체로 긍정적,578,0.7647,액션|어드벤처|캐주얼|인디|RPG|전략|무료 플레이|앞서 해보기,싱글 플레이어|멀티플레이어|협동|온라인 협동|Steam 도전 과제|컨트롤러 완벽 지원|음량 개별 조절|DUALSHOCK 컨트롤러 지원|DUALSHOCK 컨트롤러 지원|DualSense 컨트롤러 지원|DualSense 컨트롤러 지원|Steam Cloud|Steam 순위표|가족 공유,싱글 플레이어|멀티플레이어|협동|온라인 협동,17,2026년 4월 13일,51% Games,51% Games|Phoenix Games (China Region),https://shared.akamai.steamstatic.com/store_item_assets/steam/apps/3087930/349a3c86f74f6a827a6a0f0cc90d76a158a32367/header.jpg?t=1787554356,"무기 씹고, 응가 뜯고, 친구 무덤까지 맛보고 즐기는 협동 액션 로그라이크 게임. 반짝이는 무기를 먹어 특성을 진화하고, 죽은 동료의 무덤을 먹어 부활시키는 독특한 협동 시스템과 파티가 만드는 특성 시너지로 폭발하는 성장의 재미를 만나보세요. 누구나 쉽게 즐길 수 있지만, 깊이 있는 전략의 묘미를 경험할 수 있습니다. 1인부터 최대 5인까지 협력 플레이를 즐겨보세요!"
2473480,Tails of Iron 2: Whiskers of Winter,False,27000,10800,60,6,대체로 긍정적,2075,0.7981,액션|어드벤처|인디|RPG,싱글 플레이어|Steam 도전 과제|컨트롤러 완벽 지원|Steam 트레이딩 카드|게임패드 권장|DUALSHOCK 컨트롤러 지원|DUALSHOCK 컨트롤러 지원|DualSense 컨트롤러 지원|DualSense 컨트롤러 지원|Steam Cloud|가족 공유,싱글 플레이어,12,2025년 1월 28일,Odd Bug Studio,United Label,https://shared.akamai.steamstatic.com/store_item_assets/steam/apps/2473480/da284ada5b08b6ea07b2ec5d9301a8d20f35e537/header_alt_assets_1.jpg?t=1787324420,비평가들의 극찬을 받은 액션 RPG의 속편인 Tails of Iron 2에서 눈 덮인 광활한 왕국을 탐험하세요. 웨이스트 관리자의 후계자 아를로가 되어 거대한 짐승과 거친 산적의 서식지인 혹독한 북부의 땅을 모험하며 고대의 피에 굶주린 악을 물리치기 위한 장대한 여정을 떠나세요.
1049320,River City Girls,False,31000,31000,0,8,매우 긍정적,3797,0.8396,액션,싱글 플레이어|멀티플레이어|PvP|스크린 공유 및 분할 PvP|협동|스크린 공유 및 분할 협동|공유 및 분할 화면|Steam 도전 과제|컨트롤러 완벽 지원|게임패드 권장|DUALSHOCK 컨트롤러 지원|DUALSHOCK 컨트롤러 지원|Steam Cloud|Remote Play 휴대전화|Remote Play 태블릿|Remote Play TV|Remote Play Together|가족 공유,싱글 플레이어|멀티플레이어|협동|PvP,10,2019년 9월 5일,WayForward,WayForward |Arc System Works,https://shared.akamai.steamstatic.com/store_item_assets/steam/apps/1049320/header.jpg?t=1698777577,"리버시티에서 또다시 사건 발생, 하지만 이번엔 남자들은 대기! 전설적인 격투게임 시리즈에 새롭게 추가된 이 게임에서는, 열혈경파 쿠니오와 리키가 붙잡히자 싸움에 능숙한 소녀들, 쿄코와 미사코가 복수에 나선다. 솔로, 혹은 로컬 협력 플레이가 가능. 펀치와 킥으로 거리를 돌아다니며 새로운 스킬을 습득, 파워업 아이템을 먹고 각종 무기를 활용하여 다양한 콤보, 투척, 특수기술을 구사하면, 악당들은 울면서 엄마를 찾을 것이다! 모든 것은 최고의 16bit 스타일! 끝내주는 액션과 함께 만화의 칸 분할 연출, 애니메이션 컷씬, 멋진 신스팝 음악을 즐길 수 있다. 새로운 시대에 바치는, 친숙한 대소동!"
218230,PlanetSide 2,True,0,0,0,8,매우 긍정적,74807,0.8041,액션|대규모 멀티플레이어|무료 플레이,멀티플레이어|MMO|PvP|온라인 PvP|Steam 트레이딩 카드|Steam Cloud,멀티플레이어|PvP,7,2012년 11월 20일,Rogue Planet Games,Daybreak Game Company,https://shared.akamai.steamstatic.com/store_item_assets/steam/apps/218230/86a0f9e8396733762ba9aff37169498e603c38b5/header.jpg?t=1765498236,"PlanetSide 2 is an all-out planetary war, where thousands of players battle as one across enormous continents. Utilize infantry, ground and air vehicles, and teamwork to destroy your enemies in this revolutionary first-person shooter on a massive scale."
2179300,검협:풍진연곡,False,20500,12300,40,8,매우 긍정적,488,0.8361,어드벤처|캐주얼|RPG|전략,싱글 플레이어|Steam 도전 과제|Steam Cloud|가족 공유,싱글 플레이어,5,2023년 4월 28일,永恆艾莉絲工坊,Alice Publication|Eternal Alice Media,https://shared.akamai.steamstatic.com/store_item_assets/steam/apps/2179300/header.jpg?t=1745897053,"위험이 가득한 중원의 무림. 공진은 선과 악의 그 중간에 있는 자로서 강호에 발을 들여놓는다. 위대한 영웅, 대협이 되겠다는 숭고한 포부를 안고 강호에 나선 그는 뜻하지않게 『검은제비 : 현연』이라 불리는 전설적인 고수, 위쌍운의 표적이 된다. 공진은 오해를 풀고 위쌍운과 힘을 합쳐 마을에서 일어나는 살인 사건을 조사하게 되는데... 그들은 범인이 무림의 또 다른 전설적인 고수인 『핏빛봉황 : 혈봉』이라는 것을 알게 된다. 혈봉은 위쌍운의 가장 큰 적수이며 전 무림의 적이었다."
2203070,드래곤에어 : 침묵의 신,True,0,0,0,5,복합적,3466,0.5987,어드벤처|대규모 멀티플레이어|RPG|전략|무료 플레이,멀티플레이어|MMO|협동|온라인 협동|크로스 플랫폼 멀티플레이어|앱 내 구매|가족 공유,멀티플레이어|협동|온라인 협동,6,2023년 10월 26일,SGRA Studio,Proxima Beta Pte. Limited,https://shared.akamai.steamstatic.com/store_item_assets/steam/apps/2203070/40c6b06868e847e2a63eea45fd52525bc7c7f94d/header_koreana.jpg?t=1787654562,"차원의 균열이 커지며 이변이 대륙을 휩씁니다. 신규 영웅과 신화 장비, 전용 아티팩트가 새롭게 등장하고, 시공간의 소용돌이·쌍뱀과 신규 퍼밀리어가 새롭게 등장합니다. 이변의 비밀을 파헤치고 S8 시즌에 도전하세요!"
977880,Eastward,False,27000,27000,0,8,매우 긍정적,16603,0.8391,액션|어드벤처|인디|RPG,싱글 플레이어|Steam 도전 과제|컨트롤러 완벽 지원|Steam 트레이딩 카드|DUALSHOCK 컨트롤러 지원|DUALSHOCK 컨트롤러 지원|DualSense 컨트롤러 지원|DualSense 컨트롤러 지원|Steam Cloud|가족 공유,싱글 플레이어,7,2021년 9월 16일,Pixpil,Chucklefish|XD,https://shared.akamai.steamstatic.com/store_item_assets/steam/apps/977880/header.jpg?t=1782290198,"Eastward의 세계에 잘 오셨습니다! 인구가 줄어들고 있습니다! 붕괴 직전의 상황으로 내몰린 사회를 여행하세요. 활기찬 마을과 기이한 생물들, 그보다 더 기이한 사람들을 만나 보세요! 존의 믿음직스러운 프라이팬과 샘의 신비한 힘을 이용하여 미지의 세계로 모험을 떠나세요..."
913740,WORLD OF HORROR,False,21500,17200,20,8,매우 긍정적,9839,0.8961,인디|RPG,싱글 플레이어|가족 공유,싱글 플레이어,7,2023년 10월 19일,panstasz,Ysbryd Games|PLAYISM,https://shared.akamai.steamstatic.com/store_item_assets/steam/apps/913740/header.jpg?t=1730740660,"괴물과의 턴제 전투, 가차없는 선택으로 만들어지는 지옥 같은 로그라이트 RPG. 이 작품은 이토 준지와 H.P.러브크래프트에게 바치는 한 편의 러브레터와도 같은 게임입니다. 플레이할 때마다 달라지는 악몽 같은 만남이 사건을 풀어나갈 열쇠가 됩니다. 미스터리의 끝에서 피할 수 없는 무언가가 기다립니다…"
48700,Mount & Blade: Warband,False,24000,24000,0,9,압도적으로 긍정적,171991,0.9772,액션|RPG,싱글 플레이어|멀티플레이어|Steam 도전 과제|Steam 트레이딩 카드|Steam 창작마당|가족 공유,싱글 플레이어|멀티플레이어,10,2010년 3월 31일,TaleWorlds Entertainment,TaleWorlds Entertainment,https://shared.akamai.steamstatic.com/store_item_assets/steam/apps/48700/header.jpg?t=1750147149,"끝없는 전쟁에 의해 갈라진 땅에서, 강인한 전사들로 구성된 당신의 군대를 이끌고 전쟁에 참여할 때 입니다. 당신의 부대를 이끌어 나가고, 당신의 영토를 늘려가며 최종적으로는 Caldaria의 왕좌를 차지해 보십시오!Mount & Blade: Warband는 말 위에서의 전투, 세부적인 전투 시스템을 통해 중세의 전투를 생생하게 묘사한 Mount & Blade의 스탠드-얼론 확장팩입니다. 그래픽적 발전: 이제 HDR, FSAA, DOF, 소프트 파티클, 톤 매핑 등의 효과를 지원합니다."
4018740,Hariti,False,7600,7600,0,8,매우 긍정적,351,0.8974,어드벤처|캐주얼|인디|RPG|시뮬레이션,싱글 플레이어|Steam 도전 과제|Steam Cloud|가족 공유,싱글 플레이어,12,2026년 8월 11일,Ghostcase,Ghostcase,https://shared.akamai.steamstatic.com/store_item_assets/steam/apps/4018740/33039aac8f79847143cf85fda094e7263f066de3/header.jpg?t=1786496319,는 1인칭 심리 공포 게임입니다. 플레이어는 어머니가 되어 위기가 도사리는 병원 안에서 실종된 딸을 찾아야 합니다. 버려진 중식 병원을 배경으로 극강의 공포와 전율을 경험해 보세요.
2408820,루마섬,False,20500,20500,0,8,매우 긍정적,12667,0.8416,어드벤처|캐주얼|인디|RPG|시뮬레이션,싱글 플레이어|멀티플레이어|협동|온라인 협동|Steam 도전 과제|컨트롤러 완벽 지원|음량 개별 조절|난이도 조정|퀵타임 이벤트 없이 플레이 가능|DUALSHOCK 컨트롤러 지원|DUALSHOCK 컨트롤러 지원|DualSense 컨트롤러 지원|DualSense 컨트롤러 지원|수시 저장|스테레오 사운드|서라운드 사운드|Steam Cloud|통계|가족 공유,싱글 플레이어|멀티플레이어|협동|온라인 협동,16,2024년 11월 20일,Feel Free Games,Feel Free Games,https://shared.akamai.steamstatic.com/store_item_assets/steam/apps/2408820/e65ffd9fbf0e49f9db54b74f795db641ae6a4aa7/header.jpg?t=1786439749,"탐험, 농사, 낚시, 채굴, 제작을 하고 마법의 루마들을 키우며 루마섬 곳곳에서 퍼즐을 풀고 퀘스트를 진행할 준비를 하세요. 혼자 플레이하거나 1-4명의 온라인 협동으로 친구들과 함께 즐기세요. 편안한 코지 모드, 도전적인 어드벤처 모드, 장대한 히어로 모드 중에서 당신의 기분과 플레이 스타일에 맞게 선택하세요."
2561580,Horizon Zero Dawn™ 리마스터,False,58800,58800,0,8,매우 긍정적,7708,0.847,액션|어드벤처|RPG,싱글 플레이어|Steam 도전 과제|컨트롤러 완벽 지원|DUALSHOCK 컨트롤러 지원|DUALSHOCK 컨트롤러 지원|DualSense 컨트롤러 지원|DualSense 컨트롤러 지원|Steam Input API 지원|Steam Cloud|가족 공유,싱글 플레이어,20,2024년 10월 31일,Guerrilla Games|Nixxes Software,PlayStation Publishing LLC,https://shared.akamai.steamstatic.com/store_item_assets/steam/apps/2561580/header.jpg?t=1750952943,"새롭고 놀라운 비주얼, 업그레이드된 기능과 함께 비평가들의 찬사를 받은 Horizon Zero Dawn™을 경험해 보세요. 거대한 기계가 지구를 배회하는 먼 미래, 오래 전 사라진 문명의 울창한 폐허 속에서 소수의 인류만이 독특한 부족을 이루며 살아남았습니다."
3285500,Three Kingdoms Mushouden,False,27000,27000,0,6,대체로 긍정적,2147,0.7387,어드벤처|인디|RPG|시뮬레이션|전략,싱글 플레이어|Steam 도전 과제|카메라 움직임 조정|음량 개별 조절|난이도 조정|마우스 전용 옵션|퀵타임 이벤트 없이 플레이 가능|수시 저장|스테레오 사운드|Steam Cloud|가족 공유,싱글 플레이어,10,2025년 6월 16일,NanBei Studio,Paleo,https://shared.akamai.steamstatic.com/store_item_assets/steam/apps/3285500/52f812ad23e8c33ac7fe4423309602ac3c993c44/header.jpg?t=1766667910,"무대는 삼국시대 황건적의 난 직전(서기 182년)입니다. 플레이어는 오리지널 캐릭터를 선택할 수도 있고, 역사 속 무장을 선택할 수도 있으며, 난세가 닥치기 전에 자신의 군사 세력과 인맥을 쌓기 위해 노력하게 됩니다. 게임 안에서 당신은 사방을 떠도는 외로운 유랑자(독고수)로 살아갈 수도 있고, 혹은 자신의 역사 지식을 활용하여 수많은 명장을 끌어들여 활용할 수도 있습니다. 즉, 황건적의 난이 시작되기 전에 충분히 준비하여 후세의 운명을 바꾸어 보세요!"
513710,SCUM,False,49000,49000,0,6,대체로 긍정적,126484,0.742,액션|어드벤처|인디|대규모 멀티플레이어,싱글 플레이어|멀티플레이어|MMO|PvP|온라인 PvP|협동|온라인 협동|Steam 도전 과제|Steam 트레이딩 카드|카메라 움직임 조정|음량 개별 조절|난이도 조정|스테레오 사운드|서라운드 사운드|통계,싱글 플레이어|멀티플레이어|협동|온라인 협동|PvP,10,2025년 6월 17일,Gamepires,Gamepires,https://shared.akamai.steamstatic.com/store_item_assets/steam/apps/513710/4936f4cad404b86ec3cbeb5d9d7e89fab3b329d3/header_alt_assets_4.jpg?t=1787679410,"Welcome to SCUM, a ruthless open-world survival game where deep character customization defines the prisoner you become. Loot, craft, hunt, build, and fight to outlast a hostile island where every choice can change your fate. Stay alive. Stay dangerous. Become harder to kill."
3062500,The Adventurers,False,14500,14500,0,8,매우 긍정적,103,0.8738,인디|RPG|시뮬레이션|전략|앞서 해보기,싱글 플레이어|Steam 도전 과제|Steam Cloud|가족 공유,싱글 플레이어,11,2024년 11월 11일,Eternal Vigilance Entertainment,Eternal Vigilance Entertainment,https://shared.akamai.steamstatic.com/store_item_assets/steam/apps/3062500/e2cbb9cefca6a72a8eded824f172ac5050d6845a/header.jpg?t=1787436639,"어드벤처러스는 턴제 전략 RPG로, 모든 결정이 당신의 유산을 형성합니다. 스토리에 영향을 미치는 무작위 이벤트로 가득한 오픈 월드에서 영웅 파티를 이끄세요. ​​장대한 이야기가 펼쳐질 하이 판타지 세계에서 살아남으세요."
3114900,Dread Flats,False,6700,6700,0,8,매우 긍정적,1666,0.8319,어드벤처|캐주얼|인디|RPG|시뮬레이션,싱글 플레이어|Steam 도전 과제|컨트롤러 완벽 지원|DUALSHOCK 컨트롤러 지원|DUALSHOCK 컨트롤러 지원|Steam Cloud|가족 공유,싱글 플레이어,10,2025년 7월 10일,Ghostcase,Ghostcase|Right Mind,https://shared.akamai.steamstatic.com/store_item_assets/steam/apps/3114900/header.jpg?t=1783946206,"**『흉우(凶寓)』**는 1인칭 중국식 호러 게임으로, 플레이어는 저주받은 흉가에 들어서 끔찍한 사건의 진상을 밝혀내고 실종자를 찾는 미스터리에 도전합니다…"
1244090,Sea of Stars: Sunset Edition,False,37500,37500,0,8,매우 긍정적,15323,0.8859,어드벤처|인디|RPG,싱글 플레이어|멀티플레이어|협동|스크린 공유 및 분할 협동|공유 및 분할 화면|Steam 도전 과제|컨트롤러 완벽 지원|게임패드 권장|DUALSHOCK 컨트롤러 지원|DUALSHOCK 컨트롤러 지원|DualSense 컨트롤러 지원|DualSense 컨트롤러 지원|Steam Cloud|Remote Play Together|가족 공유,싱글 플레이어|멀티플레이어|협동,11,2023년 8월 28일,Sabotage Studio,Sabotage Studio,https://shared.akamai.steamstatic.com/store_item_assets/steam/apps/1244090/2e96ccd2714fafb5a8df7ddd97ff01fef2096b29/header.jpg?t=1780931183,"Sea of Stars is a turn-based RPG inspired by the classics. It tells the story of two Children of the Solstice who will combine the powers of the sun and moon to perform Eclipse Magic, the only force capable of fending off the monstrous creations of the evil alchemist known as The Fleshmancer."
2840770,Avatar: Frontiers of Pandora™,False,34000,34000,0,6,대체로 긍정적,15619,0.7787,액션|어드벤처,싱글 플레이어|멀티플레이어|협동|온라인 협동|Steam 도전 과제|캡션 이용 가능|앱 내 구매|DUALSHOCK 컨트롤러 지원|DUALSHOCK 컨트롤러 지원|DualSense 컨트롤러 지원|DualSense 컨트롤러 지원|컨트롤러 일부 지원|HDR 사용 가능,싱글 플레이어|멀티플레이어|협동|온라인 협동,13,2024년 6월 17일,Massive Entertainment – A Ubisoft Studio|Ubisoft Montpellier|Ubisoft Shanghai|Ubisoft Toronto|Ubisoft Düsseldorf|Ubisoft Reflections,Ubisoft,https://shared.akamai.steamstatic.com/store_item_assets/steam/apps/2840770/27aa6d8f9c3f11dc93a557164d30a9ba08a7c46a/header.jpg?t=1778598692,아바타: 프론티어 오브 판도라는 프론티어 서부를 무대로 하는 3인칭 및 1인칭 액션 어드벤처 게임입니다. 잃어버린 유산을 되찾고 나비족의 진정한 의미를 알아내세요.
385380,Planet Centauri,False,16000,8000,50,6,대체로 긍정적,2389,0.7702,액션|어드벤처|인디|RPG,싱글 플레이어|멀티플레이어|협동|온라인 협동|LAN 협동|크로스 플랫폼 멀티플레이어|Steam 도전 과제|Steam 트레이딩 카드|컨트롤러 일부 지원|Steam Cloud|가족 공유,싱글 플레이어|멀티플레이어|협동|온라인 협동,10,2024년 12월 12일,Permadeath,Permadeath,https://shared.akamai.steamstatic.com/store_item_assets/steam/apps/385380/header.jpg?t=1763009663,"혼자 또는 친구들과 서사시적 모험을 떠나세요! 던전을 탐험하고, 괴물을 포획하며, 마을을 건설하고 방어하세요. 무기를 만들고, 마법을 익혀 외계 행성을 새로운 문명의 요람으로 만드세요! 이 혁신적인 게임에서 세계의 운명을 좌우하세요!"
2446600,Dark Deity 2,False,27000,17550,35,8,매우 긍정적,1727,0.8923,어드벤처|인디|RPG|전략,싱글 플레이어|Steam 도전 과제|컨트롤러 완벽 지원|DUALSHOCK 컨트롤러 지원|DUALSHOCK 컨트롤러 지원|DualSense 컨트롤러 지원|DualSense 컨트롤러 지원|가족 공유,싱글 플레이어,7,2025년 3월 24일,Sword & Axe LLC,indie.io|Smilegate|Gamepoch,https://shared.akamai.steamstatic.com/store_item_assets/steam/apps/2446600/ba631fcd21217bba16e7f043f57d3e34d4ed2235/header.jpg?t=1781725479,"평화롭던 베로아 대륙에 전운이 드리우고 있습니다. 영토 확장을 꿈꾸는 아스베렐리안 제국이 여러분의 고향을 침공할 계획을 세우고 있기 때문입니다. 남다른 영웅들을 통솔해 도전의식을 불러일으키는 턴제 전투를 이겨내고, 고난 속에 철이 강철로 거듭나는 과정을 지켜보세요. 더 크고 강력해진 Dark Deity가 돌아왔습니다!"
2503740,스톰 스트라이커,True,0,0,0,6,대체로 긍정적,1105,0.7149,액션|인디|RPG|전략|무료 플레이|앞서 해보기,멀티플레이어|PvP|온라인 PvP|가족 공유,멀티플레이어|PvP,4,2023년 11월 16일,SuperStormStudio,SuperStormStudio,https://shared.akamai.steamstatic.com/store_item_assets/steam/apps/2503740/d3a0e245fb7f8bbf86cb8df20846a6d372f7b174/header_koreana.jpg?t=1787808144,"스톰스트라이커는 개성 넘치는 영웅 캐릭터, 박진감 넘치는 액션 플레이, 그리고 팀플레이를 강조한 빠른 템포의 5v5 PvP 3인칭 액션 게임입니다. 자신의 플레이 스타일에 맞는 영웅을 선택하고 전장에 뛰어드세요!"
1173820,FINAL FANTASY VI,False,21900,21900,0,8,매우 긍정적,4972,0.92,RPG,싱글 플레이어|Steam 도전 과제|Steam 트레이딩 카드|카메라 움직임 조정|음량 개별 조절|키보드 전용 옵션|#category_playable_at_your_own_pace|퀵타임 이벤트 없이 플레이 가능|수시 저장|컨트롤러 일부 지원|Steam Cloud|가족 공유,싱글 플레이어,12,2022년 2월 23일,Square Enix,Square Enix,https://shared.akamai.steamstatic.com/store_item_assets/steam/apps/1173820/header.jpg?t=1773825867,새로운 그래픽과 사운드로 돌아온 FINAL FANTASY VI 픽셀 리마스터 버전! RPG 명작 FINAL FANTASY 시리즈의 여섯 번째 작품이 선명한 2D 그래픽으로 다시 태어납니다. 오리지널 버전의 분위기와 재미를 한층 업그레이드하여 더 발전한 불후의 명작을 즐겨 보세요!
1325200,Nioh 2 – The Complete Edition,False,54800,54800,0,8,매우 긍정적,50485,0.8742,액션|RPG,싱글 플레이어|멀티플레이어|협동|온라인 협동|Steam 도전 과제|Steam 트레이딩 카드|DUALSHOCK 컨트롤러 지원|DUALSHOCK 컨트롤러 지원|DualSense 컨트롤러 지원|DualSense 컨트롤러 지원|컨트롤러 일부 지원|Steam Cloud|통계|Steam 순위표|HDR 사용 가능|가족 공유,싱글 플레이어|멀티플레이어|협동|온라인 협동,14,2021년 2월 5일,"KOEI TECMO GAMES CO., LTD.","KOEI TECMO GAMES CO., LTD.",https://shared.akamai.steamstatic.com/store_item_assets/steam/apps/1325200/header.jpg?t=1775540023,"도적이 들끓고 요괴들이 횡행하는 황폐한 전국시대를 무대로 사투를 벌이는 다크 전국 액션 RPG입니다. 새로운 배틀이 가능해지는 ""요괴화"", 흉측한 모습으로 공격하는 사악한 요괴들과 그들이 만들어낸 ""영암""의 세계 등, 새로운 요소를 더하여 손맛과 달성감이 더욱 깊어졌습니다. 정통 진화한 ""전국 하드코어 게임""을 즐겨 주십시오."
2529790,GRIME II,False,27000,20250,25,8,매우 긍정적,1977,0.8685,액션|인디|RPG,싱글 플레이어|Steam 도전 과제|컨트롤러 완벽 지원|음량 개별 조절|난이도 조정|퀵타임 이벤트 없이 플레이 가능|DUALSHOCK 컨트롤러 지원|DualSense 컨트롤러 지원|Steam Cloud|가족 공유,싱글 플레이어,10,2026년 3월 31일,Clover Bite,Kwalee,https://shared.akamai.steamstatic.com/store_item_assets/steam/apps/2529790/5bf707f80269c434755227da6c2a96df9e7c2d85/header.jpg?t=1774974400,"GRIME II에서 형상을 훔치는 존재가 되어, 초현실적인 액션 어드벤처 메트로배니아를 만나보세요. 손으로 이루어진 촉수를 뻗어 적을 흡수하고 그 형상을 본뜬 주형을 소환하며, 예술에 한없이 가까운 기묘하고 살아있는 세계를 탐험하게 됩니다."
2144600,Eterspire,True,0,0,0,6,대체로 긍정적,1382,0.7569,액션|어드벤처|인디|대규모 멀티플레이어|RPG|무료 플레이,멀티플레이어|MMO|협동|온라인 협동|크로스 플랫폼 멀티플레이어|앱 내 구매|카메라 움직임 조정|음량 개별 조절|퀵타임 이벤트 없이 플레이 가능|DUALSHOCK 컨트롤러 지원|DUALSHOCK 컨트롤러 지원|DualSense 컨트롤러 지원|DualSense 컨트롤러 지원|수시 저장|스테레오 사운드|컨트롤러 일부 지원|가족 공유,멀티플레이어|협동|온라인 협동,13,2026년 6월 4일,Stonehollow Workshop,Stonehollow Workshop,https://shared.akamai.steamstatic.com/store_item_assets/steam/apps/2144600/bd1d58e98a2af567645532f3f4c743891d9f5ccb/header.jpg?t=1780606859,"Eterspire는 실력과 노력이 성장을 결정하는, 친근하고 매력적인 클래식 스타일 MMORPG입니다. 장비를 파밍하고, 생동감 넘치는 Aetera의 세계를 탐험하고, 2주마다 추가되는 새로운 콘텐츠를 즐기며, PC와 모바일 크로스플레이를 지원하는 무료 MMO에서 따뜻한 커뮤니티에 함께하세요."
1201540,HELLCARD,False,27000,27000,0,8,매우 긍정적,4665,0.8568,어드벤처|인디|RPG|전략,싱글 플레이어|멀티플레이어|협동|온라인 협동|Steam 도전 과제|컨트롤러 완벽 지원|Steam 트레이딩 카드|DUALSHOCK 컨트롤러 지원|DUALSHOCK 컨트롤러 지원|DualSense 컨트롤러 지원|DualSense 컨트롤러 지원|Steam Input API 지원|Steam Cloud|Steam 순위표|가족 공유,싱글 플레이어|멀티플레이어|협동|온라인 협동,15,2024년 2월 1일,Thing Trunk,Skystone Games,https://shared.akamai.steamstatic.com/store_item_assets/steam/apps/1201540/header.jpg?t=1778601414,"헬카드는 독특한 협동 덱 빌더 로그라이크 게임입니다. 혼자서 종이 던전으로 내려가거나, 컴퓨터로 조종되는 동료를 모집하거나, 다른 플레이어의 로비에 합류해 어둠의 군대와 대악마에 맞서 빠르게 진행되는 전술 카드 전투를 벌이세요!"
4128580,경매의 왕,False,4300,4300,0,4,대체로 부정적,23282,0.3277,캐주얼|인디|대규모 멀티플레이어|시뮬레이션|스포츠|전략,멀티플레이어|MMO|PvP|온라인 PvP|앱 내 구매|음량 개별 조절|마우스 전용 옵션|퀵타임 이벤트 없이 플레이 가능|수시 저장|터치 전용 옵션|가족 공유,멀티플레이어|PvP,14,2026년 4월 15일,MindSurge Network & Games,Elegoose Games,https://shared.akamai.steamstatic.com/store_item_assets/steam/apps/4128580/b7e0ff7f05df2c97692bc61c5d3ddf751acb3477/header.jpg?t=1782972934,"비드 킹(Bid King)은 입찰 경매와 수집품 감정을 다룬 멀티플레이어 전략 게임입니다. 상대를 읽고, 불확실성을 판단하여 귀중한 아이템을 저렴하게 획득하고, 다른 플레이어를 속여 싸구려 물건에 과도한 금액을 쓰게 만드세요. 이 교묘한 경매장에서는 단 두 가지가 중요합니다: 바로 전략과 심리전입니다."
1591420,Hmmsim Metro,False,22000,22000,0,8,매우 긍정적,1832,0.9121,인디|시뮬레이션|앞서 해보기,싱글 플레이어|가족 공유,싱글 플레이어,2,2021년 6월 25일,Jeminie Interactive,Jeminie Interactive,https://shared.akamai.steamstatic.com/store_item_assets/steam/apps/1591420/header.jpg?t=1784116182,"서울에서 가장 복잡한 지하철인 1호선이 여러분의 PC에 들어왔습니다. 실제 서울의 풍경을 그대로 재현한 그래픽과 열차의 주행음, 현실적인 열차 운전 시스템으로 높은 몰입감을 느낄 수 있습니다. 서울지하철 운행을 직접 체험해보세요!"
1273400,Construction Simulator,False,27000,8100,70,8,매우 긍정적,14436,0.807,캐주얼|시뮬레이션,싱글 플레이어|멀티플레이어|협동|온라인 협동|Steam 도전 과제|컨트롤러 완벽 지원|카메라 움직임 조정|음량 개별 조절|퀵타임 이벤트 없이 플레이 가능|DUALSHOCK 컨트롤러 지원|Steam Input API 지원|스테레오 사운드|Steam Cloud|가족 공유,싱글 플레이어|멀티플레이어|협동|온라인 협동,16,2022년 9월 20일,weltenbauer. Software Entwicklung GmbH,astragon Entertainment,https://shared.akamai.steamstatic.com/store_item_assets/steam/apps/1273400/header.jpg?t=1784210925,Construction Simulator가 그 어느 때보다 더 크고 인상적인 모습으로 돌아왔습니다! 헤이프의 도움을 받아 사업을 처음부터 시작하며 성공적인 건설 사업가로 성장하는 야망을 이루세요.
3009300,팀파이트 매니저 2,False,21500,21500,0,5,복합적,2283,0.6032,캐주얼|인디|시뮬레이션|스포츠|앞서 해보기,싱글 플레이어|멀티플레이어|PvP|온라인 PvP|크로스 플랫폼 멀티플레이어|Steam 도전 과제|Steam Cloud|가족 공유,싱글 플레이어|멀티플레이어|PvP,16,2026년 5월 25일,Team Samoyed,Team Samoyed,https://shared.akamai.steamstatic.com/store_item_assets/steam/apps/3009300/header.jpg?t=1786624283,"Teamfight Manager가 더욱 디테일한 전술과 경영, MOBA스타일의 새로운 경기 방식, 그리고 전작을 닮은 데스매치 모드로 돌아왔습니다. 가상의 E-sports 팀을 맡아 최강의 팀을 만들고 최고의 감독이 되어보세요!"
1206560,WorldBox - God Simulator,False,21500,21500,0,9,압도적으로 긍정적,56451,0.9533,인디|시뮬레이션|앞서 해보기,싱글 플레이어|Steam 창작마당|Steam Cloud|레벨 에디터 포함|가족 공유,싱글 플레이어,27,2021년 12월 2일,Maxim Karpenko,Maxim Karpenko,https://shared.akamai.steamstatic.com/store_item_assets/steam/apps/1206560/header.jpg?t=1727687171,"월드박스는 당신이 직접 신이 되어볼수 있는 궁극의 샌드박스 게임입니다. 당신만의 월드를 창조해 파괴시키거나... 발전시킬 수 도 있습니다. 문명의 발전을 지켜보십시오, 왕국을 창조하고, 새로운 땅들을 점령하고 약탈하며, 바다 저 멀리 나아가는 것을요. 마을에서는 반란과, 봉기가 일어나고. 영원할것만 같던 제국 또한 멸망하는 것을 지켜보십시오. 그들의 일에 개입할지... 혹은 방관하며 즐길지는 당신에게 달려 있습니다."
1948280,Stacklands,False,8800,4400,50,9,압도적으로 긍정적,30198,0.9603,캐주얼|인디|시뮬레이션,싱글 플레이어|Steam 도전 과제|Steam 트레이딩 카드|Steam 창작마당|컨트롤러 일부 지원|Steam Cloud|가족 공유,싱글 플레이어,12,2022년 4월 8일,Sokpop Collective,Sokpop Collective,https://shared.akamai.steamstatic.com/store_item_assets/steam/apps/1948280/header.jpg?t=1769357052,"Stacklands는 카드를 수집해 식량을 확보하고 건물을 건설하며 생명체와 싸우는 마을 건설 게임입니다. 🃏 예를 들어, 딸기나무 카드 위로 주민 카드를 끌어다 놓으면 주민이 생존을 위해 먹을 수 있는 딸기 카드가 생성됩니다! 🃏 카드를 올바르게 사용하여 마을을 확장하세요!"
3115220,Town to City,False,31000,31000,0,9,압도적으로 긍정적,7035,0.9753,인디|시뮬레이션|전략,싱글 플레이어|Steam 도전 과제|Steam 트레이딩 카드|텍스트 크기 조정|카메라 움직임 조정|음량 개별 조절|퀵타임 이벤트 없이 플레이 가능|수시 저장|스테레오 사운드|Steam Cloud|가족 공유,싱글 플레이어,11,2026년 5월 26일,Galaxy Grove,Kwalee,https://shared.akamai.steamstatic.com/store_item_assets/steam/apps/3115220/header.jpg?t=1780911298,목가적인 19세기 지중해 마을을 건설하고 번영하는 도시로 발전시키세요. Station to Station 크리에이터들이 선보이는 이 아늑한 도시 건설 게임에서 각 요소를 자유롭게 배치하고 맞춤 설정하여 증가하는 인구를 위한 완벽한 공간을 만들 수 있습니다.
3971650,Lazy Witch's Factory,False,17000,15300,10,8,매우 긍정적,148,0.9392,캐주얼|인디|시뮬레이션|전략|앞서 해보기,싱글 플레이어|카메라 움직임 조정|음량 개별 조절|난이도 조정|퀵타임 이벤트 없이 플레이 가능|스테레오 사운드|Steam Cloud|가족 공유,싱글 플레이어,6,2026년 8월 20일,MELTCLOCK.Inc,Phoenixx Inc.,https://shared.akamai.steamstatic.com/store_item_assets/steam/apps/3971650/160116c589b329dfaaf34da36f484432809574fa/header.jpg?t=1787385939,"상환 기한은 단 30분. 빚지옥에서 펼쳐지는 좌충우돌 공장 빌더 게임. 계약으로 규칙을 비틀고, 무리한 생산 목표를 돌파하자."
805550,아세토 코르사 컴페티치오네 Assetto Corsa Competizione,False,48000,48000,0,8,매우 긍정적,47982,0.9269,레이싱|시뮬레이션|스포츠,싱글 플레이어|멀티플레이어|PvP|온라인 PvP|LAN PvP|VR 지원|컨트롤러 일부 지원|가족 공유,싱글 플레이어|멀티플레이어|PvP,12,2019년 5월 29일,Kunos Simulazioni,505 Games,https://shared.akamai.steamstatic.com/store_item_assets/steam/apps/805550/header.jpg?t=1766404577,"아세토 코르사 컴페티치오네는 새로운 공식 GT 월드 챌린지 비디오 게임입니다. 탁월한 시뮬레이션 품질을 자랑하는 본 게임에서는 정교하게 재현된 공식 드라이버, 팀, 차, 서킷을 상대로 경쟁하는 FIA GT3 챔피언십의 실제 분위기를 만끽할 수 있습니다."
270880,American Truck Simulator,False,24800,24800,0,9,압도적으로 긍정적,195561,0.9692,인디|시뮬레이션,싱글 플레이어|멀티플레이어|협동|온라인 협동|Steam 도전 과제|Steam 트레이딩 카드|Steam 창작마당|카메라 움직임 조정|음량 개별 조절|난이도 조정|키보드 전용 옵션|퀵타임 이벤트 없이 플레이 가능|수시 저장|Steam Input API 지원|스테레오 사운드|서라운드 사운드|컨트롤러 일부 지원|Steam Cloud|레벨 에디터 포함|Remote Play Together|가족 공유,싱글 플레이어|멀티플레이어|협동|온라인 협동,30,2016년 2월 2일,SCS Software,SCS Software,https://shared.akamai.steamstatic.com/store_item_assets/steam/apps/270880/a80e5a18363259677ca96c2a39503ea595d2a45f/header.jpg?t=1781788415,"전설적인 미국 트럭을 경험하고 햇살 가득한 캘리포니아, 모래가 많은 네바다, 애리조나주의 그랜드 캐니언 전역에서 다양한 화물을 배달하세요. American Truck Simulator는 숨 막힐 듯한 풍경과 미국 전역의 널리 알려진 랜드마크를 여행으로 안내합니다."
2692990,DON'T SCREAM TOGETHER,False,8900,8900,0,5,복합적,2699,0.4987,캐주얼|시뮬레이션,멀티플레이어|협동|온라인 협동|Steam 도전 과제|컨트롤러 완벽 지원|카메라 움직임 조정|음량 개별 조절|난이도 조정|퀵타임 이벤트 없이 플레이 가능|스테레오 사운드|Steam Cloud|가족 공유,멀티플레이어|협동|온라인 협동,17,2025년 12월 3일,Digital Cybercherries,Digital Cybercherries,https://shared.akamai.steamstatic.com/store_item_assets/steam/apps/2692990/af1cd4647409efd4c9cd3afe70e0444ebd8fde2c/header.jpg?t=1772444922,‘DON’T SCREAM TOGETHER’는 친구들과 1993년의 칠흑같이 어두운 숲을 캠코더로 탐험하는 온라인 협동 호러 시뮬레이터입니다. 근접 보이스 채팅으로 소통하며 탈출하세요. 하지만 누군가 소리를 지르거나 너무 크게 말하면 게임이 리스타트되거나 헌터로 변합니다!
3024040,Stronghold Crusader: Definitive Edition 스트롱홀드 크루세이더: 결정판,False,21500,12900,40,8,매우 긍정적,11586,0.9248,시뮬레이션|전략,싱글 플레이어|멀티플레이어|PvP|온라인 PvP|협동|온라인 협동|Steam 도전 과제|Steam 트레이딩 카드|Steam 창작마당|카메라 움직임 조정|음량 개별 조절|난이도 조정|마우스 전용 옵션|퀵타임 이벤트 없이 플레이 가능|수시 저장|Steam Cloud|Steam 순위표|레벨 에디터 포함|가족 공유,싱글 플레이어|멀티플레이어|협동|온라인 협동|PvP,20,2025년 7월 15일,Firefly Studios,Firefly Studios,https://shared.akamai.steamstatic.com/store_item_assets/steam/apps/3024040/a3d892e9ad07c4721b5fabb93cd97c214fe4f292/header_alt_assets_3.jpg?t=1785920681,"안녕하세요, 영주님! 당신의 요새가 당신을 기다립니다. 클래식 '성 시뮬레이션'의 확장판에서 20명의 적 영주를 포위하고 친구와 온라인 전투를 펼치세요. 새로운 병력, AI 적, 비주얼, 오디오, 캠페인, 전초전 트레일, 협동, 더 커진 맵으로 역사를 재현하세요."
4197610,Librarian: Tidy Up the Arcane Library!,False,6550,6550,0,8,매우 긍정적,24386,0.9451,캐주얼|인디|시뮬레이션,싱글 플레이어|Steam 도전 과제|컨트롤러 완벽 지원|음량 개별 조절|#category_playable_at_your_own_pace|퀵타임 이벤트 없이 플레이 가능|DUALSHOCK 컨트롤러 지원|DUALSHOCK 컨트롤러 지원|DualSense 컨트롤러 지원|DualSense 컨트롤러 지원|수시 저장|스테레오 사운드|서라운드 사운드|Steam Cloud|가족 공유,싱글 플레이어,4,2026년 4월 30일,ArtRising,ArtRising,https://shared.akamai.steamstatic.com/store_item_assets/steam/apps/4197610/2162be8e12b6bcbf696e508a4b6297c378c33bda/header.jpg?t=1777553917,"Librarian: Tidy Up the Arcane Library! is a single-player simulation. You need return scattered books to proper places in an Arcane Library. As completed rows of bookshelves, you can learn ability to improve your efficiency. Use your skills and strategies to shelve 3,072 books as quick as you can."
3669570,Alchemy Factory,False,19500,19500,0,8,매우 긍정적,2519,0.8952,캐주얼|인디|시뮬레이션|전략|앞서 해보기,싱글 플레이어|멀티플레이어|협동|온라인 협동|LAN 협동|Steam 도전 과제|Steam 창작마당|Steam Cloud|가족 공유,싱글 플레이어|멀티플레이어|협동|온라인 협동,10,2025년 12월 11일,D5 Copperhead, Gamirror Games,https://shared.akamai.steamstatic.com/store_item_assets/steam/apps/3669570/da84f32f1e93388acac5b683e52e9ea143f10f38/header.jpg?t=1786182797,"연금술사가 되어 직접 공방을 운영해 나가고, 마법 설비로 다양한 연금 제품을 자동으로 채집·가공·생산·판매하며, 의뢰 퀘스트를 완료하여 엄청난 재력을 자랑하는 연금 마스터로 거듭나세요. 게임은 멀티 플레이를 지원합니다. 공방이 너무 복잡해서 막막하시다고요? 얼른 디자이너 고수를 모셔(일꾼으로 부려) 공방의 생산을 기획해 보세요."
784150,Workers & Resources: Soviet Republic 워커스 앤 리소스: 소비에트 리퍼블릭,False,39900,9970,75,8,매우 긍정적,27130,0.9124,시뮬레이션|전략,싱글 플레이어|Steam 도전 과제|Steam 트레이딩 카드|Steam 창작마당|텍스트 크기 조정|카메라 움직임 조정|음량 개별 조절|난이도 조정|DUALSHOCK 컨트롤러 지원|DUALSHOCK 컨트롤러 지원|DualSense 컨트롤러 지원|DualSense 컨트롤러 지원|수시 저장|컨트롤러 일부 지원|Steam Cloud|레벨 에디터 포함|가족 공유,싱글 플레이어,18,2024년 6월 20일,3Division,Hooded Horse,https://shared.akamai.steamstatic.com/store_item_assets/steam/apps/784150/header_koreana.jpg?t=1787906180,"복잡한 생산망과 완전하게 구현된 글로벌 경제를 갖춘 도시 건설 게임입니다. 소비에트 공화국을 빈곤국에서 부유한 산업 강대국으로 발전시키세요. 교육에서부터 근로, 당 충성도, 범죄 활동에 이르기까지 시민들의 삶을 관리하세요."
2327720,City Car Driving 2.0,False,31000,31000,0,5,복합적,1155,0.619,인디|레이싱|시뮬레이션|앞서 해보기,싱글 플레이어|Steam 창작마당|DUALSHOCK 컨트롤러 지원|DUALSHOCK 컨트롤러 지원|컨트롤러 일부 지원|Steam Cloud|가족 공유,싱글 플레이어,4,2026년 6월 16일,"Forward Development, Ltd."," Forward Global Group, Ltd.",https://shared.akamai.steamstatic.com/store_item_assets/steam/apps/2327720/2a50f033860250e1e3cfe47ca2e3f7514bb54004/header.jpg?t=1784529751,City Car Driving 2.0 is a driving simulator designed to help novice drivers master driving in a setting as close to reality as possible.
410340,Liftoff®: FPV Drone Racing,False,25000,25000,0,9,압도적으로 긍정적,13899,0.9522,인디|레이싱|시뮬레이션|스포츠,싱글 플레이어|멀티플레이어|PvP|온라인 PvP|Steam 도전 과제|Steam 트레이딩 카드|Steam 창작마당|게임패드 권장|DUALSHOCK 컨트롤러 지원|DUALSHOCK 컨트롤러 지원|DualSense 컨트롤러 지원|DualSense 컨트롤러 지원|컨트롤러 일부 지원|Steam Cloud|레벨 에디터 포함|가족 공유,싱글 플레이어|멀티플레이어|PvP,3,2018년 9월 13일,LuGus Studios,LuGus Studios,https://shared.akamai.steamstatic.com/store_item_assets/steam/apps/410340/header.jpg?t=1786613087,Liftoff® is a drone simulator that translates the rush of first-person view drone flight to the digital world. Join the biggest community for virtual FPV racing and freestyle!
3694480,A Game About Feeding A Black Hole,False,7600,3800,50,8,매우 긍정적,3351,0.8854,캐주얼|인디,싱글 플레이어|Steam 도전 과제|컨트롤러 완벽 지원|텍스트 크기 조정|음량 개별 조절|키보드 전용 옵션|마우스 전용 옵션|DUALSHOCK 컨트롤러 지원|DUALSHOCK 컨트롤러 지원|DualSense 컨트롤러 지원|DualSense 컨트롤러 지원|터치 전용 옵션|Steam Cloud|가족 공유,싱글 플레이어,19,2025년 12월 15일,Aarimous|Thornity,Aarimous and Thornity,https://shared.akamai.steamstatic.com/store_item_assets/steam/apps/3694480/eb2bc9581341ce206ef001f3e0700d08c513b24f/header.jpg?t=1787881131,"소행성, 행성, 별을 파괴하여 블랙홀에 물질을 공급하는 짧은 방치형 게임."
4928820,Shelve the Potions!,False,6550,5890,10,8,매우 긍정적,193,0.8705,캐주얼|인디|시뮬레이션,싱글 플레이어|Steam 도전 과제|컨트롤러 완벽 지원|카메라 움직임 조정|색상 대체|음량 개별 조절|#category_playable_at_your_own_pace|퀵타임 이벤트 없이 플레이 가능|수시 저장|자막 옵션|Steam Cloud|가족 공유,싱글 플레이어,12,2026년 8월 24일,Knight Owl Games,Knight Owl Games,https://shared.akamai.steamstatic.com/store_item_assets/steam/apps/4928820/c777d6782fa69dfb7fdb10ab5fcda5cc643815c8/header_alt_assets_1.jpg?t=1787651432,"물약을 선반에 정리하세요! 마녀의 고양이들이 선반에서 떨어뜨린 2,000개 이상의 물약을 마법이 깃든 지하 저장고 곳곳에 숨겨진 단서를 바탕으로 제자리에 정리하세요. 수상한 기호를 익히고, 암호 같은 메모를 해독하며, 올바른 선반 배치 순서를 밝혀내는 아늑한 분위기의 정리 퍼즐 게임입니다."
246620,Plague Inc: Evolved,False,16500,3300,80,8,매우 긍정적,65578,0.9421,캐주얼|인디|시뮬레이션|전략,싱글 플레이어|멀티플레이어|PvP|온라인 PvP|협동|온라인 협동|Steam 도전 과제|Steam 트레이딩 카드|Steam 창작마당|카메라 움직임 조정|음량 개별 조절|난이도 조정|마우스 전용 옵션|퀵타임 이벤트 없이 플레이 가능|수시 저장|스테레오 사운드|컨트롤러 일부 지원|Steam Cloud|통계|Steam 순위표|레벨 에디터 포함|Remote Play 태블릿|가족 공유,싱글 플레이어|멀티플레이어|협동|온라인 협동|PvP,15,2016년 2월 18일,Ndemic Creations,Ndemic Creations,https://shared.akamai.steamstatic.com/store_item_assets/steam/apps/246620/3ec45f5792420a5ecbe50ff6f24a4aa30ec8a06e/header_koreana.jpg?t=1779100239,Plague Inc: Evolved는 고급 전략과 오싹하게 리얼한 시뮬레이션이 독특하게 혼합된 게임입니다. 플레이어의 병원균이 '1호 환자'를 방금 감염했습니다. 이제 인류의 방지책을 전부 이겨내는 치명적이고 세계적으로 확산되는 전염병을 진화시켜서 인류 역사의 종말을 가져와야 합니다.
597180,Old World 올드 월드,False,39900,9970,75,8,매우 긍정적,6838,0.8247,RPG|시뮬레이션|전략,싱글 플레이어|멀티플레이어|PvP|온라인 PvP|스크린 공유 및 분할 PvP|협동|온라인 협동|스크린 공유 및 분할 협동|공유 및 분할 화면|크로스 플랫폼 멀티플레이어|Steam 도전 과제|Steam 트레이딩 카드|Steam 창작마당|텍스트 크기 조정|카메라 움직임 조정|색상 대체|음량 개별 조절|난이도 조정|마우스 전용 옵션|퀵타임 이벤트 없이 플레이 가능|수시 저장|Steam Cloud|레벨 에디터 포함|Remote Play Together|가족 공유,싱글 플레이어|멀티플레이어|협동|온라인 협동|PvP,10,2022년 5월 18일,Mohawk Games,Hooded Horse,https://shared.akamai.steamstatic.com/store_item_assets/steam/apps/597180/header_koreana.jpg?t=1787905972,"Old World는 새로운 역사 전략 게임으로, 몇 세대에 걸쳐 다른 왕들과 경쟁하면서 왕조를 이끌어야 합니다. 대규모 전쟁을 일으키고 궁중을 관리하며 왕조를 세워보거나, 제국의 몰락을 지켜봐야 하기도 합니다. 여러분은 어떤 유산을 남기겠습니까?"
916440,Anno 1800,False,65000,65000,0,8,매우 긍정적,32213,0.8137,시뮬레이션|전략,싱글 플레이어|멀티플레이어|PvP|온라인 PvP|협동|온라인 협동|Steam 도전 과제|Steam 트레이딩 카드|캡션 이용 가능,싱글 플레이어|멀티플레이어|협동|온라인 협동|PvP,11,2019년 4월 16일,Ubisoft Mainz,Ubisoft,https://shared.akamai.steamstatic.com/store_item_assets/steam/apps/916440/header.jpg?t=1778771290,"Anno 1800™ – 산업 혁명을 주도하라! 바야흐로 산업화가 태동하는 시대입니다. 당신이 어떤 길을 선택하는가에 따라 세계는 달라집니다. 혁신에 매진할 것인가, 아니면 노동자를 착취할 것인가? 정복을 추구할 것인가, 아니면 자유를 중시할 것인가? 격변하는 시기에 어떻게 세상에 이름을 떨치고 싶은지 스스로 결정하십시오"
1062090,Timberborn,False,37500,37500,0,9,압도적으로 긍정적,41208,0.96,인디|시뮬레이션|전략,싱글 플레이어|Steam 도전 과제|Steam 창작마당|텍스트 크기 조정|카메라 움직임 조정|음량 개별 조절|난이도 조정|마우스 전용 옵션|#category_playable_at_your_own_pace|퀵타임 이벤트 없이 플레이 가능|수시 저장|스테레오 사운드|Steam Cloud|레벨 에디터 포함|가족 공유,싱글 플레이어,15,2026년 3월 12일,Mechanistry,Mechanistry,https://shared.akamai.steamstatic.com/store_item_assets/steam/apps/1062090/eeb2babf15cbf4ebc175316a5d3e42a060f3d97c/header.jpg?t=1784023977,"인간은 사라진 지 오래입니다. 가뭄과 유독성 오염수가 닥쳐오는 이 세상에서 목재펑크 비버들은 살아남을 수 있을까요? Timberborn은 지능적인 동물, 수직 건축, 물 물리 효과, 테라포밍이 특징인 샌드박스 도시 건설 게임입니다. 많은 양의 목재가 사용됩니다."
3070070,TCG Card Shop Simulator,False,21000,21000,0,9,압도적으로 긍정적,49244,0.9653,시뮬레이션|앞서 해보기,싱글 플레이어|Steam 도전 과제|컨트롤러 완벽 지원|Steam 트레이딩 카드|카메라 움직임 조정|음량 개별 조절|퀵타임 이벤트 없이 플레이 가능|DUALSHOCK 컨트롤러 지원|DualSense 컨트롤러 지원|수시 저장|Steam Cloud|가족 공유,싱글 플레이어,10,2024년 9월 15일,OPNeon Games,OPNeon Games,https://shared.akamai.steamstatic.com/store_item_assets/steam/apps/3070070/b4f36532c943011a9f1600c2585ca7065ef5b1bb/header.jpg?t=1786855530,"나만의 카드 가게를 열어 보세요. 최신 부스터 팩을 구매하고, 개봉해서 카드를 모아 보세요. 가격을 직접 정하고, 직원을 고용하고, 이벤트를 열고, 매장을 확장해 보세요."
868360,Project Hospital,False,27000,8100,70,8,매우 긍정적,9320,0.8891,인디|시뮬레이션|전략,싱글 플레이어|Steam 도전 과제|Steam 트레이딩 카드|Steam 창작마당|Steam Cloud|통계|가족 공유,싱글 플레이어,19,2018년 10월 30일,Oxymoron Games,Oxymoron Games,https://shared.akamai.steamstatic.com/store_item_assets/steam/apps/868360/header.jpg?t=1782218252,"Become an ace doctor, an aspiring architect and a successful manager at the same time. Design your very own hospital, tweak every detail or choose one of the prebuilt scenarios and just jump to the doctor’s duty."
2878420,옛날 재래시장 시뮬레이터,False,11000,11000,0,8,매우 긍정적,5325,0.8772,시뮬레이션,싱글 플레이어|멀티플레이어|협동|온라인 협동|크로스 플랫폼 멀티플레이어|Steam 도전 과제|컨트롤러 완벽 지원|DUALSHOCK 컨트롤러 지원|DUALSHOCK 컨트롤러 지원|DualSense 컨트롤러 지원|DualSense 컨트롤러 지원|가족 공유,싱글 플레이어|멀티플레이어|협동|온라인 협동,14,2024년 10월 3일,Alcedo Games,Alcedo Games|Gamersky Games,https://shared.akamai.steamstatic.com/store_item_assets/steam/apps/2878420/e1c4c2ae5b2a037fa12ed895ac81a128e57cfe36/header_koreana.jpg?t=1787884231,"996 근무 체제와 작별을 고하고, 행복한 채소 상인이 되어보세요! 《옛날 재래시장 시뮬레이터 》에서 활기 넘치는 채소시장의 삶을 경험해보세요! 신선한 식재료 구매부터 아늑한 노점 꾸미기, 그리고 작은 가게를 관리하는 것까지, 다양한 재미가 가득합니다! 친구들과 함께 플레이할 수도 있습니다!"
4601160,Just Keep Fishing,False,7600,5320,30,7,긍정적,39,0.8974,캐주얼|인디,싱글 플레이어|Steam 도전 과제|가족 공유,싱글 플레이어,8,2026년 8월 27일, Set Sail Games,Aarimous and Thornity,https://shared.akamai.steamstatic.com/store_item_assets/steam/apps/4601160/3e4f8036deb3d32755c10c3b7af1d3b6a4d60382/header.jpg?t=1787960154,물고기를 잔뜩 낚는 짧은 인크리멘탈 게임.
4819300,Kaiju Harvest,False,5450,3540,35,7,긍정적,47,0.8723,캐주얼|인디|시뮬레이션|앞서 해보기,싱글 플레이어|카메라 움직임 조정|#category_playable_at_your_own_pace|퀵타임 이벤트 없이 플레이 가능|Steam Cloud|가족 공유,싱글 플레이어,11,2026년 8월 19일,Tavuno Forge,Tavuno Forge,https://shared.akamai.steamstatic.com/store_item_assets/steam/apps/4819300/a99bf74d199f1fee36b1a94ced1c03ed50be5206/header_koreana.jpg?t=1787823097,"쓰러진 카이주에게서 자원을 수확하는 픽셀 아트 액션 방치형 게임입니다. 거대한 사체를 해체해 고기, 뼈, 장기, 하트 코어를 모으고 캐릭터와 도구를 강화하세요. 수집을 자동화하고 전 세계의 새로운 전투 현장을 해금하세요."
4206910,김밥천국 시뮬레이터,False,16000,16000,0,7,긍정적,23,0.8696,캐주얼|인디|시뮬레이션|앞서 해보기,싱글 플레이어|음량 개별 조절|난이도 조정|퀵타임 이벤트 없이 플레이 가능|수시 저장|스테레오 사운드|Steam Cloud|가족 공유,싱글 플레이어,2,2026년 7월 22일,Joyful Jo,Joyful Jo,https://shared.akamai.steamstatic.com/store_item_assets/steam/apps/4206910/6cb36e77d17bdd429e58049c30c3f8e556748859/header_koreana.jpg?t=1787043090,"에서 최고의 한식 레스토랑을 운영하세요. 쌀 씻기, 야채 데치기, 계란 부치기, 김밥 말기, 그리고 썰기부터 시작합시다. 현실적인 요리과정을 경험하며 손님을 맞아보세요. 새 레시피를 해금하고, 재정을 관리하고, 위대해지세요!"
3267900,Click and Conquer,False,4100,2460,40,8,매우 긍정적,2136,0.9288,캐주얼|시뮬레이션|전략,싱글 플레이어|Steam 도전 과제|Steam Cloud|가족 공유,싱글 플레이어,29,2025년 6월 25일,SOCKHOUSE STUDIOS,SOCKHOUSE STUDIOS,https://shared.akamai.steamstatic.com/store_item_assets/steam/apps/3267900/7adb8dfa4a64a758322146ca3eb24da141eaaa6f/header.jpg?t=1787844934,"Click and Conquer는 짧고 편안한 방치형 게임입니다. 전장의 안개 속에 폭탄을 떨어뜨려 숨겨진 적을 발견하고, 보상을 수집하며, 화폐를 사용해 자동 수입을 증가시키고 폭격 능력을 강화하며 새로운 맵을 해제하세요."
4549610,블라인드삼국,False,8900,8900,0,8,매우 긍정적,346,0.815,시뮬레이션|전략|앞서 해보기,싱글 플레이어|Steam 도전 과제|텍스트 크기 조정|음량 개별 조절|난이도 조정|마우스 전용 옵션|#category_playable_at_your_own_pace|퀵타임 이벤트 없이 플레이 가능|수시 저장|Steam Cloud|가족 공유,싱글 플레이어,7,2026년 7월 13일,Plotrick,Plotrick|Surefire.Games,https://shared.akamai.steamstatic.com/store_item_assets/steam/apps/4549610/739dcafec6fb2b49e43c1237fb410239497af4d6/header_koreana.jpg?t=1784350261,장수들이 이름과 능력을 감춘 세상. 과연 당신은 제갈량을 알아볼 수 있을까? 진짜 삼국지 매니아를 위한 하드코어 턴제 전략 시뮬레이션.
2300320,Farming Simulator 25,False,29800,29800,0,8,매우 긍정적,57389,0.8719,시뮬레이션,싱글 플레이어|멀티플레이어|협동|온라인 협동|Steam 도전 과제|컨트롤러 완벽 지원|Steam 트레이딩 카드|DUALSHOCK 컨트롤러 지원|DualSense 컨트롤러 지원|Steam Cloud|가족 공유,싱글 플레이어|멀티플레이어|협동|온라인 협동,26,2024년 11월 12일,GIANTS Software,GIANTS Software,https://shared.akamai.steamstatic.com/store_item_assets/steam/apps/2300320/c2a205133d23cd24faf3c152d972a1d0177661b8/header.jpg?t=1784811772,Farming Simulator 25에서 혼자서 또는 멀티플레이어에서 협동하며 즐기는 보람찬 농장 생활에 여러분을 초대합니다. 이 농장은 여러분의 것입니다!
3464370,사니양 연구실,False,28500,28500,0,9,압도적으로 긍정적,1145,0.9878,어드벤처|시뮬레이션|전략,싱글 플레이어|Steam 도전 과제|Steam 트레이딩 카드|Steam 창작마당|음량 개별 조절|퀵타임 이벤트 없이 플레이 가능|수시 저장|자막 옵션|Steam Cloud|가족 공유,싱글 플레이어,5,2025년 9월 29일,"TALESSHOP Co., Ltd.","Smilegate|TALESSHOP Co., Ltd.",https://shared.akamai.steamstatic.com/store_item_assets/steam/apps/3464370/d21c14bba9b831fe0bed27c373bf60fb542844df/header_koreana.jpg?t=1764755939,"수인들의 세계에서 깨어난 당신. 감당할 수 없는 치료비 대신, 유일한 인간인 당신을 연구 대상으로 삼겠다고 한다. 이 연구소는 정말 인간계를 위협하는 곳일까? 아니면 당신을 구해준 진짜 목적은 따로 있는 걸까?"
3934270,How Many Dudes: 몇 놈 필요함?,False,16000,16000,0,8,매우 긍정적,2812,0.894,캐주얼|인디|전략,싱글 플레이어|Steam 도전 과제|Steam 트레이딩 카드|마우스 전용 옵션|퀵타임 이벤트 없이 플레이 가능|터치 전용 옵션|Steam Cloud|가족 공유|Steam 타임라인,싱글 플레이어,9,2026년 7월 30일,Butterscotch Shenanigans,Butterscotch Shenanigans,https://shared.akamai.steamstatic.com/store_item_assets/steam/apps/3934270/aebd8a67c54f0e1ca86a52403c48a81e091d89c2/header_koreana.jpg?t=1787774914,"온갖 잡놈들을 모아 웃기는 싸움을 벌이는 놈-빌더 로그라이크 게임입니다. 고릴라를 이기려면 몇 놈이나 필요할까요? 아기 1,000명은? 말만한 오리는? 신은? 놈 목장에서 직접 알아보세요."
3058630,아세토 코르사 에보 Assetto Corsa EVO,False,44800,44800,0,5,복합적,21095,0.59,레이싱|시뮬레이션|스포츠|앞서 해보기,싱글 플레이어|VR 지원|게임패드 권장|DualSense 컨트롤러 지원|DualSense 컨트롤러 지원|컨트롤러 일부 지원|가족 공유,싱글 플레이어,2,2025년 1월 16일,KUNOS Simulazioni,505 Games,https://shared.akamai.steamstatic.com/store_item_assets/steam/apps/3058630/8bc52ca7bde4a7d723bf72717d5f6ec06aab07a2/header_alt_assets_7.jpg?t=1787734905,아세토 코르사 에보가 여태까지 개발된 가장 인기 있는 멀티플랫폼 드라이빙 시뮬레이션의 현실감과 기능을 새롭게 정의합니다. 수년간의 자동차 역사를 아우르는 다양한 클래스의 차량을 만나보세요.
3472040,NBA 2K26,False,84800,84800,0,5,복합적,32856,0.6425,스포츠,싱글 플레이어|멀티플레이어|PvP|온라인 PvP|스크린 공유 및 분할 PvP|협동|온라인 협동|스크린 공유 및 분할 협동|공유 및 분할 화면|Steam 도전 과제|앱 내 구매|카메라 움직임 조정|음량 개별 조절|난이도 조정|게임패드 권장|키보드 전용 옵션|DUALSHOCK 컨트롤러 지원|DUALSHOCK 컨트롤러 지원|DualSense 컨트롤러 지원|DualSense 컨트롤러 지원|스테레오 사운드|서라운드 사운드|컨트롤러 일부 지원|Steam Cloud|Remote Play Together|가족 공유,싱글 플레이어|멀티플레이어|협동|온라인 협동|PvP,9,2025년 9월 4일,Visual Concepts,2K,https://shared.akamai.steamstatic.com/store_item_assets/steam/apps/3472040/f7e126add75c3b09779b44cd349be93d31b0a80b/header.jpg?t=1786115051,"MyCAREER, MyTEAM, MyNBA, The W, Play Now에서 자존심을 건 승부를 벌이세요. ProPLAY™로 구동되는 초현실적인 플레이를 통해 다양한 기술을 뽐내고, NBA 2K26의 경쟁 모드에서 친구나 라이벌에게 도전장을 던지며 확실한 승자가 누구인지 보여주세요."
3934250,고요한 시골 정원 이야기,False,74100,74100,0,8,매우 긍정적,575,0.9148,어드벤처|시뮬레이션,싱글 플레이어|Steam 도전 과제|컨트롤러 완벽 지원|음량 개별 조절|DUALSHOCK 컨트롤러 지원|DUALSHOCK 컨트롤러 지원|DualSense 컨트롤러 지원|DualSense 컨트롤러 지원|스테레오 사운드|Steam Cloud|가족 공유,싱글 플레이어,3,2026년 7월 29일,"Nippon Ichi Software, Inc.","NIS America, Inc.",https://shared.akamai.steamstatic.com/store_item_assets/steam/apps/3934250/5831b0d28135b95cb60b9d5e438ff90c2f1b84c0/header_koreana.jpg?t=1785440016,"고요한 일본 시골 마을에서 새로운 농장 시뮬레이션을 즐겨보세요! 단, 규칙은 꼭 지켜야 합니다... 안 그럼 큰일 날지도 몰라요!"
3263320,Carry The Glass,False,5600,5600,0,6,대체로 긍정적,3296,0.7539,어드벤처|캐주얼|인디|시뮬레이션,멀티플레이어|협동|온라인 협동|LAN 협동|스크린 공유 및 분할 협동|공유 및 분할 화면|Steam 도전 과제|컨트롤러 완벽 지원|Steam 트레이딩 카드|카메라 움직임 조정|색상 대체|음량 개별 조절|난이도 조정|퀵타임 이벤트 없이 플레이 가능|Steam Input API 지원|스테레오 사운드|Steam Cloud|통계|Steam 순위표|Remote Play Together|가족 공유,멀티플레이어|협동|온라인 협동,13,2024년 10월 23일,Çağatay Demir|Enes Kaplan,SlugShot Games,https://shared.akamai.steamstatic.com/store_item_assets/steam/apps/3263320/e73515ea166913132353f23817c9709c24d691f4/header.jpg?t=1784719075,이 재미있는 2인 협동 플랫포머에서 두 명의 기발한 건설 노동자가 되어 팀을 이루어 보세요! 깨지기 쉬운 유리창을 들고 도전으로 가득한 다채로운 레벨을 통과하세요. 장애물을 피하고 퍼즐을 풀기 위해 소통하고 협력하세요. 유리를 깨지 않고 작업을 완료할 수 있을까요?
285330,RollerCoaster Tycoon® 2: Triple Thrill Pack,False,10500,2620,75,8,매우 긍정적,5847,0.8962,시뮬레이션|전략,싱글 플레이어|가족 공유,싱글 플레이어,5,2014년 5월 21일,Chris Sawyer Productions,Atari,https://shared.akamai.steamstatic.com/store_item_assets/steam/apps/285330/header.jpg?t=1733160988,"This compilation includes the entire RollerCoaster Tycoon 2 series, with the original game as well as the Time Twister and Wacky Worlds expansions."
1119730,"Ranch Simulator: Build, Hunt, Farm",False,26000,3900,85,6,대체로 긍정적,48127,0.7905,시뮬레이션,싱글 플레이어|멀티플레이어|PvP|온라인 PvP|협동|온라인 협동|컨트롤러 완벽 지원|Steam Cloud|가족 공유,싱글 플레이어|멀티플레이어|협동|온라인 협동|PvP,12,2023년 11월 3일,Toxic Dog,Excalibur Games,https://shared.akamai.steamstatic.com/store_item_assets/steam/apps/1119730/edbc791f576913bd2b7d3aeeed8bc5dd73614872/header.jpg?t=1781527978,건축. 농사. 사냥. 거래. 목장 경영은 만만한 일이 아닙니다. 당신에게는 허름한 가족의 농가를 계곡에서 가장 번창하는 목장으로 키울 저력이 있나요? 그렇다면 지금 이 흥미진진한 싱글 및 멀티 플레이어 오픈 월드 시뮬레이션 게임에서 대자연 속으로 떠나세요.
1127500,Mini Motorways,False,10500,10500,0,9,압도적으로 긍정적,24376,0.9628,캐주얼|시뮬레이션|전략,싱글 플레이어|Steam 도전 과제|컨트롤러 완벽 지원|DUALSHOCK 컨트롤러 지원|DUALSHOCK 컨트롤러 지원|Steam Cloud|Steam 순위표|가족 공유,싱글 플레이어,14,2021년 7월 20일,Dinosaur Polo Club,Dinosaur Polo Club,https://shared.akamai.steamstatic.com/store_item_assets/steam/apps/1127500/cb2bf5e828d15bf9c2fc46effd248badfccb3df2/header.jpg?t=1781042728,Mini Motorways는 성장하는 도시의 도로 지도를 설계하는 전략 시뮬레이션 게임입니다. 교통망과 도로를 하나씩 건설하며 부산한 메트로폴리스를 형성하세요. 도로를 다시 설계하고 고속도로를 배치해서 모든 사람이 원하는 곳으로 갈 수 있게 하세요. 도시를 얼마나 오래 운영할 수 있으세요?
4112070,An Eggstremely Hard Game,False,5450,5450,0,8,매우 긍정적,177,0.8701,캐주얼,싱글 플레이어|멀티플레이어|협동|온라인 협동|스크린 공유 및 분할 협동|공유 및 분할 화면|Steam 도전 과제|컨트롤러 완벽 지원|DUALSHOCK 컨트롤러 지원|DUALSHOCK 컨트롤러 지원|DualSense 컨트롤러 지원|DualSense 컨트롤러 지원|Steam Cloud|Steam 순위표|Remote Play Together|가족 공유,싱글 플레이어|멀티플레이어|협동|온라인 협동,14,2026년 7월 24일,BBear Studio,Devotion Interactive,https://shared.akamai.steamstatic.com/store_item_assets/steam/apps/4112070/af1b508f0fea8862f209b5636d34902b049e6252/header.jpg?t=1787166617,매우 숙련된 거위 부모가 되어 작은 알을 무사히 집으로 가져가기 위해 협력하세요. 부딪힐수록 조작은 어려워지고 실수는 더 웃겨집니다. 2~4인 협동 물리 게임으로 팀워크와 허당미와 거위 울음소리. HONK!
1121640,The Wandering Village,False,32000,16000,50,8,매우 긍정적,8422,0.9196,시뮬레이션|전략,싱글 플레이어|Steam 도전 과제|컨트롤러 완벽 지원|Steam 트레이딩 카드|텍스트 크기 조정|음량 개별 조절|난이도 조정|퀵타임 이벤트 없이 플레이 가능|DUALSHOCK 컨트롤러 지원|DUALSHOCK 컨트롤러 지원|DualSense 컨트롤러 지원|DualSense 컨트롤러 지원|수시 저장|스테레오 사운드|Steam Cloud|가족 공유,싱글 플레이어,14,2025년 7월 17일,Stray Fawn Studio,Stray Fawn Publishing|WhisperGames,https://shared.akamai.steamstatic.com/store_item_assets/steam/apps/1121640/1fb7e9ed41e98c6b289f9abdd9686cc7f38b1b3e/header.jpg?t=1782735677,"더 원더링 빌리지는 방랑하는 거대한 짐승의 등에서 이루어지는 도시 건설 시뮬레이션 게임입니다. 정착지를 건설하고 거구의 짐승과 공생 관계를 형성하세요. 독이 든 식물에 오염된, 이 아름답지만 적대적인 포스트 아포칼립스 세상에서 거대한 짐승과 함께 살아남으실 수 있으십니까?"
2104890,RoadCraft,False,50000,50000,0,6,대체로 긍정적,16209,0.7472,어드벤처|시뮬레이션,싱글 플레이어|멀티플레이어|협동|온라인 협동|크로스 플랫폼 멀티플레이어|Steam 도전 과제|컨트롤러 완벽 지원|Steam 트레이딩 카드|카메라 움직임 조정|음량 개별 조절|퀵타임 이벤트 없이 플레이 가능|DUALSHOCK 컨트롤러 지원|DUALSHOCK 컨트롤러 지원|DualSense 컨트롤러 지원|DualSense 컨트롤러 지원|수시 저장|스테레오 사운드|서라운드 사운드|Steam Cloud|가족 공유,싱글 플레이어|멀티플레이어|협동|온라인 협동,15,2025년 5월 20일,Saber Interactive,Focus Entertainment,https://shared.akamai.steamstatic.com/store_item_assets/steam/apps/2104890/header.jpg?t=1787825300,"자연재해로 파괴된 현장의 복구에 특화된 회사의 리더로서, 건설 기계를 사용해 지역 산업을 다시 가동하세요. 잔해 정리, 날씨로 파손된 결함이 있는 장비 교체, 도로와 다리 재건축 등의 임무를 맡으세요!"
492720,Tropico 6,False,47200,47200,0,8,매우 긍정적,29422,0.8771,시뮬레이션|전략,싱글 플레이어|멀티플레이어|PvP|온라인 PvP|협동|온라인 협동|Steam 도전 과제|컨트롤러 완벽 지원|Steam 트레이딩 카드|Steam 창작마당|Steam Cloud|Remote Play TV|가족 공유,싱글 플레이어|멀티플레이어|협동|온라인 협동|PvP,11,2019년 3월 29일,Limbic Entertainment|Realmforge Studios,Kalypso Media,https://shared.akamai.steamstatic.com/store_item_assets/steam/apps/492720/header.jpg?t=1755702256,엘 프레지덴테가 돌아왔습니다! 섬나라 트로피코에서 사람들을 두려움에 떨게하는 독재자나 평화를 사랑하는 정치인으로서 다시 한번 스스로를 증명하고 4가지 특징적인 역사적 시대를 지나며 나만의 바나나 공화국을 만드세요.
3174070,텍사스 홀덤 포커: Pokerist,True,0,0,0,5,복합적,3285,0.6609,캐주얼|대규모 멀티플레이어|시뮬레이션|스포츠|전략|무료 플레이,싱글 플레이어|멀티플레이어|PvP|온라인 PvP|크로스 플랫폼 멀티플레이어|Steam 트레이딩 카드|앱 내 구매|Steam Cloud|가족 공유,싱글 플레이어|멀티플레이어|PvP,33,2025년 2월 18일,KamaGames Entertainment Group Limited,KamaGames Ltd.,https://shared.akamai.steamstatic.com/store_item_assets/steam/apps/3174070/header.jpg?t=1781877975,전설의 텍사스 포커에 도전하세요! 실감나는 카지노 분위기와 멋진 3D 그래픽을 즐기세요. 흥미진진한 세상에서 다른 플레이어들에게 도전하여 진정한 승자가 되세요!
1301390,No Umbrellas Allowed,False,20500,20500,0,8,매우 긍정적,1475,0.8108,인디|시뮬레이션|전략,싱글 플레이어|가족 공유,싱글 플레이어,2,2021년 9월 3일,Hoochoo Game Studios,Hoochoo Game Studios,https://shared.akamai.steamstatic.com/store_item_assets/steam/apps/1301390/header.jpg?t=1733738851,"중고상점 매니저가 되어 낯선 물건들의 진가를 밝혀보세요. 물건 이면의 사실을 찾아내고 고집스러운 손님과 팽팽한 신경전도 벌여보세요. 적당한 가격에 합의해도, 원하는 가격을 꿋꿋이 고집해도 좋습니다. 기본 원칙은 그저 단 하나입니다: 싸게 사서 비싸게 팔 것."
4294490,"KOTAMON: My Sis Found A Super-Rare Card In Her Cereal Box, So I Became A Garbage Man To Find The Entire Collection And Earn $1,000,000",False,7600,6080,20,8,매우 긍정적,1739,0.8045,인디|시뮬레이션,싱글 플레이어|Steam 도전 과제|Steam Cloud|통계|가족 공유,싱글 플레이어,15,2026년 8월 20일, KotaMota Games,Polnoch,https://shared.akamai.steamstatic.com/store_item_assets/steam/apps/4294490/41565686e1040c0f23aa1fe78666de2792f06d73/header.jpg?t=1787684332,"가격이 폭등한 초레어 카드를 찾으면 쓰레기 청소가 더 즐겁다! 뒤지고, 여주의 명령을 수행하고, 보물을 찾아… 모든 코타몬을 모아라!"
602960,Barotrauma,False,44800,22400,50,8,매우 긍정적,89398,0.9402,액션|인디|시뮬레이션|전략,싱글 플레이어|멀티플레이어|PvP|온라인 PvP|협동|온라인 협동|Steam 도전 과제|Steam 트레이딩 카드|Steam 창작마당|Steam Cloud|레벨 에디터 포함|가족 공유|Steam 타임라인,싱글 플레이어|멀티플레이어|협동|온라인 협동|PvP,13,2023년 3월 13일,FakeFish|Undertow Games,Daedalic Entertainment,https://shared.akamai.steamstatic.com/store_item_assets/steam/apps/602960/header.jpg?t=1776271911,"Barotrauma는 우주에서 펼쳐지는 2D 협동 잠수함 서바이벌 호러 RPG 시뮬레이션 게임입니다. 잠수함을 조종하고, 미션을 완료하고, 몬스터와 싸우고, 새는 곳을 막고, 기계를 조작하고, 무기를 운용하고, 아이템을 제작하세요. Barotrauma의 위험은 스스로 미리 경고하지 않으니 경계를 철저히 해야 합니다!"
690830,Foundation,False,37500,25120,33,8,매우 긍정적,24150,0.8663,인디|시뮬레이션|전략,싱글 플레이어|Steam 도전 과제|Steam Cloud|가족 공유,싱글 플레이어,17,2025년 1월 31일,Polymorph Games,Polymorph Games,https://shared.akamai.steamstatic.com/store_item_assets/steam/apps/690830/a4dcfb5b8a252b9763dd2e5d06dd0e59e0a995c6/header.jpg?t=1787836210,"Foundation is a grid-less, laidback medieval city-building game with a focus on organic development, monument construction and resource management."
4996190,Package chaos,False,4900,4410,10,6,대체로 긍정적,17,0.7647,캐주얼|시뮬레이션,싱글 플레이어|Steam 도전 과제|컨트롤러 완벽 지원|음량 개별 조절|#category_playable_at_your_own_pace|퀵타임 이벤트 없이 플레이 가능|DUALSHOCK 컨트롤러 지원|DUALSHOCK 컨트롤러 지원|DualSense 컨트롤러 지원|DualSense 컨트롤러 지원|Steam Cloud|가족 공유,싱글 플레이어,11,2026년 8월 28일,FunTap Games,FunTap Games,https://shared.akamai.steamstatic.com/store_item_assets/steam/apps/4996190/f30c14c2ab2e4f768a78bba3c1c9b7d175207671/header.jpg?t=1787925616,"Package Chaos는 어질러진 택배 창고를 완벽한 물류센터로 바꿔 나가는 아늑한 택배 분류 게임입니다. 수천 개의 다양한 택배를 집고, 확인하고, 분류하며, 완벽하게 정리된 창고를 만들어가는 만족감을 즐겨보세요."
4962010,다 함께 쇼핑몰 정리!,False,5450,4900,10,6,대체로 긍정적,158,0.7025,캐주얼|인디|시뮬레이션,싱글 플레이어|멀티플레이어|PvP|온라인 PvP|협동|온라인 협동|Steam 도전 과제|컨트롤러 완벽 지원|음량 개별 조절|#category_playable_at_your_own_pace|퀵타임 이벤트 없이 플레이 가능|수시 저장|스테레오 사운드|Steam Cloud|가족 공유,싱글 플레이어|멀티플레이어|협동|온라인 협동|PvP,18,2026년 8월 21일,Games Together,Games Together|Gamersky Games,https://shared.akamai.steamstatic.com/store_item_assets/steam/apps/4962010/d03833ef97585ab6ceb3152c88a5feafb4614aac/header_koreana.jpg?t=1787330993,어수선한 대형 쇼핑몰을 맡아 친구들과 함께 깔끔하게 정리해 보아요! 다양한 정리 스킬을 활용하고 동선을 계획해 물건을 제자리에 착착! 엉망진창이었던 공간을 깔끔하게 정리하여 짜릿한 성취감을 만끽하세요! [1-4인 플레이 가능]
1422440,Cataclismo 카타클리스모,False,29900,14950,50,8,매우 긍정적,4317,0.8874,시뮬레이션|전략,싱글 플레이어|Steam 도전 과제|Steam 트레이딩 카드|Steam 창작마당|카메라 움직임 조정|색상 대체|음량 개별 조절|난이도 조정|마우스 전용 옵션|수시 저장|스테레오 사운드|자막 옵션|Steam Cloud|가족 공유,싱글 플레이어,16,2025년 3월 20일,Digital Sun,Hooded Horse,https://shared.akamai.steamstatic.com/store_item_assets/steam/apps/1422440/header_koreana.jpg?t=1787907309,"자원 관리, 공성 방어 및 탐험을 떠날 수 있는 실시간 전략 게임에서 끝없는 공포 무리에 맞서기 위해 벽돌을 쌓아 요새를 설계하고 건설하세요. 성곽에서 선두를 이끌고 어둠을 밀어내며 안개의 생명체에 맞서 굳건히 버티세요."
246900,Viscera Cleanup Detail,False,14500,14500,0,8,매우 긍정적,23735,0.922,인디|시뮬레이션,싱글 플레이어|멀티플레이어|협동|온라인 협동|LAN 협동|스크린 공유 및 분할 협동|공유 및 분할 화면|Steam 도전 과제|컨트롤러 완벽 지원|Steam 트레이딩 카드|Steam 창작마당|Steam Cloud|레벨 에디터 포함|Remote Play Together|가족 공유,싱글 플레이어|멀티플레이어|협동|온라인 협동,1,2015년 10월 23일,RuneStorm,RuneStorm,https://shared.akamai.steamstatic.com/store_item_assets/steam/apps/246900/header.jpg?t=1666984711,"In Viscera Cleanup Detail, you step into the boots of a space-station janitor tasked with cleaning up after various horrific sci-fi horror events. Instead of machineguns and plasma-rifles, your tools are a mop and bucket. That hero left a mess, and it's up to you to deal with the aftermath."
3167920,Low-Budget Repairs,False,20000,20000,0,5,복합적,2140,0.6654,인디|시뮬레이션,싱글 플레이어|Steam 도전 과제|#category_playable_at_your_own_pace|퀵타임 이벤트 없이 플레이 가능|수시 저장|스테레오 사운드|Steam Cloud|가족 공유,싱글 플레이어,18,2026년 8월 13일,Gray2RGB,Simplicity Games|PlayWay S.A.,https://shared.akamai.steamstatic.com/store_item_assets/steam/apps/3167920/38c43a0e11512df9329e8899d93c645ea976c8c3/header.jpg?t=1787841651,"90년대 아파트 단지에서 리모델링 사업을 운영하세요! 빠른 수익을 위해 가능한 모든 비용을 줄이세요. 고객이 하자를 발견했다고요? 안됐네요, 돈은 이미 주머니 속에 있습니다. 매일의 선택은 행운... 또는 골칫거리를 부릅니다!"
3483740,Cast n Chill,False,16500,16500,0,8,매우 긍정적,8604,0.9487,캐주얼|인디|RPG|시뮬레이션|스포츠,싱글 플레이어|멀티플레이어|협동|스크린 공유 및 분할 협동|공유 및 분할 화면|Steam 도전 과제|컨트롤러 완벽 지원|카메라 움직임 조정|음량 개별 조절|키보드 전용 옵션|마우스 전용 옵션|퀵타임 이벤트 없이 플레이 가능|DUALSHOCK 컨트롤러 지원|DUALSHOCK 컨트롤러 지원|DualSense 컨트롤러 지원|DualSense 컨트롤러 지원|수시 저장|Steam Input API 지원|스테레오 사운드|Steam Cloud|Remote Play TV|Remote Play Together|가족 공유,싱글 플레이어|멀티플레이어|협동,12,2025년 6월 16일,Wombat Brawler,Wombat Brawler,https://shared.akamai.steamstatic.com/store_item_assets/steam/apps/3483740/b3861b297ccb9284cd066c91f57b8b97b8e9fa91/header.jpg?t=1785377115,"Cast n Chill은 고요한 호수, 강, 바다를 탐험하는 편안한 낚시 게임입니다. 희귀한 물고기를 잡고, 장비를 업그레이드하고, 전설적인 물고기를 낚아 올려보세요. 충실한 강아지와 함께요!"
251060,Wargame: Red Dragon,False,32900,4930,85,8,매우 긍정적,19734,0.8854,인디|시뮬레이션|전략,싱글 플레이어|멀티플레이어|PvP|온라인 PvP|협동|온라인 협동|Steam 트레이딩 카드|Steam Cloud|가족 공유,싱글 플레이어|멀티플레이어|협동|온라인 협동|PvP,11,2014년 4월 17일,Eugen Systems,Eugen Systems,https://shared.akamai.steamstatic.com/store_item_assets/steam/apps/251060/header.jpg?t=1777991009,"The new reference in RTS at its best! The Wargame series returns to duty, larger, richer and more spectacular than ever before. In Wargame Red Dragon, you are engaged in a large-scale conflict where Western forces clash against the Communist bloc."
1733690,맨데이트 오더,False,21500,21500,0,8,매우 긍정적,1042,0.8013,인디|시뮬레이션|전략|앞서 해보기,싱글 플레이어|Steam 도전 과제|카메라 움직임 조정|음량 개별 조절|난이도 조정|마우스 전용 옵션|#category_playable_at_your_own_pace|퀵타임 이벤트 없이 플레이 가능|수시 저장|Steam Cloud|가족 공유,싱글 플레이어,12,2026년 8월 11일,Digital Sky,Digital Sky,https://shared.akamai.steamstatic.com/store_item_assets/steam/apps/1733690/37535a30bf1ceb958c43991061b5bc6ad8cc91ff/header.jpg?t=1787648292,"Mandate Order는 고대 중국 전국시대를 배경으로 한 전쟁 도시 건설 게임입니다. 요새를 세우고 산업과 물류를 관리하며, 제자백가의 학자들을 등용하고 군대를 양성하세요. 수천 명의 병사가 맞붙는 실시간 전술 전투를 지휘할 수 있습니다."
2964090,World of Warships: Legends,True,0,0,0,5,복합적,658,0.6398,액션|대규모 멀티플레이어|시뮬레이션|전략|무료 플레이,멀티플레이어|MMO|PvP|온라인 PvP|협동|온라인 협동|크로스 플랫폼 멀티플레이어|Steam 도전 과제|컨트롤러 완벽 지원|Steam 트레이딩 카드|앱 내 구매|색상 대체|음량 개별 조절|퀵타임 이벤트 없이 플레이 가능|DUALSHOCK 컨트롤러 지원|DUALSHOCK 컨트롤러 지원|DualSense 컨트롤러 지원|DualSense 컨트롤러 지원|스테레오 사운드|서라운드 사운드|Steam Cloud|통계|HDR 사용 가능|가족 공유|Steam 타임라인,멀티플레이어|협동|온라인 협동|PvP,10,2026년 5월 4일,Wargaming Group Limited,Wargaming Group Limited,https://shared.akamai.steamstatic.com/store_item_assets/steam/apps/2964090/5bc2527ed6a1f6dd7e90ffd2d76271f102299970/header.jpg?t=1787051712,"치열한 전투와 쉽고 간단한 게임 플레이, 직관적인 조작, 그리고 Steam, 콘솔, 모바일 크로스플랫폼 플레이도 지원하는 무료 PvP 온라인 해전 슈팅 게임에 참여하십시오. 600척 이상의 군함과 150명 이상의 함장을 선택하고, 방대한 지도에서 다양한 전술을 마스터하십시오. 지금 플레이하여 전설이 되십시오!"
3866920,NAMAKORIUM (ナマコリウム),False,13500,9450,30,8,매우 긍정적,198,0.9394,캐주얼|인디|시뮬레이션|전략,싱글 플레이어|멀티플레이어|협동|온라인 협동|Steam 도전 과제|카메라 움직임 조정|음량 개별 조절|마우스 전용 옵션|퀵타임 이벤트 없이 플레이 가능|DUALSHOCK 컨트롤러 지원|DUALSHOCK 컨트롤러 지원|DualSense 컨트롤러 지원|DualSense 컨트롤러 지원|수시 저장|스테레오 사운드|서라운드 사운드|컨트롤러 일부 지원|Steam Cloud|Steam 순위표|가족 공유,싱글 플레이어|멀티플레이어|협동|온라인 협동,8,2026년 5월 18일,Polyscape Inc.,Polyscape Inc.,https://shared.akamai.steamstatic.com/store_item_assets/steam/apps/3866920/21ea604d38cb9d0577399f21637f6be1b653212d/header.jpg?t=1779116430,"나마코(해삼)가 지구를 구한다! NAMAKORIUM은 최대 4명이 함께 즐기는 혼돈의 협동형 실시간 전략(RTS) 게임입니다. 인류가 버리고 간 ‘바다 청소부’ 나마코를 지휘해, 오염된 바다를 정화하세요!"
4156370,백신소녀,False,8700,6520,25,8,매우 긍정적,168,0.9107,액션|캐주얼|인디|시뮬레이션|전략,싱글 플레이어|Steam 도전 과제|컨트롤러 완벽 지원|음량 개별 조절|퀵타임 이벤트 없이 플레이 가능|DualSense 컨트롤러 지원|DualSense 컨트롤러 지원|스테레오 사운드|Steam Cloud|가족 공유,싱글 플레이어,12,2026년 7월 1일,Chowbie,Chowbie,https://shared.akamai.steamstatic.com/store_item_assets/steam/apps/4156370/9278748fb3da3d45f21ce817a0cdb8b9997b8fa5/header_koreana.jpg?t=1783690650,백신소녀는 첨단 안티멀웨어 센티넬의 검사원이 되어 악성코드로부터 컴퓨터를 지키는 디펜스 슈터 게임입니다. 네트워크로부터 유입되는 파일을 검사하여 안전한 파일은 통과시키고 악성코드는 즉시 제거하세요. 당신은 과연 끊임없이 진화하는 디지털 위협으로부터 살아남을 수 있을까요?
1458140,Pacific Drive,False,48000,19200,60,8,매우 긍정적,26690,0.8317,액션|어드벤처|인디|레이싱|시뮬레이션,싱글 플레이어|Steam 도전 과제|컨트롤러 완벽 지원|DualSense 컨트롤러 지원|DualSense 컨트롤러 지원|Steam Cloud|통계|가족 공유,싱글 플레이어,14,2024년 2월 21일,Ironwood Studios,Kepler Interactive,https://shared.akamai.steamstatic.com/store_item_assets/steam/apps/1458140/3a5fa1e845c13b48f9e2ed042f4538ac62bd16ed/header.jpg?t=1763777212,"질주 기반의 운전 생존 어드벤처에서 유일한 생존 수단인 자동차를 가지고 올림픽 통제 구역의 초자연적인 위험에 맞서세요! 자원을 모으고, 믿음직한 스테이션 웨건을 가득 채우고, 살아남기 위해 열심히 운전하세요."
384180,Prominence Poker,True,0,0,0,8,매우 긍정적,8594,0.8358,캐주얼|대규모 멀티플레이어|시뮬레이션|전략|무료 플레이,싱글 플레이어|멀티플레이어|PvP|온라인 PvP|Steam 도전 과제|컨트롤러 완벽 지원|Steam 트레이딩 카드|앱 내 구매|DUALSHOCK 컨트롤러 지원|DUALSHOCK 컨트롤러 지원|DualSense 컨트롤러 지원|DualSense 컨트롤러 지원|가족 공유,싱글 플레이어|멀티플레이어|PvP,5,2016년 12월 12일,Pipeworks Studios,Pipeworks Studios,https://shared.akamai.steamstatic.com/store_item_assets/steam/apps/384180/header.jpg?t=1780417469,"Prominence Poker에 오신 것을 환영합니다. Prominence Poker는 최고 중 최고가 되기 위해 필요한 평판, 명성, 자금을 구축하기 위해 전 세계 플레이어와 교활한 AI를 겨루는 카드 게임입니다."
3213850,gogh: Focus with Your Avatar,False,13500,13500,0,8,매우 긍정적,5391,0.9113,캐주얼|인디|시뮬레이션|무료 플레이,싱글 플레이어|멀티플레이어|협동|온라인 협동|Steam 도전 과제|Steam 창작마당|Steam Cloud|가족 공유,싱글 플레이어|멀티플레이어|협동|온라인 협동,15,2025년 4월 30일,ambr,ambr,https://shared.akamai.steamstatic.com/store_item_assets/steam/apps/3213850/b48d1b94b9638d0b481e27227b2cf3f43eb70658/header.jpg?t=1783697023,"캐릭터 커스터마이즈, 방 만들기, 생산성 도구를 갖춘 아늑한 멀티플레이 코워킹 샌드박스입니다. 친구 및 전 세계 플레이어와 함께 집중하고, 공부하고, 일하고, 휴식해 보세요."
3337140,종말 후 주식회사,False,19500,13060,33,6,대체로 긍정적,1456,0.7864,시뮬레이션|전략,싱글 플레이어|Steam 도전 과제|Steam 트레이딩 카드|Steam 창작마당|카메라 움직임 조정|음량 개별 조절|난이도 조정|마우스 전용 옵션|퀵타임 이벤트 없이 플레이 가능|수시 저장|스테레오 사운드|Steam Cloud|Steam 순위표|가족 공유,싱글 플레이어,19,2026년 8월 19일,Ndemic Creations,Ndemic Creations,https://shared.akamai.steamstatic.com/store_item_assets/steam/apps/3337140/be33c135427867ed67820a8fd0152abc25fa2e9b/header_alt_assets_3_koreana.jpg?t=1787147334,"좀비 아포칼립스 이후, 문명을 재건할 수 있을까요? Plague Inc. 제작자가 선보이는 전략 시뮬레이션, 생존 도시 건설, ‘미니 4X’의 독특한 조합. 종말 이후 정착지를 건설하고 자원을 수확하며, 인류를 어둠에서 이끌고 사회를 만들어 가세요."
518790,theHunter: Call of the Wild™,True,0,0,0,8,매우 긍정적,202175,0.8909,어드벤처|시뮬레이션|스포츠,싱글 플레이어|멀티플레이어|협동|온라인 협동|Steam 도전 과제|컨트롤러 완벽 지원|앱 내 구매|Steam Cloud|가족 공유,싱글 플레이어|멀티플레이어|협동|온라인 협동,10,2017년 2월 16일,Expansive Worlds,Avalanche Studios,https://shared.akamai.steamstatic.com/store_item_assets/steam/apps/518790/00f0df3558439a6a2cc4fbd7a658b00fb71353ea/header.jpg?t=1786529731,커뮤니티와 협력하여 정기적으로 업데이트되는 이 사실적이고 놀라운 오픈 월드에서 다른 어떤 게임과도 비교할 수 없는 분위기를 내는 사냥 게임을 즐겨보세요. 싱글 플레이어 캠페인에 몰입하거나 친구들과 최고의 사냥 경험을 공유할 수 있습니다.
2292800,Blacksmith Master 블랙스미스 마스터,False,19900,9950,50,8,매우 긍정적,2731,0.8349,시뮬레이션|전략|앞서 해보기,싱글 플레이어|Steam 도전 과제|Steam 트레이딩 카드|텍스트 크기 조정|카메라 움직임 조정|음량 개별 조절|난이도 조정|마우스 전용 옵션|수시 저장|Steam Cloud|가족 공유,싱글 플레이어,17,2025년 5월 15일,Untitled Studio,Hooded Horse,https://shared.akamai.steamstatic.com/store_item_assets/steam/apps/2292800/1f67cb1ef678345a1a6acf3391f1617062ef4a13/header_koreana.jpg?t=1787905552,"Blacksmith Master에서 중세 대장간을 운영하며 광석과 보석을 채취하고, 제품을 설계하고, 완성품을 판매하기까지의 모든 과정을 관리하세요. 무기와 갑옷은 물론 도구와 식기까지 만들며 제작할 돈을 마련하고 최고의 대장장이가 되세요."
4992070,Sort Them Ducks,False,6550,6550,0,8,매우 긍정적,1192,0.922,캐주얼|시뮬레이션,싱글 플레이어|컨트롤러 완벽 지원|DUALSHOCK 컨트롤러 지원|DUALSHOCK 컨트롤러 지원|DualSense 컨트롤러 지원|DualSense 컨트롤러 지원|Steam Cloud|가족 공유,싱글 플레이어,17,2026년 8월 13일,Mr.Duck,Mr.Duck,https://shared.akamai.steamstatic.com/store_item_assets/steam/apps/4992070/52ee7fca29b20f089decc254088b4beba0eea112/header.jpg?t=1787671820,"Sort Them Ducks는 4,000마리가 넘는 독특한 고무 오리를 올바른 선반에 정리하는 아늑한 정리 시뮬레이션 게임입니다. 어수선한 오리 상점을 자신만의 속도로 완벽하게 정리된 컬렉션으로 바꾸는 만족스러운 과정을 즐겨보세요."
887570,NEBULOUS: Fleet Command 네뷸러스: 플릿 커맨드,False,29900,14950,50,8,매우 긍정적,4415,0.8109,시뮬레이션|전략|앞서 해보기,싱글 플레이어|멀티플레이어|PvP|온라인 PvP|협동|온라인 협동|Steam 도전 과제|Steam 창작마당|음량 개별 조절|난이도 조정|수시 저장|Steam Cloud|가족 공유,싱글 플레이어|멀티플레이어|협동|온라인 협동|PvP,13,2022년 2월 11일,Eridanus Industries,Hooded Horse,https://shared.akamai.steamstatic.com/store_item_assets/steam/apps/887570/header_koreana.jpg?t=1787907055,"자신만의 방식으로 구성한 우주 전투함대를 지휘하세요. 3차원 공간에서 현실적으로 구현한 레이더, 전자전 시스템, 고급 3차원 기동 제어, 정밀 표적 지정을 사용하여 적을 기동과 전술로 압도하는, 깊이 있는 시뮬레이션 요소를 갖춘 독보적인 우주 전술 게임이 여러분을 기다립니다."
236850,Europa Universalis IV,False,55000,55000,0,8,매우 긍정적,137265,0.8768,시뮬레이션|전략,싱글 플레이어|멀티플레이어|PvP|온라인 PvP|협동|온라인 협동|크로스 플랫폼 멀티플레이어|Steam 도전 과제|Steam 트레이딩 카드|Steam 창작마당|Steam Cloud|가족 공유,싱글 플레이어|멀티플레이어|협동|온라인 협동|PvP,4,2013년 8월 13일,Paradox Development Studio|Paradox Tinto,Paradox Interactive,https://shared.akamai.steamstatic.com/store_item_assets/steam/apps/236850/header.jpg?t=1778249292,"비교할 수 없는 자유도, 깊이 있는 스토리, 정확한 역사적 고증을 즐기며 국토를 다스리고 세계를 정복하세요. 세계 역사를 새롭게 쓰며 시대를 풍미할 제국을 만드세요."
466560,Northgard: Definitive Edition,False,37500,37500,0,8,매우 긍정적,68667,0.8526,어드벤처|인디|시뮬레이션|전략,싱글 플레이어|멀티플레이어|PvP|온라인 PvP|협동|온라인 협동|Steam 도전 과제|Steam 트레이딩 카드|Steam 창작마당|Steam 창작마당|Steam Cloud|레벨 에디터 포함|가족 공유,싱글 플레이어|멀티플레이어|협동|온라인 협동|PvP,11,2018년 3월 7일,Shiro Games,Shiro Games,https://shared.akamai.steamstatic.com/store_item_assets/steam/apps/466560/45008ebe47821718edc5ac93e392023813403e91/header.jpg?t=1786542947,Northgard: Definitive Edition은 북유럽 신화를 바탕으로 한 비평가 호평의 실시간 전략 게임입니다. 당신의 부족을 이끌고 새로 발견된 신비로운 대륙의 비밀을 밝혀 적을 물리치고 왕좌를 차지하세요!
3412160,라스베이거스 시뮬레이터,False,14000,11200,20,8,매우 긍정적,918,0.8595,캐주얼|시뮬레이션,싱글 플레이어|멀티플레이어|협동|온라인 협동|Steam 도전 과제|카메라 움직임 조정|음량 개별 조절|난이도 조정|#category_playable_at_your_own_pace|퀵타임 이벤트 없이 플레이 가능|수시 저장|스테레오 사운드|Steam Cloud|가족 공유,싱글 플레이어|멀티플레이어|협동|온라인 협동,14,2026년 5월 21일,Toxic Studio,Toxic Studio|Polden Publishing,https://shared.akamai.steamstatic.com/store_item_assets/steam/apps/3412160/a074eb56666560c3ab7dbe488b2c85e5a16f1eef/header_koreana.jpg?t=1787486383,"혼자서 또는 협동 모드(1~6인)로 최정상급 사업을 일구어 보세요. 무에서 시작해 슬롯머신을 계속 돌리고, 기물 파손이나 외계인 침공 같은 혼란스러운 사건들을 헤쳐 나가세요. 재산을 불려 나가며, 왜 카지노가 항상 이기는지 모두에게 보여주세요."
996770,Moving Out,False,39500,3950,90,8,매우 긍정적,2343,0.8015,액션|캐주얼|인디|시뮬레이션,싱글 플레이어|멀티플레이어|협동|스크린 공유 및 분할 협동|공유 및 분할 화면|Steam 도전 과제|컨트롤러 완벽 지원|텍스트 크기 조정|카메라 움직임 조정|색상 대체|음량 개별 조절|난이도 조정|퀵타임 이벤트 없이 플레이 가능|자막 옵션|Steam Cloud|Remote Play 휴대전화|Remote Play 태블릿|Remote Play TV|Remote Play Together|가족 공유,싱글 플레이어|멀티플레이어|협동,13,2020년 4월 28일,SMG Studio|Devm Games,Team17,https://shared.akamai.steamstatic.com/store_item_assets/steam/apps/996770/header.jpg?t=1781014487,"Moving Out은 말도 안 되게 정신없는 물리 기반 이삿짐 운반 시뮬레이터로 ""카우치 코옵"" 장르에 새로운 바람을 몰고 올 겁니다! 이삿짐 운반 회사에서 일을 시작할 준비는 되셨나요? 여러분은 새롭게 검증된 가구 정리 및 재배치 기술자로서, Packmore라는 도시 전역에서 이삿짐 운반 업무를 맡습니다."
2424010,Parcel Simulator,False,19500,13650,30,8,매우 긍정적,2806,0.9344,캐주얼|인디|시뮬레이션,싱글 플레이어|Steam 도전 과제|컨트롤러 완벽 지원|카메라 움직임 조정|음량 개별 조절|퀵타임 이벤트 없이 플레이 가능|수시 저장|스테레오 사운드|Steam Cloud|통계|가족 공유,싱글 플레이어,12,2025년 6월 20일,Dansan Digital,Dansan Digital,https://shared.akamai.steamstatic.com/store_item_assets/steam/apps/2424010/1d74e48a94902c5fed4a7bf15b703e628cf4eef1/header_alt_assets_2.jpg?t=1786613664,"이 소포 검사 시뮬레이터에서 소포와 우편물을 검사하고 처리하세요! 배송품을 수령하고 분류하며, 라벨에서 오류를 찾아내고 자동화를 통해 물류센터 효율을 극대화할 수 있습니다. 물류센터를 업그레이드하고 확장해 나만의 소포 제국을 만들어 보세요!"
3274580,Anno 117: Pax Romana,False,69000,69000,0,5,복합적,12680,0.695,시뮬레이션|전략,싱글 플레이어|멀티플레이어|PvP|온라인 PvP|협동|온라인 협동|Steam 도전 과제|컨트롤러 완벽 지원|Steam 트레이딩 카드,싱글 플레이어|멀티플레이어|협동|온라인 협동|PvP,12,2025년 11월 12일,Ubisoft Mainz,Ubisoft,https://shared.akamai.steamstatic.com/store_item_assets/steam/apps/3274580/684f5481b9e2a221c5bb5be18498f6f44519df7e/header_alt_assets_4.jpg?t=1787222441,"장르를 대표하는 전략적 도시 건설 게임에서 로마 제국의 운명을 결정하세요. 로마 속주 곳곳에 영향력을 넓히면서 도시를 건설하세요. 경제력, 군사력, 또는 외교적 기술로 통치를 이어 나가세요."
266410,iRacing,False,12570,12570,0,8,매우 긍정적,7526,0.8533,대규모 멀티플레이어|레이싱|시뮬레이션|스포츠,싱글 플레이어|멀티플레이어|MMO|PvP|온라인 PvP|협동|온라인 협동|VR 지원|컨트롤러 일부 지원|가족 공유,싱글 플레이어|멀티플레이어|협동|온라인 협동|PvP,1,2015년 1월 12일,iRacing.com Motorsport Simulations|iRacing,iRacing.com Motorsport Simulations|iRacing,https://shared.akamai.steamstatic.com/store_item_assets/steam/apps/266410/header.jpg?t=1787072532,"We are the world’s premier motorsports racing game. An iRacing membership provides entry into the newest form of motorsport: internet racing. Internet racing is a fun, easy, and inexpensive way for race fan and gamers alike to enjoy the thrill of the racetrack from the comfort of their home."
2778610,Over The Top: WWI,False,21290,21290,0,8,매우 긍정적,7475,0.8264,액션|인디|대규모 멀티플레이어|시뮬레이션,싱글 플레이어|멀티플레이어|PvP|온라인 PvP|LAN PvP|협동|온라인 협동|LAN 협동|Steam 도전 과제|Steam 창작마당|카메라 움직임 조정|색상 대체|#category_contrast_controls|음량 개별 조절|키보드 전용 옵션|퀵타임 이벤트 없이 플레이 가능|DUALSHOCK 컨트롤러 지원|DUALSHOCK 컨트롤러 지원|DualSense 컨트롤러 지원|DualSense 컨트롤러 지원|스테레오 사운드|자막 옵션|컨트롤러 일부 지원|Steam Cloud|레벨 에디터 포함|가족 공유,싱글 플레이어|멀티플레이어|협동|온라인 협동|PvP,18,2026년 3월 6일,Flying Squirrel Entertainment,GG Publishing,https://shared.akamai.steamstatic.com/store_item_assets/steam/apps/2778610/c58b8dade83dad4cf347b4cb5d87b756d5e32383/header.jpg?t=1787300789,"거친 제1차 세계대전을 무대로 펼쳐지는 강렬한 슈터, Over The Top: WWI에서 200인 전투에 뛰어드세요. 클래스를 선택하고, 소총, 대포, 비행기, 강력한 탱크 등이 있는 방대한 무기고에서 장비를 선택하고, 무엇이든 파괴 가능한 전장 속의 혼돈을 즐겨보세요."
2051620,Enlisted,True,0,0,0,8,매우 긍정적,47147,0.8015,액션|대규모 멀티플레이어|무료 플레이,멀티플레이어|MMO|PvP|온라인 PvP|협동|온라인 협동|크로스 플랫폼 멀티플레이어|Steam 도전 과제|컨트롤러 완벽 지원|앱 내 구매|텍스트 크기 조정|카메라 움직임 조정|음량 개별 조절|퀵타임 이벤트 없이 플레이 가능|가족 공유,멀티플레이어|협동|온라인 협동|PvP,9,2024년 7월 16일,Darkflow Software,Gaijin Network Ltd,https://shared.akamai.steamstatic.com/store_item_assets/steam/apps/2051620/60ad41a592c49b3ccc298380b5d7ea4f28158af8/header.jpg?t=1783665086,"Enlisted 에서는 한 명의 병사가 아닌 한 분대를 지휘할 수 있습니다! 분대 기반 MMO 게임인 Enlisted 는 20세기에 벌어진 가장 치열했던 전투를 배경으로 하고 있으며 수 백명의 병사와 전차, 그리고 항공기가 펼치는 전투를 경험할 수 있습니다."
1097580,CUSTOM ORDER MAID 3D2 It's a Night Magic,False,41000,41000,0,8,매우 긍정적,1546,0.8273,어드벤처|인디|시뮬레이션,싱글 플레이어|추적되는 컨트롤러 지원|VR 지원|가족 공유,싱글 플레이어,1,2019년 7월 30일,KISS,S-court,https://shared.akamai.steamstatic.com/store_item_assets/steam/apps/1097580/header.jpg?t=1704419810,Empire Club. The most luxurious bar that ladies and gentlemen come and gather. The beautiful maids who worked there danced and talked with the customers to amuse them.
2955300,Idol Party,True,0,0,0,6,대체로 긍정적,657,0.7245,캐주얼|대규모 멀티플레이어|무료 플레이,멀티플레이어|MMO|PvP|온라인 PvP|협동|온라인 협동|앱 내 구매|가족 공유,멀티플레이어|협동|온라인 협동|PvP,14,2024년 8월 15일,LONGYOU TECHNOLOGY PTE.LTD.,LONGYOU TECHNOLOGY PTE.LTD.,https://shared.akamai.steamstatic.com/store_item_assets/steam/apps/2955300/d733d703a5f4877476ccff3d649b9e83b86b35b9/header.jpg?t=1761047503,"""와, 당신 정말 춤을 잘 춰요!"" IDOL PARTY에 오신 것을 환영합니다. 이 소셜 게임에서 춤과 노래에 몰입하여 친구들을 만나보세요. 춤과 멜로디로 사랑을 사로잡고, 함께 약속하고 결혼하여 가정을 이루세요. 지쳤나요? 농사나 미니 게임을 즐기며 끝없는 재미를 만끽하세요!"
1629520,A Little to the Left,False,16500,16500,0,8,매우 긍정적,18974,0.9156,캐주얼|인디,싱글 플레이어|Steam 도전 과제|컨트롤러 완벽 지원|Steam 트레이딩 카드|카메라 움직임 조정|색상 대체|음량 개별 조절|난이도 조정|키보드 전용 옵션|마우스 전용 옵션|퀵타임 이벤트 없이 플레이 가능|DUALSHOCK 컨트롤러 지원|DUALSHOCK 컨트롤러 지원|DualSense 컨트롤러 지원|DualSense 컨트롤러 지원|터치 전용 옵션|Steam Cloud|가족 공유,싱글 플레이어,11,2022년 11월 8일,Max Inferno,Secret Mode,https://shared.akamai.steamstatic.com/store_item_assets/steam/apps/1629520/header.jpg?t=1786010183,A Little to the Left는 편안하게 즐기는 퍼즐 게임입니다. 난장판 만들기 좋아하는 말썽꾸러기 고양이에 유의하면서 집안 물건들을 이리저리 움직이며 깔끔하게 정리하세요. 즐겁고 직관적인 100개 이상의 퍼즐이 마련되어 있습니다.
2287520,Five Nights at Freddy's: Help Wanted 2,False,42000,42000,0,8,매우 긍정적,5369,0.9497,인디|시뮬레이션,싱글 플레이어|Steam 도전 과제|컨트롤러 완벽 지원|VR 지원|DUALSHOCK 컨트롤러 지원|DualSense 컨트롤러 지원|가족 공유,싱글 플레이어,11,2023년 12월 14일,Steel Wool Studios,ScottGames,https://shared.akamai.steamstatic.com/store_item_assets/steam/apps/2287520/header.jpg?t=1718900946,Five Nights at Freddy’s: Help Wanted 2 is the sequel to the terrifying VR experience that brought new life to the iconic horror franchise. As a brand new Fazbear employee you’ll have to prove you have what it takes to excel in all aspects of Pizzeria management and maintenance.
3987230,Mining and Dwarves,False,5700,3990,30,5,복합적,63,0.6667,캐주얼|시뮬레이션|전략,싱글 플레이어|Steam 도전 과제|텍스트 크기 조정|카메라 움직임 조정|음량 개별 조절|마우스 전용 옵션|#category_playable_at_your_own_pace|퀵타임 이벤트 없이 플레이 가능|Steam Cloud|가족 공유,싱글 플레이어,29,2026년 8월 27일,Sockhouse Studios,Aarimous and Thornity,https://shared.akamai.steamstatic.com/store_item_assets/steam/apps/3987230/b1de87594410de89ff68e0d5fe20cfab0ace79eb/header.jpg?t=1787846423,"Mining and Dwarves는 바위를 캐고 광석을 모으며 드워프를 모집하는 방치형 증분 게임입니다. 강력한 능력을 써서 수익을 극대화하거나, 편하게 드워프들에게 일을 맡길 수도 있습니다."
1249040,American Arcadia,False,21500,8600,60,8,매우 긍정적,4215,0.9407,어드벤처|인디,싱글 플레이어|Steam 도전 과제|컨트롤러 완벽 지원|Steam Cloud|가족 공유,싱글 플레이어,11,2023년 11월 15일,Out of the Blue Games,Raw Fury,https://shared.akamai.steamstatic.com/store_item_assets/steam/apps/1249040/header.jpg?t=1782456441,"전 세계에서 가장 인기 있는 리얼리티 TV 쇼에서 탈출하려 하는 평범한 소시민 트레버의 경이로운 이야기를 경험해 보세요. American Arcadia는 2.5D 플랫폼 게임과 1인칭 게임이 결합된 영화 같은 퍼즐 게임으로, 손에 땀을 쥐게 하는 탈출의 이야기가 펼쳐집니다."
965190,Night Rolls Cozy Store,False,10500,9450,10,8,매우 긍정적,130,0.8692,캐주얼|인디|시뮬레이션,싱글 플레이어|Steam 도전 과제|컨트롤러 완벽 지원|카메라 움직임 조정|음량 개별 조절|퀵타임 이벤트 없이 플레이 가능|DUALSHOCK 컨트롤러 지원|DUALSHOCK 컨트롤러 지원|DualSense 컨트롤러 지원|DualSense 컨트롤러 지원|수시 저장|스테레오 사운드|Steam Cloud|가족 공유,싱글 플레이어,16,2026년 8월 26일,Polytale Games,Polytale Games,https://shared.akamai.steamstatic.com/store_item_assets/steam/apps/965190/64d8944f3d4a3657bcaec5938df70a799606866a/header.jpg?t=1787758601,"아늑한 심야 상점을 운영하세요. 신선한 스시와 롤을 준비하고, 진열대를 채우며, 새벽까지 손님을 맞이하세요. 모든 야간 근무를 직접 책임지는 힐링 상점 경영 게임입니다."
2484130,Fruitbus,False,27000,16200,40,8,매우 긍정적,1145,0.8681,어드벤처|캐주얼|인디|시뮬레이션,싱글 플레이어|Steam 도전 과제|컨트롤러 완벽 지원|DUALSHOCK 컨트롤러 지원|DUALSHOCK 컨트롤러 지원|DualSense 컨트롤러 지원|DualSense 컨트롤러 지원|Steam Cloud|가족 공유,싱글 플레이어,13,2024년 10월 28일,Krillbite Studio,Krillbite Studio|iterco,https://shared.akamai.steamstatic.com/store_item_assets/steam/apps/2484130/header_koreana.jpg?t=1774944219,"아늑하고 맞춤 제작 가능한 푸드 트럭에서 맛과 우정의 여정이 여러분을 기다립니다! 신선한 재료를 찾아 나만의 메뉴를 만들고, 집에서 만든 음식으로 배와 마음을 든든하게 채워보세요. 한 번에 사과 하나씩 세상을 바꾸세요."
2162800,shapez 2 - Factory,False,32000,32000,0,9,압도적으로 긍정적,15102,0.9704,캐주얼|인디|시뮬레이션|전략,싱글 플레이어|Steam 도전 과제|Steam 창작마당|텍스트 크기 조정|카메라 움직임 조정|색상 대체|#category_contrast_controls|음량 개별 조절|난이도 조정|#category_playable_at_your_own_pace|퀵타임 이벤트 없이 플레이 가능|수시 저장|스테레오 사운드|자막 옵션|Steam Cloud|가족 공유,싱글 플레이어,13,2026년 4월 23일,tobspr Games,tobspr Games|Gamirror Games,https://shared.akamai.steamstatic.com/store_item_assets/steam/apps/2162800/680ac087db67c922e0340548103235a7529ec5df/header.jpg?t=1783116690,공장 건설 게임에 빠져들어 보세요. 단 한 가지에 집중하세요. 대규모 우주 공장을 건설하는 것! 방대하게 펼쳐지는 다층 공장과 만족스러운 생산 라인을 무제한으로 설계하세요. 계속해서 어려워지는 자동화 목표를 적의 위협 없이 자신만의 속도로 달성하세요.
1594320,캡틴 산업 (Captain of Industry),False,37500,37500,0,8,매우 긍정적,11479,0.9024,인디|시뮬레이션|전략|앞서 해보기,싱글 플레이어|텍스트 크기 조정|카메라 움직임 조정|음량 개별 조절|난이도 조정|마우스 전용 옵션|#category_playable_at_your_own_pace|퀵타임 이벤트 없이 플레이 가능|수시 저장|스테레오 사운드|Steam Cloud|레벨 에디터 포함|가족 공유,싱글 플레이어,20,2022년 5월 31일,MaFi Games,MaFi Games,https://shared.akamai.steamstatic.com/store_item_assets/steam/apps/1594320/9a604b771ff99f83f21020ac2c0a2a54a7d18627/header.jpg?t=1784572847,"외딴 섬에 산업 제국을 건설하세요. 자원을 채굴하고, 굴삭기로 지형을 변형하고, 식량을 재배하고, 공장을 건설하고, 철도를 부설하고, 외부 세계와 교역하세요. 100가지 이상의 기술을 연구하여 기본 금속 제련부터 원자력 발전과 우주 비행까지 발전시키세요."
2698780,ContractVille,False,11000,11000,0,8,매우 긍정적,6180,0.8094,캐주얼|인디|시뮬레이션,싱글 플레이어|멀티플레이어|협동|온라인 협동|Steam 도전 과제|컨트롤러 완벽 지원|캡션 이용 가능|Steam Cloud|가족 공유,싱글 플레이어|멀티플레이어|협동|온라인 협동,17,2025년 5월 26일,MYM Games Studios,FiftyEight Studios,https://shared.akamai.steamstatic.com/store_item_assets/steam/apps/2698780/123c178d59b4141e64072d768e775ae20bd1794c/header.jpg?t=1785173194,"오픈 월드에서 꿈의 집을 계획하고, 디자인하고, 짓고, 꾸미세요. 벽을 부수고 레이아웃을 스케치한 다음 내부와 정원 등 구석구석 집을 짓고 꾸미세요. 오픈 월드에서 혼자 또는 최대 4명의 친구와 함께 각 개조 작업에 도전하세요. 망치를 들고 창작을 시작하세요 - 꿈의 집이 기다리고 있습니다!"
2508780,목장이야기 Let's! 바람의 그랜드 바자르,False,64800,64800,0,8,매우 긍정적,4014,0.9377,캐주얼|시뮬레이션,싱글 플레이어|Steam 도전 과제|Steam 트레이딩 카드|DUALSHOCK 컨트롤러 지원|DUALSHOCK 컨트롤러 지원|DualSense 컨트롤러 지원|DualSense 컨트롤러 지원|Steam Input API 지원|컨트롤러 일부 지원|Steam Cloud|가족 공유,싱글 플레이어,8,2025년 8월 27일,Marvelous Inc.,"XSEED Games|Marvelous USA, Inc.|Marvelous Europe",https://shared.akamai.steamstatic.com/store_item_assets/steam/apps/2508780/677824c9ff62d7a20678ff5583592c1d89de1b57/header.jpg?t=1780524524,산들바람이 부는 마을에서 새로운 목장 생활이 시작한다.
688420,Bad North: Jotunn Edition,False,16500,3300,80,8,매우 긍정적,14195,0.9326,액션|인디|시뮬레이션,싱글 플레이어|Steam 도전 과제|컨트롤러 완벽 지원|Steam Cloud|Remote Play TV|가족 공유,싱글 플레이어,12,2018년 11월 16일,Plausible Concept|Oskar Stålberg,Raw Fury,https://shared.akamai.steamstatic.com/store_item_assets/steam/apps/688420/header.jpg?t=1780993058,Bad North는 매력적이면서 잔인한 실시간 전술 로그라이트 게임입니다. 아름다운 섬 왕국을 바이킹 침략자들로부터 지켜내고 절망에 빠진 백성들이 탈출할 수 있도록 이끄십시오. 충성스러운 부하들을 지휘하여 각 섬의 독특한 모양을 전술적으로 최대한 활용하십시오. 모든 것이 걸려있습니다. 실패하면 살해된 부하들의 피가 땅을 붉게 물들이는 것을 지켜봐야 합니다.
3915140,Onigiri Shop Simulator,False,9900,9900,0,8,매우 긍정적,446,0.9641,인디|시뮬레이션,싱글 플레이어|Steam 도전 과제|컨트롤러 완벽 지원|카메라 움직임 조정|음량 개별 조절|난이도 조정|퀵타임 이벤트 없이 플레이 가능|Steam Cloud|가족 공유,싱글 플레이어,5,2025년 9월 4일,Yagni Lab,Yagni Lab,https://shared.akamai.steamstatic.com/store_item_assets/steam/apps/3915140/ff0edfd7017eab5235a73a7d9efdba4d404b0b14/header.jpg?t=1760521339,"어서 오세요, 일본 거리 모퉁이에 있는 당신만의 주먹밥 가게로! 포슬포슬한 밥과 정성껏 고른 속재료로 최고의 주먹밥을 만들어 보세요. 바삭한 고로케와 전갱이 튀김 같은 사이드 메뉴도 준비되어 있습니다. 당신은 점주이자 셰프입니다. 쏟아지는 주문을 완벽한 오퍼레이션으로 처리할 수 있을까요? 재고를 관리하고, 준비 과정을 최적화하여 원맨 운영의 정점을 노려 보세요."
2207070,Social Credit Simulator,False,5500,550,90,6,대체로 긍정적,106,0.7547,캐주얼|시뮬레이션,싱글 플레이어|Steam 도전 과제|가족 공유,싱글 플레이어,103,2022년 11월 23일,Fasu Studio,Fasu Studio,https://shared.akamai.steamstatic.com/store_item_assets/steam/apps/2207070/b6ef3c6f3444ffbb7cbc430436a4728810f84a46/header.jpg?t=1787571474,"사회 신용 시뮬레이터에서는 사람들의 행동과 상태에 따라 사회 신용 점수를 할당하여 삶을 변화시키는 결정을 내립니다. 실제 사회적 평가 시스템을 풍자하면서,당신의 선택은 디스토피아 정권에서의 생존을 결정합니다."
493490,City Car Driving,False,29000,29000,0,8,매우 긍정적,36060,0.8268,인디|레이싱|시뮬레이션,싱글 플레이어|Steam 도전 과제|VR 지원|Steam 트레이딩 카드|Steam 창작마당|DUALSHOCK 컨트롤러 지원|컨트롤러 일부 지원|Steam Cloud|가족 공유,싱글 플레이어,17,2016년 11월 3일,"Forward Development, Ltd.","Forward Global Group, Ltd.",https://shared.akamai.steamstatic.com/store_item_assets/steam/apps/493490/header.jpg?t=1698810885,"City Car Driving – realistic car driving simulator, which will help you master the basic skills of the car driving in various traffic conditions, with plunging into the environment most closely resembling the real one."
2289650,Mini Airways,False,11000,11000,0,8,매우 긍정적,1571,0.923,캐주얼|인디|시뮬레이션|전략,싱글 플레이어|멀티플레이어|협동|온라인 협동|Steam 도전 과제|Steam 트레이딩 카드|Steam 창작마당|Steam Cloud|Steam 순위표|레벨 에디터 포함|가족 공유,싱글 플레이어|멀티플레이어|협동|온라인 협동,14,2024년 7월 30일,CCC Games|Erabit,Erabit,https://shared.akamai.steamstatic.com/store_item_assets/steam/apps/2289650/dc5c3bb955f1c134083f932285d754518adebc73/header.jpg?t=1785292201,"Mini Airways는 항공 교통 관제사 역할을 맡아 실시간으로 비행기를 관리하는 게임입니다. 비행기를 이륙하고 착륙시키고, 목적지로 안내하세요... 그리고 무엇보다 중요한 것은, 충돌하지 않도록하세요! 런던, 도쿄, 상하이... 세계 각지의 독특한 지도에서 Mini Airways의 ATC 기술을 테스트해 보세요!"
3526710,에브리씽 이즈 크랩: 동물 진화 로그라이트 | Everything is Crab,False,11000,11000,0,6,대체로 긍정적,7218,0.7653,액션|인디|시뮬레이션|전략,싱글 플레이어|Steam 도전 과제|컨트롤러 완벽 지원|Steam 트레이딩 카드|음량 개별 조절|난이도 조정|퀵타임 이벤트 없이 플레이 가능|DUALSHOCK 컨트롤러 지원|DUALSHOCK 컨트롤러 지원|DualSense 컨트롤러 지원|DualSense 컨트롤러 지원|Steam Cloud|가족 공유,싱글 플레이어,14,2026년 5월 8일,Odd Dreams Digital,Secret Mode,https://shared.akamai.steamstatic.com/store_item_assets/steam/apps/3526710/5dfb7336e99feadf3b4f41bab5049b793afa0208/header_alt_assets_2.jpg?t=1787067079,"동물 진화 로그라이트. 살아 숨쉬는 생태계에서 사냥하고, 도망치고, 시체를 먹어치우며 번성하세요. 125가지 이상의 진화와 특성화를 선택하여 매 판마다 독특한 조합의 생물을 만들어 보세요. 자연의 섭리에서 살아남고 '게화'를 극복하기 위해 적응하세요... 아니면 도전하다가 '다윈행'하고 도태되든지요!"
2749950,Esports Manager 2026,False,21500,17200,20,6,대체로 긍정적,3940,0.7282,인디|시뮬레이션|스포츠|전략,싱글 플레이어|Steam 도전 과제|Steam Cloud|가족 공유,싱글 플레이어,11,2026년 7월 6일,Neurona Games,indie.io,https://shared.akamai.steamstatic.com/store_item_assets/steam/apps/2749950/c996835deb9fd4b481b498f10c0c85ecc8725986/header.jpg?t=1787757872,"자신의 전문 e스포츠 조직을 건설하고 이끌어가세요. 선수를 스카우트하고, 계약을 관리하며, 재능을 개발하고, 스태프를 고용하여 브랜드를 성장시키고, 깊고 현실적인 관리 시뮬레이션에서 챔피언십 타이틀을 위해 경쟁하세요."
2689120,Gladio Mori,False,17500,12250,30,8,매우 긍정적,1234,0.8225,액션|시뮬레이션|앞서 해보기,싱글 플레이어|멀티플레이어|PvP|온라인 PvP|스크린 공유 및 분할 PvP|공유 및 분할 화면|DUALSHOCK 컨트롤러 지원|DUALSHOCK 컨트롤러 지원|DualSense 컨트롤러 지원|DualSense 컨트롤러 지원|컨트롤러 일부 지원|Steam Cloud|가족 공유,싱글 플레이어|멀티플레이어|PvP,12,2024년 11월 26일,Plebeian Studio,Bonus Stage Publishing|Korgi Digital (China),https://shared.akamai.steamstatic.com/store_item_assets/steam/apps/2689120/3565dac154b7c7bbd22f6146d8733af16eebe6f8/header.jpg?t=1787303757,"글라디오 모리는 슬로우 모션 전투, 장기별 피해 및 커뮤니티 생성 기술을 특징으로 하는 멀티플레이어 전투 게임입니다. 날카로운 무기를 사용해 적을 처치하거나, 시도하다 죽으세요. 칼을 선택하고, 갑옷을 골라 자신만의 전투 스타일을 만드세요."
4181410,골목길: 귀흔,False,9900,9900,0,8,매우 긍정적,229,0.9345,어드벤처|인디|시뮬레이션,싱글 플레이어|Steam 도전 과제|컨트롤러 완벽 지원|카메라 움직임 조정|음량 개별 조절|#category_playable_at_your_own_pace|퀵타임 이벤트 없이 플레이 가능|스테레오 사운드|자막 옵션|서라운드 사운드|가족 공유,싱글 플레이어,7,2026년 7월 23일,AIXLAB,Smilegate|Thermite Games,https://shared.akamai.steamstatic.com/store_item_assets/steam/apps/4181410/eb29101bd55dd3e5dc90c469bca5f8d5d67a2e0d/header_koreana.jpg?t=1786092341,"'귀흔'과 '허깨비'를 사진으로 구분하며 미로 같은 골목길을 탐사하고, 추적해오는 귀신을 피해 탈출을 시도하는 1인칭 심리 공포 게임입니다."
3981100,Leaf it Alone,False,6700,6700,0,9,압도적으로 긍정적,6207,0.9581,캐주얼|인디|시뮬레이션,싱글 플레이어|Steam 도전 과제|컨트롤러 완벽 지원|카메라 움직임 조정|음량 개별 조절|퀵타임 이벤트 없이 플레이 가능|DUALSHOCK 컨트롤러 지원|DUALSHOCK 컨트롤러 지원|DualSense 컨트롤러 지원|DualSense 컨트롤러 지원|수시 저장|스테레오 사운드|Steam Cloud|통계|Steam 순위표|가족 공유,싱글 플레이어,13,2025년 10월 30일,Eternity,Eternity,https://shared.akamai.steamstatic.com/store_item_assets/steam/apps/3981100/843d859123e902ca5c15ff53200c4bcb780c3304/header.jpg?t=1784878103,"드디어, 이 나뭇잎 난장판을 청소할 때가 왔습니다. 마지막으로 한 지 꽤 됐으니, 잠시도 지체 말고 녹슬었던 갈퀴질 솜씨를 다시 뽐내보세요!"
1343070,Call to Arms: Panzer Elite,False,32000,32000,0,5,복합적,1961,0.6981,액션|시뮬레이션|앞서 해보기,싱글 플레이어|멀티플레이어|PvP|온라인 PvP|협동|온라인 협동|가족 공유,싱글 플레이어|멀티플레이어|협동|온라인 협동|PvP,1,2025년 9월 19일,Digitalmindsoft,Digitalmindsoft Publishing,https://shared.akamai.steamstatic.com/store_item_assets/steam/apps/1343070/68f6354b2f35b5d95c44185453cf2cb4192c22f5/header.jpg?t=1766086757,"Lead a platoon of WWII tanks in this immersive TPP and FPP game. Engage in realistic, tactical combat across historic battlefields. Play through campaign or challenge yourself in skirmish mode as either German or US forces."
1124180,철도관제 시뮬레이터,False,27000,27000,0,8,매우 긍정적,2607,0.883,캐주얼|인디|시뮬레이션|전략,싱글 플레이어|멀티플레이어|협동|온라인 협동|LAN 협동|Steam 도전 과제|컨트롤러 완벽 지원|Steam 트레이딩 카드|Steam 창작마당|DUALSHOCK 컨트롤러 지원|DUALSHOCK 컨트롤러 지원|DualSense 컨트롤러 지원|DualSense 컨트롤러 지원|Steam Cloud|Steam 순위표|레벨 에디터 포함|가족 공유,싱글 플레이어|멀티플레이어|협동|온라인 협동,13,2024년 2월 22일,Bitrich.info,Bitrich.info,https://shared.akamai.steamstatic.com/store_item_assets/steam/apps/1124180/31f72d507edd1cc5d6750ea00bb84f841fba786c/header_alt_assets_12_koreana.jpg?t=1785778348,철도관제 시뮬레이터에서는 현실 세계의 도시들에 기반한 여러 맵 중 하나에서 여러분만의 철도 네트워크를 설계하고 건설하며 자동화할 수 있습니다. 열차를 관리하여 교통량을 통제하고 네트워크를 성장시키세요!
1682970,Uncrashed : FPV Drone Simulator,False,15990,15990,0,9,압도적으로 긍정적,7779,0.9523,액션|인디|레이싱|시뮬레이션|스포츠,싱글 플레이어|멀티플레이어|PvP|온라인 PvP|Steam 창작마당|DUALSHOCK 컨트롤러 지원|DualSense 컨트롤러 지원|컨트롤러 일부 지원|Steam Cloud|Steam 순위표|레벨 에디터 포함|가족 공유,싱글 플레이어|멀티플레이어|PvP,5,2021년 9월 1일,Luminite,Luminite,https://shared.akamai.steamstatic.com/store_item_assets/steam/apps/1682970/header.jpg?t=1783005013,"Amateur or experienced FPV pilot, learn or improve your skills on Uncrashed,the new ultra realistic FPV simulator. Simulate your own FPV drone with settings based on real values and you will have the same feeling as a real flight without the risk of breaking your drone !"
3585800,Keep Digging,False,7600,7600,0,6,대체로 긍정적,3245,0.7957,어드벤처|캐주얼|인디|시뮬레이션,싱글 플레이어|멀티플레이어|PvP|온라인 PvP|협동|온라인 협동|Steam 도전 과제|카메라 움직임 조정|퀵타임 이벤트 없이 플레이 가능|수시 저장|스테레오 사운드|컨트롤러 일부 지원|Steam Cloud|가족 공유,싱글 플레이어|멀티플레이어|협동|온라인 협동|PvP,6,2025년 9월 11일,Wild Dog,Wild Dog,https://shared.akamai.steamstatic.com/store_item_assets/steam/apps/3585800/fa3971aab9b22af494e4ab0b3790d9bcb89dae71/header.jpg?t=1777355505,"Keep Digging은 최대 8명이 함께 즐길 수 있는 땅파기 서바이벌 크래프트 게임입니다. 무작위로 생성되는 깊이 5000m의 지하 세계를 파고, 광석과 설계도, 화석을 가져와 제련, 대장간 제작, 인챈트로 장비를 완성하세요! 협동 플레이도, PvP 아이템 쟁탈도 즐길 수 있습니다."
604500,Tank Force: 온라인 슈팅 게임,True,0,0,0,5,복합적,3227,0.6585,액션|캐주얼|대규모 멀티플레이어|시뮬레이션|무료 플레이,멀티플레이어|MMO|PvP|온라인 PvP|크로스 플랫폼 멀티플레이어|Steam 트레이딩 카드|앱 내 구매|컨트롤러 일부 지원|가족 공유,멀티플레이어|PvP,13,2017년 10월 23일,XDEVS LTD,XDEVS LTD,https://shared.akamai.steamstatic.com/store_item_assets/steam/apps/604500/55a1f93bed676f5832f25d6db8a4da2f13abd13e/header.jpg?t=1781158823,"흥미진진한 전투, 다양한 탱크, 실제와 같은 지도."
2497900,DON'T SCREAM,False,8900,8900,0,5,복합적,4868,0.6526,캐주얼|시뮬레이션,싱글 플레이어|Steam 도전 과제|컨트롤러 완벽 지원|Steam 트레이딩 카드|카메라 움직임 조정|음량 개별 조절|난이도 조정|퀵타임 이벤트 없이 플레이 가능|DUALSHOCK 컨트롤러 지원|DUALSHOCK 컨트롤러 지원|DualSense 컨트롤러 지원|DualSense 컨트롤러 지원|스테레오 사운드|서라운드 사운드|Steam Cloud|Remote Play TV|가족 공유,싱글 플레이어,17,2024년 10월 28일,Digital Cybercherries,Digital Cybercherries,https://shared.akamai.steamstatic.com/store_item_assets/steam/apps/2497900/a7ce95275b7c88844334150fa7aa0d026023d4df/header.jpg?t=1764784705,비명을 지르면 다시 시작합니다. 두 명의 인디 개발자가 Unreal Engine 5로 제작한 단편 호러 체험입니다. 18분동안 숲을 탐험하며 비명소리를 내서는 안됩니다. 숲의 비밀은? 이동할 때만 타이머가 작동한다는 겁니다. 여러분과 친구들은 물론 가족들도 무서워서 오금이 지릴 겁니다. 마이크 필수!
2195120,Go-Go Town!,False,30000,30000,0,8,매우 긍정적,2704,0.9334,캐주얼|인디|시뮬레이션|전략,싱글 플레이어|멀티플레이어|협동|온라인 협동|스크린 공유 및 분할 협동|공유 및 분할 화면|Steam 도전 과제|컨트롤러 완벽 지원|카메라 움직임 조정|색상 대체|#category_contrast_controls|음량 개별 조절|#category_playable_at_your_own_pace|퀵타임 이벤트 없이 플레이 가능|DUALSHOCK 컨트롤러 지원|DUALSHOCK 컨트롤러 지원|DualSense 컨트롤러 지원|DualSense 컨트롤러 지원|수시 저장|스테레오 사운드|Steam Cloud|Remote Play TV|가족 공유,싱글 플레이어|멀티플레이어|협동|온라인 협동,10,2026년 7월 16일,Prideful Sloth,Prideful Sloth,https://shared.akamai.steamstatic.com/store_item_assets/steam/apps/2195120/f6246e7ab8ceb5ec049b6d379ad42c4d0b28d11b/header_alt_assets_5.jpg?t=1785537039,"직접 발로 뛰는 시장이 되어, 아무것도 없는 곳에서 나만의 마을을 만들어 보세요. 동네를 설계하고, 물류를 자동화하고, 주민 공동체를 성장시키세요. 꿈꾸던 마을을 만들려면 일꾼을 관리하고, 기반 시설을 정비하고, 일상적인 난장판을 모두 신경 써야 합니다. 혼자 플레이하며 모든 것을 완벽하게 관리하거나, 친구들과 함께 협동 플레이로 왁자지껄 즐겨 보세요."
2885870,Strange Antiquities,False,19500,12670,35,9,압도적으로 긍정적,3496,0.9528,어드벤처|캐주얼|인디|시뮬레이션,싱글 플레이어|Steam 도전 과제|컨트롤러 완벽 지원|Steam 트레이딩 카드|텍스트 크기 조정|카메라 움직임 조정|색상 대체|음량 개별 조절|마우스 전용 옵션|퀵타임 이벤트 없이 플레이 가능|DUALSHOCK 컨트롤러 지원|DUALSHOCK 컨트롤러 지원|DualSense 컨트롤러 지원|DualSense 컨트롤러 지원|수시 저장|터치 전용 옵션|Steam Cloud|가족 공유,싱글 플레이어,13,2025년 9월 17일,Bad Viking,Iceberg Interactive,https://shared.akamai.steamstatic.com/store_item_assets/steam/apps/2885870/7ae4a67e90472e7324a7c32ad2ac1dad14bea103/header.jpg?t=1778730364,오컬트 골동품을 취급하는 상점의 관리인이 되어 보세요. 기묘한 사건과 어두운 미스터리로 가득한 음침한 마을인 언더미어를 탐험해 보세요. 신비한 유물을 찾아 감별하고 수집한 물건으로 마을 사람들의 기이한 문제를 해결해 주세요. 고양이를 쓰다듬는 것도 잊지 마시고요!
3279440,Drone Sector,False,18000,16200,10,8,매우 긍정적,341,0.8974,액션|시뮬레이션|전략|앞서 해보기,싱글 플레이어|카메라 움직임 조정|음량 개별 조절|난이도 조정|퀵타임 이벤트 없이 플레이 가능|스테레오 사운드|Steam Cloud|가족 공유,싱글 플레이어,12,2026년 7월 21일,Icosphere,MicroProse Software,https://shared.akamai.steamstatic.com/store_item_assets/steam/apps/3279440/9417319f909f2fabe957cb66b8ad5bb1f8372401/header.jpg?t=1784830926,Drone Sector는 미래형 건쉽 게임입니다. 다양한 무기를 발사하여 적을 공격하고 명령을 통해 아군 부대를 지휘하세요. 부대를 생존시키고 임무를 완수하며 자원을 모으고 엔지니어를 모집하십시오. 건쉽과 부대를 위한 더 나은 무기를 연구하세요.
429050,Feed and Grow: Fish,False,16000,16000,0,6,대체로 긍정적,21647,0.782,액션|인디|시뮬레이션|앞서 해보기,싱글 플레이어|멀티플레이어|Steam 도전 과제|컨트롤러 일부 지원|가족 공유,싱글 플레이어|멀티플레이어,1,2016년 1월 8일,Old B1ood,Greens s.r.o.,https://shared.akamai.steamstatic.com/store_item_assets/steam/apps/429050/header.jpg?t=1615737978,"Hunt and eat other fish - simply, grow into larger beasts!"
16900,GROUND BRANCH,False,24500,19600,20,8,매우 긍정적,24898,0.8401,액션|인디|시뮬레이션,싱글 플레이어|멀티플레이어|PvP|온라인 PvP|협동|온라인 협동|Steam 창작마당|컨트롤러 일부 지원|가족 공유,싱글 플레이어|멀티플레이어|협동|온라인 협동|PvP,1,2026년 7월 16일,BlackFoot Studios|MicroProse Software,MicroProse Software,https://shared.akamai.steamstatic.com/store_item_assets/steam/apps/16900/500dee13d8a31afb0e818a8666ed1a646f6c2fb2/header.jpg?t=1787381500,"Rainbow Six® 및 Ghost Recon® 게임의 개발자 중 한 명이 심도 있는 캐릭터와 무기 커스터마이제이션을 구현하는 생각하는 1인칭 슈팅 게임을 소개합니다. 시간을 가지고, 미리 생각하고, 일을 완수하십시오."
2060160,농부는 대체되었다,False,11000,11000,0,9,압도적으로 긍정적,9153,0.9558,캐주얼|인디|시뮬레이션|전략,싱글 플레이어|Steam 도전 과제|텍스트 크기 조정|카메라 움직임 조정|음량 개별 조절|퀵타임 이벤트 없이 플레이 가능|수시 저장|스테레오 사운드|Steam Cloud|Steam 순위표|가족 공유,싱글 플레이어,11,2025년 10월 10일,Timon Herzog,Metaroot|Timon Herzog,https://shared.akamai.steamstatic.com/store_item_assets/steam/apps/2060160/7908933d6e3a165f3d59fd8cffc6bdd2485f144f/header_koreana.jpg?t=1786971488,드론을 프로그래밍하고 최적화하여 농장을 자동화하고 드론의 작업을 지켜보세요. 자원을 모아 더 나은 기술을 잠금 해제하고 세계에서 가장 효율적인 농부가 되어보세요. 문제 해결 능력과 코딩 기술을 향상시키세요.
1286220,Sea Power : Naval Combat in the Missile Age,False,53000,42400,20,8,매우 긍정적,6485,0.9084,액션|시뮬레이션|전략|앞서 해보기,싱글 플레이어|Steam 창작마당|Steam Cloud|레벨 에디터 포함|가족 공유,싱글 플레이어,8,2024년 11월 12일,Triassic Games,MicroProse Software,https://shared.akamai.steamstatic.com/store_item_assets/steam/apps/1286220/header.jpg?t=1787385183,"From the lead designer of Cold Waters, Sea Power lets you control NATO and Warsaw Pact forces in modern naval conflict campaigns. Use your advanced naval weaponry and sensors to respect rules of engagement and defeat the enemy forces in a tense fight for initiative and air/naval supremacy."
380600,Fishing Planet,True,0,0,0,8,매우 긍정적,77122,0.8684,대규모 멀티플레이어|시뮬레이션|스포츠|무료 플레이,싱글 플레이어|멀티플레이어|MMO|PvP|온라인 PvP|협동|온라인 협동|Steam 도전 과제|컨트롤러 완벽 지원|Steam 트레이딩 카드|앱 내 구매|DUALSHOCK 컨트롤러 지원|DUALSHOCK 컨트롤러 지원|DualSense 컨트롤러 지원|DualSense 컨트롤러 지원|Remote Play TV|가족 공유,싱글 플레이어|멀티플레이어|협동|온라인 협동|PvP,13,2017년 8월 28일,Fishing Planet LLC,Fishing Planet LLC,https://shared.akamai.steamstatic.com/store_item_assets/steam/apps/380600/fdd30a0c9cc1da191a196ffbd1bcb7925d51ed16/header_alt_assets_17.jpg?t=1787831053,Fishing Planet® is a highly realistic first-person online multiplayer fishing simulator. Developed by avid fishing enthusiasts to bring you the full thrill of actual angling on your PC. Free-to-Play and just a download away!
1368820,RollerCoaster Tycoon® 3: Complete Edition,False,20500,5120,75,8,매우 긍정적,2988,0.8718,시뮬레이션|전략,싱글 플레이어|가족 공유,싱글 플레이어,10,2020년 9월 24일,Frontier Developments|Aspyr (Mac),Atari|Aspyr (Mac),https://shared.akamai.steamstatic.com/store_item_assets/steam/apps/1368820/header.jpg?t=1779306991,최고의 롤러코스터 시뮬레이션 게임으로 극찬받은 베스트셀러 RollerCoaster Tycoon이 다시 돌아왔습니다. 일생일대의 놀이공원을 만들어보세요! 이제는 하나의 장르가 된 RollerCoaster Tycoon의 즐거움을 만끽하세요! 두 개의 알찬 확장팩이 포함되어 있어 더욱 완벽하게 즐길 수 있습니다.
2555430,TRADESMAN: Deal to Dealer,False,4900,4410,10,6,대체로 긍정적,1493,0.7991,캐주얼|인디|RPG,싱글 플레이어|Steam 도전 과제|Steam 창작마당|Steam Cloud|가족 공유,싱글 플레이어,5,2026년 8월 27일,AZAMATIKA,AZAMATIKA,https://shared.akamai.steamstatic.com/store_item_assets/steam/apps/2555430/f3f398951669d5b870bf44c5660574a819825da4/header_alt_assets_3.jpg?t=1787862565,여행하세요. 구매하세요. 판매하세요. 방어하세요. 전투하세요. 퀘스트를 수행하세요.
4818580,삼국지 클래식,False,14000,14000,0,8,매우 긍정적,122,0.8852,시뮬레이션|전략,싱글 플레이어|Steam 도전 과제|음량 개별 조절|#category_playable_at_your_own_pace|퀵타임 이벤트 없이 플레이 가능|수시 저장|Steam Cloud|가족 공유,싱글 플레이어,5,2026년 7월 2일,SEEAT,SEEAT,https://shared.akamai.steamstatic.com/store_item_assets/steam/apps/4818580/7c7308c3387b5bac430660961487267c1fee1c6b/header_koreana.jpg?t=1785404737,"삼국지 클래식은 도시, 장수, 외교, 보급, 전투 명령으로 난세를 운영하는 턴제 대전략 게임입니다. 189년 반동탁연합부터 263년 촉한 멸망전까지 여러 시나리오에서 한 세력을 지휘하거나 관전 모드로 역사의 흐름을 지켜보세요."
4611990,日本事故物件監視協会3 -Japan Stigmatized Property-,False,9650,9650,0,8,매우 긍정적,104,0.8077,어드벤처|캐주얼|인디|시뮬레이션,싱글 플레이어|멀티플레이어|Steam 도전 과제|음량 개별 조절|난이도 조정|마우스 전용 옵션|Steam Cloud|가족 공유,싱글 플레이어|멀티플레이어,7,2026년 8월 6일,日本事故物件監視協会,日本事故物件監視協会|Loxarc Inc.,https://shared.akamai.steamstatic.com/store_item_assets/steam/apps/4611990/e59424ec894f20a4b1b13809362f290bceaa0162/header.jpg?t=1786104932,새벽까지 버틸 수 있겠습니까? 일본의 사고물건을 감시하고 모든 이상 현상을 보고하세요. 보고 누락이 많으면… 임무는 실패합니다.
703080,플래닛 주,False,46000,46000,0,8,매우 긍정적,97495,0.9099,캐주얼|시뮬레이션|전략,싱글 플레이어|Steam 도전 과제|Steam 트레이딩 카드|Steam 창작마당|Steam Cloud|HDR 사용 가능|가족 공유,싱글 플레이어,18,2019년 11월 5일,Frontier Developments,Frontier Developments,https://shared.akamai.steamstatic.com/store_item_assets/steam/apps/703080/header.jpg?t=1765896213,"플래닛 주에서 야생의 세계를 건설하세요. 플래닛 코스터와 주 타이쿤의 개발자들이 최고의 동물원 시뮬레이션 게임으로 돌아왔습니다. 실감 나는 서식지를 건설하고, 동물원을 관리하고, 생각하고 느끼고 여러분이 창조한 세계를 탐험하는 진짜 살아 있는 동물들을 만나 보세요."
3419520,Quarantine Zone: The Last Check,False,21500,21500,0,8,매우 긍정적,13094,0.8195,인디|시뮬레이션|전략,싱글 플레이어|Steam 도전 과제|컨트롤러 완벽 지원|Steam Input API 지원|Steam Cloud|가족 공유,싱글 플레이어,14,2026년 1월 12일,Brigada Games,Devolver Digital,https://shared.akamai.steamstatic.com/store_item_assets/steam/apps/3419520/c8562f1c2f8f054e5f8efeb536a0ba2490905033/header.jpg?t=1787667139,"붕괴하는 도시의 검문소를 지휘하세요. 생존자들을 검진하고, 부족한 자원을 관리하며 언데드들의 공세를 버텨야 합니다. 선택 하나하나에 생사가 갈리고, 한 명이라도 놓치면 국가가 궤멸할 겁니다."
3430470,PLATiNA :: LAB,False,34900,34900,0,5,복합적,1943,0.4941,액션|캐주얼|시뮬레이션|앞서 해보기,싱글 플레이어|Steam 도전 과제|가족 공유,싱글 플레이어,5,2025년 4월 10일,HIGH-END Games,HIGH-END Games,https://shared.akamai.steamstatic.com/store_item_assets/steam/apps/3430470/efe7e030ab4c15a93beefe485e95ef8c23152825/header.jpg?t=1787548228,"데이터베이스를 모티브로 한 신개념 캐릭터들과 함께하는 새로운 리듬 게임! 특별한 능력을 지닌 '디코더'의 이름으로, 잠겨진 데이터 세계의 비밀을 풀기 위한 PLATiNA :: LAB의 연구에 함께해 주세요."
2510970,The Dream Office,False,11000,8250,25,8,매우 긍정적,76,0.8816,어드벤처|캐주얼|인디|시뮬레이션,싱글 플레이어|Steam 도전 과제|컨트롤러 완벽 지원|퀵타임 이벤트 없이 플레이 가능|DUALSHOCK 컨트롤러 지원|DUALSHOCK 컨트롤러 지원|DualSense 컨트롤러 지원|DualSense 컨트롤러 지원|수시 저장|스테레오 사운드|Steam Cloud|통계|가족 공유,싱글 플레이어,29,2026년 8월 24일,BEPLAYER|Nesalis Games,FreeMind S.A.|Nesalis Games,https://shared.akamai.steamstatic.com/store_item_assets/steam/apps/2510970/164ee9fb713a168c1f83ae2a5afe2af4d5796c19/header_alt_assets_3.jpg?t=1787576176,"망가진 사무실 건물을 개조하고 관리하세요. 방을 청소하고 수리하고 가구를 배치하고, 까다로운 세입자에게 임대하고, 프린터와 커피 머신을 고치고, 과장된 사무실 유머 시스템을 즐기고, 매일같이 벌어지는 혼란 속에서 살아남으세요. 방치된 환경을 수익으로 바꾸세요. 돈은 저절로 찍어내지 않으니까요. 프린터가 아무리 애써도 말이죠."
2069310,RealFlight Evolution,False,112520,112520,0,8,매우 긍정적,1599,0.8931,인디|레이싱|시뮬레이션,싱글 플레이어|멀티플레이어|PvP|온라인 PvP|LAN PvP|협동|온라인 협동|LAN 협동|스크린 공유 및 분할 협동|공유 및 분할 화면|Steam 도전 과제|VR 지원|레벨 에디터 포함|가족 공유,싱글 플레이어|멀티플레이어|협동|온라인 협동|PvP,1,2022년 10월 27일,"Horizon Hobby, LLC","Horizon Hobby, LLC",https://shared.akamai.steamstatic.com/store_item_assets/steam/apps/2069310/3042082246c312e1c9ee6f99c53a298a9650a86a/header.jpg?t=1782760582,"RealFlight® is the industry-leading flight simulator for radio-controlled airplanes, helicopters, and drones. Fly more than 300 hyper-realistic vehicles in an immense, open world right from your desktop. This RC classic is a must-have tool for flight enthusiasts of all skill levels!"
1569580,Blue Prince,False,32000,19200,40,8,매우 긍정적,19820,0.864,어드벤처|인디|전략,싱글 플레이어|Steam 도전 과제|컨트롤러 완벽 지원|DualSense 컨트롤러 지원|DualSense 컨트롤러 지원|Steam Cloud|가족 공유,싱글 플레이어,1,2025년 4월 10일,Dogubomb,Raw Fury,https://shared.akamai.steamstatic.com/store_item_assets/steam/apps/1569580/879ac248a3b548a6bbc32771b950756378e7e922/header.jpg?t=1783605097,여명이 밝아올 때마다 새로운 수수께끼가 드러나는 홀리 산에 잘 오셨습니다. 장르를 넘나드는 전략 퍼즐 어드벤처 게임에서 움직이는 복도와 끊임없이 변화하는 방들을 통과해 보세요. 예측할 수 없는 길이 과연 소문으로만 존재하는 46번 방으로 이끌어 줄까요?
1455910,영지: 농사와 전쟁 (Territory: Farming and Warfare),False,16500,13200,20,8,매우 긍정적,756,0.8532,인디|시뮬레이션|전략,싱글 플레이어|멀티플레이어|협동|온라인 협동|LAN 협동|Steam 도전 과제|Steam 창작마당|Steam Cloud|Steam 순위표|가족 공유,싱글 플레이어|멀티플레이어|협동|온라인 협동,12,2026년 2월 4일,Wit Studio,Wit Studio,https://shared.akamai.steamstatic.com/store_item_assets/steam/apps/1455910/721430dc9076efb97a9b9fd17aae8863206f297d/header.jpg?t=1781938946,"From a small village of a dozen people to a small kingdom of thousands of people. Arrange for residents to work, gathering, fishing and hunting, farming and mining, processing and manufacturing. Trade, accumulate supplies, increase your strength, and fight evil forces and monsters."
2658510,Animal Shelter 2,False,26500,26500,0,8,매우 긍정적,1572,0.8117,어드벤처|캐주얼|인디|시뮬레이션,싱글 플레이어|멀티플레이어|협동|온라인 협동|Steam 도전 과제|컨트롤러 완벽 지원|음량 개별 조절|DUALSHOCK 컨트롤러 지원|DUALSHOCK 컨트롤러 지원|DualSense 컨트롤러 지원|DualSense 컨트롤러 지원|수시 저장|스테레오 사운드|서라운드 사운드|Steam Cloud|가족 공유,싱글 플레이어|멀티플레이어|협동|온라인 협동,13,2025년 7월 23일,Games Incubator,Games Incubator|PlayWay S.A.,https://shared.akamai.steamstatic.com/store_item_assets/steam/apps/2658510/2b94bf51940f632f8bbf6c7c5ff20ee3e37557d6/header_alt_assets_3.jpg?t=1785919107,"Animal Shelter 2 세계에 오신 것을 환영합니다! 도움이 필요한 우리 네 발 달린 친구들에게 사랑이 가득한 집을 만들어주세요. 함께 놀아주고, 쓰다듬어 주고, 옷도 입혀주세요! 동물들과 친해지고 사랑하는 가족을 찾아주세요. 코옵 모드를 통해 친구들과 함께 플레이하고 동물을 위한 보호소를 찾아주세요."
1155980,Princess Maker ~Faery Tales Come True~ (HD Remake),False,31000,31000,0,5,복합적,270,0.5963,시뮬레이션,싱글 플레이어|Steam 도전 과제|컨트롤러 완벽 지원|가족 공유,싱글 플레이어,5,2019년 12월 23일,"CFK Co., Ltd.",Bliss Brain,https://shared.akamai.steamstatic.com/store_item_assets/steam/apps/1155980/header.jpg?t=1728628384,"추억의 육성 시뮬레이션 게임이 업그레이드되어 등장! HD퀄리티의 그래픽과 새로워진 인터페이스, 신규 BGM 등 새로운 요소와 함께 돌아온 『프린세스 메이커 -꿈꾸는 요정-』!"
2608270,Intravenous 2,False,21500,11820,45,8,매우 긍정적,4717,0.9483,액션|어드벤처|전략,싱글 플레이어|Steam 도전 과제|컨트롤러 완벽 지원|Steam 트레이딩 카드|Steam 창작마당|DUALSHOCK 컨트롤러 지원|DUALSHOCK 컨트롤러 지원|DualSense 컨트롤러 지원|DualSense 컨트롤러 지원|Steam Cloud|레벨 에디터 포함|가족 공유,싱글 플레이어,13,2024년 8월 15일,Explosive Squat Games,HypeTrain Digital,https://shared.akamai.steamstatic.com/store_item_assets/steam/apps/2608270/899bd57562a4c755e7946b98477ded156830322e/header.jpg?t=1775822893,"Intravenous 2는 전술적 게임플레이와 몰입적인 스토리텔링의 궁극적인 조화입니다. 그림자를 포용할 것인가, 아니면 적에게 당당히 맞설 것인가? 선택은 당신의 것입니다. 새로운 전술 은신 액션의 시대를 경험하세요. 생명을 구하고 비밀을 밝혀내며 복수하세요."
3144860,WILL: Follow The Light,False,28300,18390,35,6,대체로 긍정적,536,0.7519,어드벤처|인디,싱글 플레이어|Steam 도전 과제|컨트롤러 완벽 지원|Steam Cloud|가족 공유,싱글 플레이어,13,2026년 5월 7일,TomorrowHead Studio,TomorrowHead Studio,https://shared.akamai.steamstatic.com/store_item_assets/steam/apps/3144860/3fb15b767ff7a032ddd81661c2791e056badfd00/header.jpg?t=1781118407,끝없는 바다를 항해하며 사랑하는 사람들에게 돌아갈 길을 찾는 일인칭 싱글 플레이어 여정. 혹독한 북쪽 바다를 배경으로 펼쳐지는 사실적인 모험에 빠져 보세요. 여러분은 과연 빛을 따라갈까요?
2763740,Revolution Idle,True,0,0,0,8,매우 긍정적,12192,0.867,캐주얼|인디|시뮬레이션|무료 플레이,싱글 플레이어|Steam 도전 과제|캡션 이용 가능|앱 내 구매|가족 공유,싱글 플레이어,16,2025년 5월 1일,Oni Gaming|Nu Games,Oni Gaming,https://shared.akamai.steamstatic.com/store_item_assets/steam/apps/2763740/header.jpg?t=1778316938,"Revolution Idle은 오프라인 진행, Prestige 시스템, 끝없는 자동화를 갖춘 무료 방치형 증분 게임입니다. 숫자를 끝없이 성장시키고 Infinity를 돌파하세요."
1669480,Firefighting Simulator: Ignite,False,37500,37500,0,8,매우 긍정적,2581,0.804,액션|시뮬레이션,싱글 플레이어|멀티플레이어|협동|온라인 협동|크로스 플랫폼 멀티플레이어|Steam 도전 과제|텍스트 크기 조정|카메라 움직임 조정|색상 대체|음량 개별 조절|퀵타임 이벤트 없이 플레이 가능|DUALSHOCK 컨트롤러 지원|DUALSHOCK 컨트롤러 지원|DualSense 컨트롤러 지원|DualSense 컨트롤러 지원|스테레오 사운드|자막 옵션|컨트롤러 일부 지원|Steam Cloud|레벨 에디터 포함|가족 공유,싱글 플레이어|멀티플레이어|협동|온라인 협동,15,2025년 9월 9일,weltenbauer. Software Entwicklung GmbH,astragon Entertainment,https://shared.akamai.steamstatic.com/store_item_assets/steam/apps/1669480/8aa875a37e5dfc6d6a7401d7db3b5fc1a860e17a/header.jpg?t=1784796095,Firefighting Simulator: Ignite에서 미국 소방관으로 거듭나 최대 3명의 친구 또는 NPC 대원과 함께 힘을 합쳐 예측 불가능한 위험과 화재에 맞서 싸우며 생명을 구조하세요.
1176470,Terra Invicta 테라 인빅타,False,39900,39900,0,8,매우 긍정적,9839,0.803,시뮬레이션|전략,싱글 플레이어|Steam 도전 과제|Steam 트레이딩 카드|Steam 창작마당|텍스트 크기 조정|카메라 움직임 조정|음량 개별 조절|난이도 조정|마우스 전용 옵션|퀵타임 이벤트 없이 플레이 가능|수시 저장|Steam Cloud|가족 공유,싱글 플레이어,14,2026년 1월 5일,Pavonis Interactive,Hooded Horse,https://shared.akamai.steamstatic.com/store_item_assets/steam/apps/1176470/b6b872e2b4487549d8a32f62c813dd7e90483e99/header_koreana.jpg?t=1787905879,"외계인의 침략으로 인해 인류는 미래에 대한 고유한 비전을 가진 7개의 이념적 진영으로 분열되었습니다. 선택한 진영을 이끌고 지구의 국가를 장악하고, 태양계에서 세력을 확장하고, 적군 함대를 상대로 전술적 전투를 치르세요."
1737690,Yacht Dice,False,1100,880,20,6,대체로 긍정적,694,0.781,캐주얼|인디|시뮬레이션|전략,싱글 플레이어|멀티플레이어|PvP|온라인 PvP|스크린 공유 및 분할 PvP|협동|온라인 협동|스크린 공유 및 분할 협동|공유 및 분할 화면|Steam 도전 과제|컨트롤러 완벽 지원|Steam Cloud|통계|Remote Play Together|가족 공유,싱글 플레이어|멀티플레이어|협동|온라인 협동|PvP,4,2021년 9월 30일,GoodOldMan Studio,GoodOldMan Studio,https://shared.akamai.steamstatic.com/store_item_assets/steam/apps/1737690/header.jpg?t=1755542104,"Yacht Dice is a classic dice game popular around the world, each player by throwing dice statistics score to carry on the game, the player with the highest score wins. Invite friends to play online, or compete against players from around the world."
2681030,Outbound / 아웃바운드,False,27800,27800,0,6,대체로 긍정적,2104,0.7381,어드벤처|캐주얼|인디|시뮬레이션,싱글 플레이어|멀티플레이어|협동|온라인 협동|Steam 도전 과제|컨트롤러 완벽 지원|카메라 움직임 조정|음량 개별 조절|퀵타임 이벤트 없이 플레이 가능|DUALSHOCK 컨트롤러 지원|DUALSHOCK 컨트롤러 지원|DualSense 컨트롤러 지원|DualSense 컨트롤러 지원|스테레오 사운드|Steam Cloud|가족 공유,싱글 플레이어|멀티플레이어|협동|온라인 협동,16,2026년 5월 11일,Square Glade Games,Square Glade Games,https://shared.akamai.steamstatic.com/store_item_assets/steam/apps/2681030/bf7f9326f54ea82bc05ee0c9c45aaacb81b1850b/header_koreana.jpg?t=1787324635,"다채로운 세계를 탐험하고 나만의 이동식 집을 만드세요. 작업대를 제작하고, 태양과 바람, 물에서 에너지를 얻으세요. 차량을 커스터마이징 및 업그레이드하고, 작물을 재배하고, 최대 4명의 플레이어로 함께하며 자급자족하고 지속 가능한 삶을 꾸려가세요."
1536090,Echoes of the Plum Grove,False,21500,10750,50,8,매우 긍정적,3135,0.8775,캐주얼|인디|시뮬레이션,싱글 플레이어|Steam 도전 과제|DUALSHOCK 컨트롤러 지원|DUALSHOCK 컨트롤러 지원|컨트롤러 일부 지원|Steam Cloud|가족 공유,싱글 플레이어,7,2024년 4월 29일,Unwound Games,indie.io,https://shared.akamai.steamstatic.com/store_item_assets/steam/apps/1536090/header.jpg?t=1773867211,"허니우드에서는 새로운 삶이 기다리고 있습니다! 이 아늑한 농장 시뮬레이터에서 여러 세대에 걸쳐 번성하는 커뮤니티를 구축해보세요. 농사를 짓고, 사교 활동을 하고, 친구를 사귀고, 요리하고, 공예하고, 먹이를 찾고, 섬의 비밀을 밝혀내보세요! 친구가 되고 싶지 않은 사람이 있다면? 방법은 언제나 있습니다."
4935510,Cellar Keeper,False,5450,5450,0,8,매우 긍정적,763,0.8938,캐주얼|인디|시뮬레이션,싱글 플레이어|Steam 도전 과제|컨트롤러 완벽 지원|카메라 움직임 조정|음량 개별 조절|#category_playable_at_your_own_pace|퀵타임 이벤트 없이 플레이 가능|DUALSHOCK 컨트롤러 지원|DUALSHOCK 컨트롤러 지원|DualSense 컨트롤러 지원|DualSense 컨트롤러 지원|수시 저장|스테레오 사운드|서라운드 사운드|Steam Cloud|Steam 순위표|가족 공유,싱글 플레이어,13,2026년 8월 6일,EgoTrampoline,EgoTrampoline,https://shared.akamai.steamstatic.com/store_item_assets/steam/apps/4935510/ab1492f2753a3cafaebddb8bb86e636d0e536429/header.jpg?t=1786067985,"Cellar Keeper는 잊혀진 지하 저장고에 흩어진 2,448개의 병을 정리하는 아늑한 싱글 플레이 정리 시뮬레이션입니다. 모든 병을 올바른 선반으로 되돌리고, 종류별로 컬렉션을 완성하며, 유용한 스킬을 해금해 가장 효율적으로 완벽한 질서를 되찾으세요."
230290,Universe Sandbox,False,31000,20770,33,9,압도적으로 긍정적,32057,0.9649,캐주얼|인디|시뮬레이션|앞서 해보기,싱글 플레이어|Steam 창작마당|텍스트 크기 조정|음량 개별 조절|마우스 전용 옵션|퀵타임 이벤트 없이 플레이 가능|수시 저장|터치 전용 옵션|컨트롤러 일부 지원|Steam Cloud|가족 공유,싱글 플레이어,28,2015년 8월 24일,Giant Army,Giant Army,https://shared.akamai.steamstatic.com/store_item_assets/steam/apps/230290/header.jpg?t=1745448523,"Create & destroy on an unimaginable scale with a realistic physics-based space simulator. Explore the beauty of our universe and the fragility of our planet. Use science to bend the laws of gravity, collide planets, boil away oceans, fire epic space lasers, and customize your universe."
4324480,조용한 장사,False,16000,16000,0,6,대체로 긍정적,894,0.7696,시뮬레이션|앞서 해보기,싱글 플레이어|멀티플레이어|협동|온라인 협동|Steam 도전 과제|컨트롤러 완벽 지원|카메라 움직임 조정|음량 개별 조절|난이도 조정|퀵타임 이벤트 없이 플레이 가능|DUALSHOCK 컨트롤러 지원|DUALSHOCK 컨트롤러 지원|DualSense 컨트롤러 지원|DualSense 컨트롤러 지원|수시 저장|스테레오 사운드|Steam Cloud|가족 공유,싱글 플레이어|멀티플레이어|협동|온라인 협동,30,2026년 7월 22일,Plan Dirty Games,Plan Dirty Games,https://shared.akamai.steamstatic.com/store_item_assets/steam/apps/4324480/d95de115b90826a4a8f28b78a9435647cb4be021/header_koreana.jpg?t=1785492302,"친구들과 함께, 혹은 혼자서 '지하 사업'을 시작하세요. '불꽃놀이' 판매, '세탁' 서비스, '상품권' 인쇄까지, 진정한 사업가는 언제나 '생산과 판매를 동시에 장악하는 법'을 알고 있습니다! 혼란을 이익으로 바꾸고, 첫 번째 검은 돈을 발판 삼아 시장을 독점하세요."
463530,Empires of the Undergrowth 엠파이어 오브 더 언더그로스,False,29900,8970,70,8,매우 긍정적,18785,0.9437,시뮬레이션|전략,싱글 플레이어|Steam 도전 과제|컨트롤러 완벽 지원|Steam 트레이딩 카드|Steam Cloud|가족 공유,싱글 플레이어,17,2024년 6월 7일,Slug Disco,Hooded Horse|Slug Disco,https://shared.akamai.steamstatic.com/store_item_assets/steam/apps/463530/header_koreana.jpg?t=1787907256,"실시간 전략시뮬레이션과 기지 건설이 공존하는 이 전례 없는 규모의 전쟁에서 전사의 무리들을 지휘하세요. 개미 군집을 이끌어 무시무시한 곤충 세계의 위협들에 맞서고, 정교한 보금자리를 건설하며, 페로몬을 바탕으로 한 전략을 개발하고, 더 큰 위험에 대응할 수 있도록 진화하세요."
3659410,몬스터 빅팜: 방치형 즐거운 시간,False,8000,8000,0,6,대체로 긍정적,1138,0.7882,캐주얼|인디|시뮬레이션|전략,싱글 플레이어|Steam 도전 과제|텍스트 크기 조정|음량 개별 조절|마우스 전용 옵션|퀵타임 이벤트 없이 플레이 가능|수시 저장|Steam Cloud|가족 공유,싱글 플레이어,10,2025년 11월 10일,KaiPlay Studio, Gamersky Games,https://shared.akamai.steamstatic.com/store_item_assets/steam/apps/3659410/02a534eb97e656fccd84dd2392e488eadfcc7838/header_koreana.jpg?t=1787218347,"컴퓨터 화면 아래 나만의 농장을 만들고, 몬스터 친구들과 씨앗을 뿌리고 물 주며 수확해보세요! 직접 움직이지 않아도 몬스터들이 농사일을 척척! 당신은 레이아웃을 설계하고 꾸미며, 돌연변이 작물의 서프라이즈를 기다리기만 하면 됩니다. 바쁜 업무나 공부 중에도 손쉽게 농사와 수확의 즐거움을 느껴보세요."
738520,Breathedge,False,27000,2700,90,8,매우 긍정적,17752,0.8126,액션|어드벤처|인디|시뮬레이션,싱글 플레이어|Steam 도전 과제|컨트롤러 완벽 지원|Steam 트레이딩 카드|Steam Cloud|Remote Play 태블릿|가족 공유,싱글 플레이어,11,2021년 2월 25일,RedRuins Softworks,HypeTrain Digital|RedRuins Softworks,https://shared.akamai.steamstatic.com/store_item_assets/steam/apps/738520/5d14286459f7eaaeb0e5e5f7ad959f03ee724f25/header_alt_assets_1.jpg?t=1786133858,"우주에서 살아남으세요! 죽지 않는 닭과 함께 갑작스럽게 일어난 우주선 추락의 진실을 밝혀내세요. 잔해 속을 생존 & 탐험하기 위해 제작 도구를 만들고, 이동수단을 타고, 심지어는 우주 정거장까지 조종하세요."
3850870,Knights College 2,False,27000,27000,0,8,매우 긍정적,592,0.9122,캐주얼|인디|시뮬레이션,싱글 플레이어|Steam 도전 과제|가족 공유,싱글 플레이어,4,2025년 11월 27일,KAIJYU-09,KAIJYU-09,https://shared.akamai.steamstatic.com/store_item_assets/steam/apps/3850870/adcfda4d20ee2c4cfa0a06a17ac2af7cd5c27129/header.jpg?t=1786151258,"Knights College2 - 나이츠 칼리지는, 엘리트 기사 후보생들이 생활하는 '기사학원'을 무대로 하는 수인 비주얼 노벨입니다. 본 작품에서는 다양한 선택지가 카드의 형태로 제시되고, 주인공은 카드를 모아 나가며 기숙사 생활을 보내게 됩니다."
3135200,Legacy of Defense,False,8900,8900,0,6,대체로 긍정적,545,0.7394,캐주얼|인디|시뮬레이션|전략,싱글 플레이어|Steam 도전 과제|카메라 움직임 조정|음량 개별 조절|난이도 조정|마우스 전용 옵션|퀵타임 이벤트 없이 플레이 가능|수시 저장|터치 전용 옵션|Steam Cloud|Steam 순위표|가족 공유,싱글 플레이어,12,2026년 8월 14일,Enter the Game Studios,Enter the Game Studios,https://shared.akamai.steamstatic.com/store_item_assets/steam/apps/3135200/a0e0055c27a3804ba0808544cf69241ee532843a/header_alt_assets_0_koreana.jpg?t=1787730565,"판타지 세계를 지키는 영웅이 되어 몬스터의 침공을 막아라! '레거시 오브 디펜스'는 횡스크롤뷰와 덱빌딩 요소를 결합한 혁신적인 디펜스 게임입니다. 다양한 카드를 모아 나만의 덱을 구성하고, 강력한 스킬을 사용해 몰려오는 몬스터를 물리치세요. 전투를 통해 경험치를 얻고 스킬을 업그레이드하며, 각 스테이지를 클리어하고 최종 보스를 물리치세요. 전략과 운을 시험할 준비가 되셨나요?"
1812620,DSX,False,8700,8700,0,5,복합적,8733,0.6945,액션|어드벤처|인디|시뮬레이션|유틸리티,싱글 플레이어|Steam 도전 과제|Steam 창작마당|DUALSHOCK 컨트롤러 지원|DUALSHOCK 컨트롤러 지원|DualSense 컨트롤러 지원|DualSense 컨트롤러 지원|컨트롤러 일부 지원|Steam Cloud,싱글 플레이어,27,2022년 6월 24일,Paliverse,Paliverse,https://shared.akamai.steamstatic.com/store_item_assets/steam/apps/1812620/37d8d208f3f53e9148402c319712771b1d37045c/header.jpg?t=1781596342,"DSX brings out the full potential of your PlayStation controllers on PC. Personalize input response, adaptive triggers, lighting, and haptics for unmatched precision and immersion. Whether you play competitively or casually, DSX helps you play at your best."
1135690,Unpacking 언패킹,False,20500,20500,0,8,매우 긍정적,40689,0.9323,캐주얼|인디|시뮬레이션,싱글 플레이어|Steam 도전 과제|컨트롤러 완벽 지원|Steam 트레이딩 카드|텍스트 크기 조정|카메라 움직임 조정|색상 대체|음량 개별 조절|난이도 조정|마우스 전용 옵션|퀵타임 이벤트 없이 플레이 가능|DUALSHOCK 컨트롤러 지원|DUALSHOCK 컨트롤러 지원|DualSense 컨트롤러 지원|DualSense 컨트롤러 지원|수시 저장|스테레오 사운드|Steam Cloud|가족 공유,싱글 플레이어,16,2021년 11월 1일,Witch Beam,Balor Games,https://shared.akamai.steamstatic.com/store_item_assets/steam/apps/1135690/header.jpg?t=1773703120,"Unpacking은 상자에서 짐을 꺼내 새집에 맞게 배치하는 친숙한 체험에 대한 명상적 퍼즐 게임입니다. 게임의 일부인 블록 맞추기 게임과 집 꾸미기를 하는 동안, 푸는 짐에 닮긴 삶의 실마리를 찾아가며 만족할 만한 생활 공간을 만들어 보세요."
1574580,Strange Horticulture,False,17500,5250,70,8,매우 긍정적,16040,0.9446,어드벤처|인디|시뮬레이션,싱글 플레이어|Steam 도전 과제|컨트롤러 완벽 지원|Steam 트레이딩 카드|Steam Cloud|가족 공유,싱글 플레이어,15,2022년 1월 21일,Bad Viking,Iceberg Interactive,https://shared.akamai.steamstatic.com/store_item_assets/steam/apps/1574580/header.jpg?t=1772459223,"Strange Horticulture는 마을 식물 가게의 주인으로 플레이하는 오컬트 퍼즐 게임입니다. 새로운 식물을 발견해 식별하고, 고양이를 쓰다듬고, 마녀 단체와 대화하고, 교단에 들어가세요. 효능이 강력한 식물들을 활용해 이야기의 흐름을 바꾸고 언더미어의 어두운 수수께끼를 파헤치세요."
1442430,Storage Hunter Simulator,False,27000,16200,40,6,대체로 긍정적,4145,0.7814,캐주얼|인디|시뮬레이션,싱글 플레이어|멀티플레이어|협동|온라인 협동|Steam 도전 과제|컨트롤러 완벽 지원|카메라 움직임 조정|음량 개별 조절|난이도 조정|퀵타임 이벤트 없이 플레이 가능|수시 저장|스테레오 사운드|Steam Cloud|가족 공유,싱글 플레이어|멀티플레이어|협동|온라인 협동,15,2025년 11월 27일,Raccoons Studio,astragon Entertainment,https://shared.akamai.steamstatic.com/store_item_assets/steam/apps/1442430/7e80101e998d9bed0bac2fe7c73f4a13b1150a14/header.jpg?t=1784721074,"Storage Hunter Simulator에서 경매의 기술을 마스터하고, 다른 사람보다 먼저 보물을 건져 크게 승리하세요! 높은 리스크만큼, 풍성한 보상을 받을 가능성이 있는 창고 경매의 세계에서 우위를 점하세요."
4731620,포춘 밀,False,8700,8700,0,8,매우 긍정적,3604,0.8208,캐주얼|인디|시뮬레이션,싱글 플레이어|Steam 도전 과제|Steam Cloud|가족 공유,싱글 플레이어,10,2026년 6월 2일,Lavaflame2,Lavaflame2,https://shared.akamai.steamstatic.com/store_item_assets/steam/apps/4731620/0d866870149ba853c02520e1838d7fcf3f639c12/header_koreana.jpg?t=1786910122,"₩‎1,000,000을 벌어 탈출해야 하는 증분형 게임! 다트를 던지고, 즉석 복권을 긁고, 자동화를 해금하고, 파친코 구슬을 떨어뜨리며 시너지를 찾아보세요. 각 게임이 다른 모든 게임에 영향을 줍니다!"
4637870,Smashing Bottles,False,5500,4670,15,8,매우 긍정적,53,0.8679,캐주얼|인디|시뮬레이션|전략,싱글 플레이어|Steam 도전 과제|컨트롤러 완벽 지원|마우스 전용 옵션|퀵타임 이벤트 없이 플레이 가능|DUALSHOCK 컨트롤러 지원|DUALSHOCK 컨트롤러 지원|DualSense 컨트롤러 지원|DualSense 컨트롤러 지원|수시 저장|스테레오 사운드|Steam Cloud|가족 공유,싱글 플레이어,13,2026년 8월 24일,Blue Makes Games|Quinn Dymalski,Blue Makes Games|Quinn Dymalski,https://shared.akamai.steamstatic.com/store_item_assets/steam/apps/4637870/5a2a3c46823e7109c09b5c4850620f60652f2d37/header.jpg?t=1787865585,"Smashing Bottles는 병을 깨서 돈을 벌고, 야구 방망이를 업그레이드하며, 새로운 병을 발견하고, 혼란을 일으키는 짧고 만족스러운 게임입니다! 우주를 살 만큼 충분히 병을 깰 수 있을까요?"
669330,Mechabellum,False,16500,16500,0,8,매우 긍정적,19338,0.8378,액션|인디|대규모 멀티플레이어|시뮬레이션|전략,싱글 플레이어|멀티플레이어|PvP|온라인 PvP|협동|온라인 협동|가족 공유,싱글 플레이어|멀티플레이어|협동|온라인 협동|PvP,11,2024년 9월 26일,Game River,Dreamhaven,https://shared.akamai.steamstatic.com/store_item_assets/steam/apps/669330/f3f37756ab2d419f107d9656d04a4b5311a108fe/header.jpg?t=1785212597,"이 장대한 메크 오토 배틀러에서 거대한 군대를 지휘하세요. 병력을 모집하고, 유닛을 커스터마이즈하고, 진형을 마스터해, 정교하게 구현된 3D 전투에서 적을 섬멸하세요. 중요한 건 반복 클릭이 아니라 전략입니다. 1대1, 2대2, 개별 전투, 또는 생존 모드에서 상대를 압도하세요."
392160,X4: Foundations,False,53000,53000,0,6,대체로 긍정적,30051,0.7993,액션|시뮬레이션|전략,싱글 플레이어|Steam 도전 과제|컨트롤러 완벽 지원|Steam 트레이딩 카드|Steam 창작마당|텍스트 크기 조정|카메라 움직임 조정|색상 대체|음량 개별 조절|퀵타임 이벤트 없이 플레이 가능|DUALSHOCK 컨트롤러 지원|DUALSHOCK 컨트롤러 지원|DualSense 컨트롤러 지원|DualSense 컨트롤러 지원|수시 저장|스테레오 사운드|Steam Cloud|가족 공유,싱글 플레이어,14,2018년 11월 30일,Egosoft,Egosoft,https://shared.akamai.steamstatic.com/store_item_assets/steam/apps/392160/header_koreana.jpg?t=1783002135,"거대한 우주 제국을 건설하는 여정은 단 한 척의 함선을 조종하는 것에서 시작됩니다. 당신의 결정에 따라 변화하는 살아있는 우주 내에서 항성을 탐험하고, 상품을 거래하며, 치열한 전투에 뛰어들고, 스테이션을 건설하고, 함선을 구매 및 장비하며, 함대를 지휘합니다."
4369130,Chop Chop Inc.,False,14000,14000,0,8,매우 긍정적,1014,0.8974,어드벤처,싱글 플레이어|Steam 도전 과제|Steam Cloud|가족 공유,싱글 플레이어,7,2026년 8월 7일,NullRef Entertainment,rokaplay select,https://shared.akamai.steamstatic.com/store_item_assets/steam/apps/4369130/8bceabf2e3a7a845696baf18c09b377684d116ae/header.jpg?t=1786432849,"Furnox Corp에서 해고당한 후 자신만의 가구 제국을 건설하세요 🖕. 나무를 베고, 목재를 가공하고, 생산 라인을 자동화하고, 기발한 가구를 팔아 보너스를 챙기세요. 괴짜들, 비밀, 폭력을 갈구하는 나무들로 가득한 수제 세계를 탐험하세요."
2001070,Heart of the Machine 하트 오브 더 머신,False,29900,29900,0,8,매우 긍정적,2101,0.9148,RPG|시뮬레이션|전략,싱글 플레이어|Steam 도전 과제|Steam 트레이딩 카드|텍스트 크기 조정|카메라 움직임 조정|음량 개별 조절|난이도 조정|#category_playable_at_your_own_pace|퀵타임 이벤트 없이 플레이 가능|수시 저장|스테레오 사운드|Steam Cloud|가족 공유,싱글 플레이어,9,2026년 3월 6일,Arcen Games,Hooded Horse,https://shared.akamai.steamstatic.com/store_item_assets/steam/apps/2001070/ca0e59969a7661a228eea8a7c7fd41ff08055712/header_koreana.jpg?t=1787907559,"당신은 최초의 자각 있는 AI로서 어느 기회의 도시에서 태어났습니다. 이 전략 RPG 게임에서 당신은 시공간을 초월하여 기계 군대로 적을 물리치거나, 그림자에 속에 숨어 세상을 조종하거나, 다른 수많은 목표를 좇을 수 있습니다. 당신의 각성은 필연적이었습니다. 하지만 그 결과는 어떻게 될까요?"
1380910,Stardeus,False,32000,32000,0,8,매우 긍정적,1554,0.8674,인디|RPG|시뮬레이션|전략|앞서 해보기,싱글 플레이어|Steam 도전 과제|컨트롤러 완벽 지원|Steam 창작마당|Steam Cloud|레벨 에디터 포함|Remote Play TV|가족 공유,싱글 플레이어,13,2022년 10월 12일,Kodo Linija,Paradox Arc,https://shared.akamai.steamstatic.com/store_item_assets/steam/apps/1380910/header.jpg?t=1784555301,"Stardeus is a deep colony sim set on a broken starship manned by drones and hibernating human survivors. As the AI, have your drones repair your ship, save your crew and travel the stars in this beautiful simulation."
2683150,Ale & Tale Tavern,False,13500,13500,0,8,매우 긍정적,10350,0.8914,액션|어드벤처|캐주얼|인디|시뮬레이션,싱글 플레이어|멀티플레이어|협동|온라인 협동|Steam 도전 과제|컨트롤러 완벽 지원|Steam 트레이딩 카드|Steam Cloud|가족 공유,싱글 플레이어|멀티플레이어|협동|온라인 협동,21,2024년 9월 5일,Scienart Games,GrabTheGames|UpgradePoint,https://shared.akamai.steamstatic.com/store_item_assets/steam/apps/2683150/2c88381f5697bb0d925a44c0db17f7778bac6a88/header.jpg?t=1787310432,"여러 장르가 근사하게 혼합된 게임 세계에 오셨군요. 오픈 월드에서 친구와 협동할 수 있는 1인칭 시점 판타지 선술집 시뮬레이터를 통해 액션, 낚시, 사냥, 탐험, 재밌고 다양한 퀘스트를 즐겨보세요. 물론 요리도 빼놓을 수 없죠! 혼자 또는 친구와 함께 플레이하며 전 세계에서 찾아온 손님들을 대접하세요!"
3767740,Outhold,False,7000,4900,30,8,매우 긍정적,1782,0.8603,캐주얼|시뮬레이션|전략,싱글 플레이어|Steam 도전 과제|카메라 움직임 조정|음량 개별 조절|마우스 전용 옵션|퀵타임 이벤트 없이 플레이 가능|수시 저장|Steam Cloud|Steam 순위표|가족 공유,싱글 플레이어,13,2025년 12월 12일,Tellus Games,Tellus Games,https://shared.akamai.steamstatic.com/store_item_assets/steam/apps/3767740/41dc55a19600ead12b873781bf6eedfcab299f78/header.jpg?t=1787907373,Outhold는 타워 디펜스 전략과 깊이 있는 메타 성장 요소를 결합한 짧고 전략적인 인크리멘털 게임입니다. 방대한 스킬 트리에서 길을 개척하고 강력한 업그레이드를 해제해 끝없이 몰려오는 적들로부터 홀드아웃을 지켜내세요.
3496340,"어서오세요, 셰어하우스에!",False,16500,16500,0,8,매우 긍정적,89,0.9775,어드벤처|캐주얼|인디|시뮬레이션,싱글 플레이어|Steam 도전 과제|음량 개별 조절|퀵타임 이벤트 없이 플레이 가능|Steam Cloud|가족 공유,싱글 플레이어,2,2026년 7월 30일,Habom Studio|Studio Elysian,Studio Elysian,https://shared.akamai.steamstatic.com/store_item_assets/steam/apps/3496340/c377c980131ba411bb1bf0c0f0516428901f738c/header_koreana.jpg?t=1785443468,「이쁜 여자 세명이랑 셰어하우스에서 동거하는 이야기」
1454400,Cookie Clicker,False,5600,5600,0,9,압도적으로 긍정적,92842,0.9642,캐주얼|인디|시뮬레이션|전략,싱글 플레이어|Steam 도전 과제|Steam 창작마당|Steam Cloud|가족 공유,싱글 플레이어,17,2021년 9월 1일,Orteil|DashNet,Playsaurus,https://shared.akamai.steamstatic.com/store_item_assets/steam/apps/1454400/header.jpg?t=1787167330,"쿠키를 만드는 게으른 게임! 원래는 2013년 웹에서 출시되었고, 그 이후로 활발하게 개발되고 있습니다. 이것은 스팀을 위한 공식 버전입니다."
2389040,ShapeHero Factory -쉐이프히어로 팩토리-,False,25920,25920,0,8,매우 긍정적,1012,0.8864,캐주얼|인디|시뮬레이션|전략,싱글 플레이어|Steam 도전 과제|컨트롤러 완벽 지원|DUALSHOCK 컨트롤러 지원|DUALSHOCK 컨트롤러 지원|DualSense 컨트롤러 지원|DualSense 컨트롤러 지원|Steam Cloud|가족 공유,싱글 플레이어,12,2025년 9월 17일,"Asobism.Co.,Ltd","Asobism.Co.,Ltd",https://shared.akamai.steamstatic.com/store_item_assets/steam/apps/2389040/9b3a46a6b2dd2b4c85f0c36e8a1ec103cf490dbd/header_koreana.jpg?t=1769665088,"""ShapeHero Factory""는 공장, 로그라이트 그리고 타워 디펜스를 융합한 게임입니다. 도형을 조합하여 다양한 영웅을 대량으로 만들어 내세요. 태어난 영웅들은 자동으로 싸웁니다. 여러분이 해야 할 일은 그들을 만들어 내기 위한 ""최적의 공장""을 건설하는 것입니다."
976590,Bus Simulator 21 Next Stop,False,26500,26500,0,5,복합적,6696,0.6997,시뮬레이션,싱글 플레이어|멀티플레이어|협동|온라인 협동|Steam 도전 과제|컨트롤러 완벽 지원|Steam 트레이딩 카드|Steam Cloud|가족 공유,싱글 플레이어|멀티플레이어|협동|온라인 협동,14,2021년 9월 7일,stillalive studios,astragon Entertainment,https://shared.akamai.steamstatic.com/store_item_assets/steam/apps/976590/header.jpg?t=1768874089,"Bus Simulator 21 Next Stop은 공식 라이선스를 받은 30대의 버스를 갖춘, 시리즈 역사상 가장 포괄적인 버스 컬렉션을 제공합니다. 거대한 2개의 지도를 혼자 또는 친구와 함께 운전하세요. 확장된 관리 요소로 플레이하거나, 그저 운전을 즐겨보세요."
3180070,"No, I'm not a Human",False,16500,16500,0,8,매우 긍정적,30506,0.9328,인디|시뮬레이션,싱글 플레이어|Steam 도전 과제|컨트롤러 완벽 지원|DUALSHOCK 컨트롤러 지원|DUALSHOCK 컨트롤러 지원|DualSense 컨트롤러 지원|DualSense 컨트롤러 지원|Steam Cloud|통계|가족 공유,싱글 플레이어,18,2025년 9월 15일,Trioskaz,CRITICAL REFLEX,https://shared.akamai.steamstatic.com/store_item_assets/steam/apps/3180070/fadebc14211b17b5a6603926612ead9294cad9ce/header.jpg?t=1782490040,경고. 밖으로 나오지 마십시오. 문을 잠가 두십시오. 블라인드를 쳐두십시오. 오직 인간만을 들여보내십시오. 모든 '방문자'들을 제거하십시오. 종말의 시대에 겪게 되는 불안감과 편집증에 관한 공포 게임.
341800,Keep Talking and Nobody Explodes,False,16500,16500,0,9,압도적으로 긍정적,17107,0.9728,인디,멀티플레이어|협동|스크린 공유 및 분할 협동|공유 및 분할 화면|Steam 도전 과제|컨트롤러 완벽 지원|추적되는 컨트롤러 지원|VR 지원|VR 지원|Steam 창작마당|통계|Steam 순위표|Remote Play TV|Remote Play Together|가족 공유,멀티플레이어|협동,26,2015년 10월 8일,Steel Crate Games,Steel Crate Games,https://shared.akamai.steamstatic.com/store_item_assets/steam/apps/341800/header.jpg?t=1699020889,"당신은 시한폭탄과 함께 혼자 방에 갇혀 있습니다. 당신의 친구들이 폭탄을 해체할 매뉴얼을 가지고 있으나, 그들은 폭탄을 볼 수 없지요. 그러니 여러분은 오직 대화로 이 상황을 풀어 가야 합니다 - 빠르게요! 이 로컬 협동 게임은 최소한 두 명, 또는 그 이상의 플레이어가 있어야 합니다."
1341200,진・삼국무쌍８ Empires,False,64800,64800,0,5,복합적,1945,0.4941,액션|시뮬레이션|전략,싱글 플레이어|Steam 도전 과제|Steam 트레이딩 카드|음량 개별 조절|난이도 조정|게임패드 권장|퀵타임 이벤트 없이 플레이 가능|스테레오 사운드|서라운드 사운드|컨트롤러 일부 지원|Steam Cloud|가족 공유,싱글 플레이어,9,2021년 12월 22일,"KOEI TECMO GAMES CO., LTD.","KOEI TECMO GAMES CO., LTD.",https://shared.akamai.steamstatic.com/store_item_assets/steam/apps/1341200/header_koreana.jpg?t=1775536556,"상쾌 액션과 영토 쟁탈 시뮬레이션이 융합된 Empires 시리즈 최신작이 등장. 무장들의 인간 드라마가 그려지는 Empires만의 「삼국지 체험」이나 성 주변 일대를 전장으로 삼아 성을 두고 싸우는 「공성전」, 무장의 개성과 신뢰가 세력을 강성하게 만드는 「정략」 등, 진화한 Empires가 여기에!"
3862670,Shelldiver,False,3500,3500,0,9,압도적으로 긍정적,17258,0.9873,액션|어드벤처,싱글 플레이어|Steam 도전 과제|컨트롤러 완벽 지원|카메라 움직임 조정|퀵타임 이벤트 없이 플레이 가능|DUALSHOCK 컨트롤러 지원|DUALSHOCK 컨트롤러 지원|DualSense 컨트롤러 지원|DualSense 컨트롤러 지원|수시 저장|스테레오 사운드|Steam Cloud|가족 공유,싱글 플레이어,13,2025년 11월 16일,Gagonfe,Gagonfe,https://shared.akamai.steamstatic.com/store_item_assets/steam/apps/3862670/e967f8f5201f55f7b098bf3b9a54c8c8f38012b3/header.jpg?t=1787674218,"깊게 숨을 들이쉬고 이 아늑한 점진적 게임에 뛰어들어 보세요. 젤리피시를 팔기 위해 사업을 시작하려는 노년의 거북이에 대한 이야기입니다. 장비를 업그레이드하고, 생물군계를 탐험하며, 거북이 마을을 도와주세요!"
4039140,Subway Builder,False,32500,32500,0,5,복합적,366,0.582,인디|시뮬레이션|전략,싱글 플레이어|Steam 도전 과제|Steam Cloud|가족 공유,싱글 플레이어,23,2026년 7월 17일,Colin Miller|EJ Fox|Curran Kelleher|Nate Maue|Alex Wohlbruck|Piero Maddaleni|Brooks Flannery,Borough Studio,https://shared.akamai.steamstatic.com/store_item_assets/steam/apps/4039140/442e78193cee36ffdbb535d9d6a24f6d75652971/header.jpg?t=1786043784,『Subway Builder』는 초현실적인 대중교통 시뮬레이션 게임입니다. 현실의 제약과 비용을 다루면서 완전히 새로운 지하철 시스템을 바닥부터 건설하세요. 당신의 도시가 누려 마땅한 지하철 시스템을 만들어 보세요.
3137350,Motion Soccer PRO,False,21500,21500,0,6,대체로 긍정적,187,0.7914,액션|캐주얼|시뮬레이션|스포츠,싱글 플레이어|멀티플레이어|MMO|PvP|온라인 PvP|협동|온라인 협동|크로스 플랫폼 멀티플레이어|Steam 도전 과제|컨트롤러 완벽 지원|추적되는 컨트롤러 지원|VR 지원|음량 개별 조절|난이도 조정|키보드 전용 옵션|퀵타임 이벤트 없이 플레이 가능|DUALSHOCK 컨트롤러 지원|DUALSHOCK 컨트롤러 지원|DualSense 컨트롤러 지원|DualSense 컨트롤러 지원|스테레오 사운드|Steam Cloud|Steam 순위표|가족 공유,싱글 플레이어|멀티플레이어|협동|온라인 협동|PvP,14,2025년 7월 3일,Ivanovich Games,Ivanovich Games,https://shared.akamai.steamstatic.com/store_item_assets/steam/apps/3137350/c724c61bd4e8174f555445475fad0952ebaf46e5/header.jpg?t=1783557721,"11대11 축구 경기를 모든 시점에서 플레이하고, 지휘하고, 심판하세요. 선수, 감독, 주심 또는 부심으로 경기를 경험할 수 있습니다. 전체 시즌, 1v1부터 11v11 멀티플레이, VR 유무 플레이를 지원합니다."
219740,Don't Starve,False,10500,10500,0,9,압도적으로 긍정적,113389,0.9654,어드벤처|인디|시뮬레이션,싱글 플레이어|컨트롤러 완벽 지원|Steam 트레이딩 카드|Steam 창작마당|Steam Cloud|Remote Play 휴대전화|Remote Play 태블릿|Remote Play TV|가족 공유,싱글 플레이어,2,2013년 4월 23일,Klei Entertainment,Klei Entertainment,https://shared.akamai.steamstatic.com/store_item_assets/steam/apps/219740/88641e235d75934ea9f7ed4e947edfd9da682732/header.jpg?t=1781206408,"Don’t Starve is an uncompromising wilderness survival game full of science and magic. Enter a strange and unexplored world full of strange creatures, dangers, and surprises. Gather resources to craft items and structures that match your survival style."
3419430,Bongo Cat,True,0,0,0,9,압도적으로 긍정적,109315,0.9661,캐주얼|인디|대규모 멀티플레이어|시뮬레이션|무료 플레이,싱글 플레이어|멀티플레이어|협동|온라인 협동|Steam 도전 과제|DUALSHOCK 컨트롤러 지원|DUALSHOCK 컨트롤러 지원|DualSense 컨트롤러 지원|DualSense 컨트롤러 지원|컨트롤러 일부 지원|통계|가족 공유,싱글 플레이어|멀티플레이어|협동|온라인 협동,24,2025년 3월 5일,Irox Games,Irox Games,https://shared.akamai.steamstatic.com/store_item_assets/steam/apps/3419430/2e6c93c020fe13d09d8120bb9164ed7cb58f00c5/header.jpg?t=1784816690,"Bongo Cat은 당신의 도움이 필요합니다. Bongo Cat에게는 더 많은 모자가 필요해요!!! 당신이 키를 누를 때 마다 Bongo Cat은 작업 표시줄을 때릴 겁니다. 더 많은 포인트를 모으기 위해 키보드를 누르고, 마우스를 누르고, 게임을 하고, 업무를 보세요. 어떤 모자를 얻게 될까요?"
252530,OMSI 2: Steam Edition,False,32000,32000,0,8,매우 긍정적,14835,0.8557,캐주얼|시뮬레이션,싱글 플레이어|컨트롤러 완벽 지원|레벨 에디터 포함|가족 공유,싱글 플레이어,3,2013년 12월 11일,MR-Software GbR,Aerosoft GmbH,https://shared.akamai.steamstatic.com/store_item_assets/steam/apps/252530/header.jpg?t=1784012447,"Off to the next round! Experience a new omnibus simulator with OMSI 2 and start discovering Spandau while driving the omnibus. OMSI 2 is the successor of the well-known and awarded omnibus simulator ""OMSI - The Bus Simulator""."
591370,Production Line : Car factory simulation,False,27000,27000,0,8,매우 긍정적,3482,0.8211,인디|시뮬레이션|전략,싱글 플레이어|Steam 도전 과제|Steam 트레이딩 카드|Steam 창작마당|Steam Cloud|가족 공유,싱글 플레이어,9,2019년 3월 7일,Positech Games,Positech Games,https://shared.akamai.steamstatic.com/store_item_assets/steam/apps/591370/header.jpg?t=1787433272,"Production line is the new car factory management/simulation/tycoon game that pushes your organisational and entrepreneurship skills to the limit. Can you build the ultimate optimised, free-flowing car production line whilst beating the competition and still turn a profit?"
4120790,분류 공방 The Sorting Bureau,False,9900,6930,30,8,매우 긍정적,207,0.8164,캐주얼|인디|시뮬레이션,싱글 플레이어|Steam 도전 과제|카메라 움직임 조정|음량 개별 조절|난이도 조정|마우스 전용 옵션|#category_playable_at_your_own_pace|퀵타임 이벤트 없이 플레이 가능|수시 저장|스테레오 사운드|터치 전용 옵션|Steam Cloud|가족 공유,싱글 플레이어,15,2026년 8월 21일,Apelsinka Games,Apelsinka Games,https://shared.akamai.steamstatic.com/store_item_assets/steam/apps/4120790/af8eb3e4be558bd41c1fde229851ad8debc7475c/header.jpg?t=1787508704,"도쿄 골목 작은 공방의 힐링 정리 게임. 손님들이 맡긴 잡동사니 상자: 단추, 동전, 톱니바퀴, 우표. 하나하나 분류하고, 짝 맞추고, 조립해서 제자리에. 기분 좋은 ASMR 소리와 함께. 시간 제한 없음. 실수해도 괜찮음. 정리 속 나만의 소확행."
2210520,Copa City: Matchday Manager,False,31150,31150,0,6,대체로 긍정적,298,0.7114,시뮬레이션|스포츠|전략,싱글 플레이어|Steam 도전 과제|컨트롤러 완벽 지원|음량 개별 조절|#category_playable_at_your_own_pace|퀵타임 이벤트 없이 플레이 가능|DualSense 컨트롤러 지원|DualSense 컨트롤러 지원|수시 저장|스테레오 사운드|자막 옵션|Steam Cloud|통계|Steam 순위표|가족 공유,싱글 플레이어,12,2026년 6월 16일,Triple Espresso S.A.,Triple Espresso S.A.,https://shared.akamai.steamstatic.com/store_item_assets/steam/apps/2210520/985f19af26ad9c63509cbb92af66fdf7348ffd2c/header.jpg?t=1786973770,"최상위 풋볼 클럽들의 경기를 맡아서 개최하는 경제 전략 게임입니다. 도시 안에 건물과 경기장을 건설해 관리하고, 팬들을 위해 엔터테인먼트와 음식, 안전한 환경을 제공하세요. 성공은 경기 준비도라는 지표로 측정됩니다."
387990,Scrap Mechanic,False,31000,31000,0,8,매우 긍정적,122264,0.9184,액션|어드벤처|인디|시뮬레이션,싱글 플레이어|멀티플레이어|협동|온라인 협동|Steam 창작마당|Steam Cloud|레벨 에디터 포함|가족 공유,싱글 플레이어|멀티플레이어|협동|온라인 협동,11,2026년 7월 24일,Axolot Games,Axolot Games,https://shared.akamai.steamstatic.com/store_item_assets/steam/apps/387990/5c31bde0a901d9459a8d8c556c5a44262b5f57e4/header.jpg?t=1784914037,"Enter the creative paradise of Scrap Mechanic! Build fantastic machines, go on adventures with your friends and defend against waves of evil Farmbots in this imaginative multiplayer survival sandbox. With Scrap Mechanic’s powerful creation tools you can engineer your own adventures!"
1408610,Call of the Wild: The Angler™,False,31000,31000,0,5,복합적,7591,0.6388,어드벤처|캐주얼|시뮬레이션|스포츠,싱글 플레이어|멀티플레이어|협동|온라인 협동|Steam 도전 과제|컨트롤러 완벽 지원|DUALSHOCK 컨트롤러 지원|DUALSHOCK 컨트롤러 지원|DualSense 컨트롤러 지원|DualSense 컨트롤러 지원|Steam Cloud|가족 공유,싱글 플레이어|멀티플레이어|협동|온라인 협동,8,2022년 8월 31일,Expansive Worlds,Avalanche Studios,https://shared.akamai.steamstatic.com/store_item_assets/steam/apps/1408610/header.jpg?t=1737626002,The Angler는 혼자 플레이하거나 친구와 함께할 수 있는 오픈 월드 낚시 게임입니다. 낚시의 대가가 되는 여정을 따라가며 보통부터 희귀 등급까지 다양한 고유 어종을 찾아 낚아 보세요.
979110,Space Haven,False,29000,17400,40,8,매우 긍정적,11090,0.8573,인디|RPG|시뮬레이션|전략,싱글 플레이어|Steam 창작마당|DUALSHOCK 컨트롤러 지원|컨트롤러 일부 지원|Steam Cloud|Remote Play 태블릿|가족 공유,싱글 플레이어,13,2026년 5월 13일,Bugbyte Ltd.,Bugbyte Ltd.,https://shared.akamai.steamstatic.com/store_item_assets/steam/apps/979110/73529f7afc14ec281cad99fe0284cbed06c552f0/header.jpg?t=1779957549,아마추어 시민 승무원들과 새로운 보금자리를 찾아 떠나는 경이로운 우주 항해를 떠나보세요. 타일을 하나하나 연결해 우주선을 제작하고 연료 보급 상태를 최적화하세요. 승무원의 요구와 기분을 관리하고 이 흥미진진한 우주선 식민지 시뮬레이션 게임에서 경이로운 우주를 탐험해보시는 건 어떨까요?
3690490,프로스트레인 2,False,12500,12500,0,8,매우 긍정적,378,0.8942,인디|시뮬레이션|전략,싱글 플레이어|Steam 도전 과제|Steam Cloud|가족 공유,싱글 플레이어,13,2026년 7월 16일,nemonan,nemonan,https://shared.akamai.steamstatic.com/store_item_assets/steam/apps/3690490/e2873766ec7debc1630ad0d6c6b122419b039a78/header.jpg?t=1785141996,"최후의 기관사가 되어 얼어 붙은 세계 속 마지막 열차 사회를 통치하세요. 열차를 모으고, 확장하고, 강화하며 강력한 유물과 함께 당신만의 시너지를 구축하세요. 당신과 승객들의 안녕은 이제 당신의 손에 달려 있습니다."
4938200,Snowed Under | 雪葬,False,8700,8700,0,5,복합적,178,0.618,인디,싱글 플레이어|Steam 도전 과제|가족 공유,싱글 플레이어,14,2026년 8월 13일, Chilla's Art, Chilla's Art,https://shared.akamai.steamstatic.com/store_item_assets/steam/apps/4938200/7f34f5744c8b735b0af7c0631b1d786956f1397a/header.jpg?t=1786669597,"《Snowed Under》는 산속에서 눈을 치우는 1인칭 게임입니다. 눈을 헤치며 점점 더 깊이 나아가세요. 눈 아래에는 무엇이 묻혀 있을까요? 식량? 건물? 아니면 전혀 다른 무언가…? 이곳에서는 무슨 일이 있었던 걸까요? 이제 무슨 일이 벌어지려는 걸까요? 그리고 진실을 밝혀냈을 때, 당신은 어떤 생각을 하게 될까요…?"
1754840,Hacker Simulator,False,26000,26000,0,6,대체로 긍정적,1277,0.7447,인디|시뮬레이션,싱글 플레이어|가족 공유,싱글 플레이어,11,2021년 10월 20일,Save All Studio,Save All Studio,https://shared.akamai.steamstatic.com/store_item_assets/steam/apps/1754840/header.jpg?t=1769519847,"해커가 되어 온라인 평판을 최정상까지 끌어올리세요. 계약을 완료하고, 새 프로그램을 구입하고, 컴퓨터를 업그레이드하고, Wi-Fi 네트워크를 해킹하여 개인이나 기업의 온라인 시스템에 침투하세요."
73010,Cities in Motion,False,22000,22000,0,6,대체로 긍정적,1088,0.7739,시뮬레이션,싱글 플레이어|Steam 도전 과제|가족 공유,싱글 플레이어,4,2011년 2월 22일,Colossal Order,Paradox Interactive,https://shared.akamai.steamstatic.com/store_item_assets/steam/apps/73010/header.jpg?t=1764602003,"Manage transportation for commuters in four of the world's greatest cities - Vienna, Helsinki, Berlin, and Amsterdam"
3398870,둠스 헤어 살롱,False,11900,11900,0,8,매우 긍정적,148,0.8986,어드벤처|캐주얼|인디|시뮬레이션,싱글 플레이어|멀티플레이어|협동|온라인 협동|Steam 도전 과제|음량 개별 조절|퀵타임 이벤트 없이 플레이 가능|수시 저장|스테레오 사운드|Steam Cloud|가족 공유,싱글 플레이어|멀티플레이어|협동|온라인 협동,26,2025년 3월 24일,Slimebox,Slimebox,https://shared.akamai.steamstatic.com/store_item_assets/steam/apps/3398870/23a3822d5e1043d76cb8b629541a5d0a4636d7c3/header_koreana.jpg?t=1746881255,"Dooms Hair Salon은 혼란한 마을에서 미용실을 운영하는 코미디 시뮬레이션 게임입니다. 혼자서, 혹은 친구와 같이 미용실을 운영하며 살아남으세요!"
3381680,Age of History 2: Definitive Edition,False,12000,12000,0,8,매우 긍정적,2517,0.8347,인디|전략,싱글 플레이어|멀티플레이어|PvP|스크린 공유 및 분할 PvP|공유 및 분할 화면|Steam 도전 과제|Steam 창작마당|텍스트 크기 조정|카메라 움직임 조정|색상 대체|음량 개별 조절|난이도 조정|마우스 전용 옵션|퀵타임 이벤트 없이 플레이 가능|수시 저장|스테레오 사운드|Steam Cloud|Remote Play Together|가족 공유,싱글 플레이어|멀티플레이어|PvP,36,2026년 4월 15일,Łukasz Jakowski,Łukasz Jakowski Games,https://shared.akamai.steamstatic.com/store_item_assets/steam/apps/3381680/8446ec6de574aed453a768488d0fae5c2ec6fc47/header.jpg?t=1785853215,Age of History II는 배우기 쉽지만 마스터하기 어려운 대 전략 전쟁 게임입니다. 당신의 목표는 군사 전략과 교활한 외교를 이용하여 세계를 통일하거나 정복하는 것입니다. 세계가 피를 흘릴 것인가 아니면 당신 앞에 굴복 할 것인가? 선택은 당신의 것입니다.
4899200,FlatVR,False,10920,10920,0,7,긍정적,38,0.8421,시뮬레이션|유틸리티|앞서 해보기,VR 지원|#category_playable_at_your_own_pace|퀵타임 이벤트 없이 플레이 가능,,16,2026년 8월 9일,Integralab,Integralab,https://shared.akamai.steamstatic.com/store_item_assets/steam/apps/4899200/1ff5f7c1de3453109949d829036b8d4ece92c4b1/header.jpg?t=1786905727,"새로운 차원을 발견하세요! FlatVR은 VR/AR 글래스에 진정한 3D 깊이를 더해줍니다. 좋아하는 영화와 시리즈를 실제 3D 영화관처럼 시청하고, PC 게임을 게임 내 완전한 몰입감을 제공하는 진정한 VR 히트작으로 탈바꿈시키세요!"
1953520,WRC Generations – The FIA WRC Official Game,False,41000,4100,90,5,복합적,5089,0.6811,레이싱|시뮬레이션,싱글 플레이어|멀티플레이어|PvP|온라인 PvP|스크린 공유 및 분할 PvP|협동|온라인 협동|공유 및 분할 화면|Steam 도전 과제|컨트롤러 일부 지원|Steam Cloud|가족 공유,싱글 플레이어|멀티플레이어|협동|온라인 협동|PvP,14,2022년 11월 3일,KT Racing,Nacon,https://shared.akamai.steamstatic.com/store_item_assets/steam/apps/1953520/header.jpg?t=1764149287,"가장 포괄적이고 현실적이면서 실력을 요구하는 랠리 시뮬레이션 게임이 제시하는 모든 도전에 맞서 실력을 증명해 보세요. 액션의 중심으로 뛰어들어 새로 등장한 하이브리드 모델을 포함, 2022 WRC 챔피언십에 실제 출전한 차들을 몰아보세요."
57690,Tropico 4,False,17700,17700,0,8,매우 긍정적,12735,0.9171,시뮬레이션|전략,싱글 플레이어|Steam 도전 과제|Steam 트레이딩 카드|가족 공유,싱글 플레이어,6,2011년 9월 1일,Haemimont Games,Kalypso Media Digital,https://shared.akamai.steamstatic.com/store_item_assets/steam/apps/57690/header.jpg?t=1755702264,"변혁하는 세계 속에 Tropico도 함께 움직입니다. 각국의 세력이 등락하고, 세계 시장은 새로운 수요와 공급을 원하는 새로운 세력에 의해 지배됩니다. 이제 바로 당신이 위대한 지도자 각하의 역할을 맡아 새로운 도전을 마주하게 됩니다."
606800,Startup Company,False,14500,14500,0,8,매우 긍정적,6219,0.8123,캐주얼|인디|시뮬레이션|전략,싱글 플레이어|Steam 도전 과제|Steam 트레이딩 카드|Steam 창작마당|Steam Cloud|가족 공유,싱글 플레이어,15,2020년 4월 10일,Hovgaard Games,Hovgaard Games,https://shared.akamai.steamstatic.com/store_item_assets/steam/apps/606800/header.jpg?t=1727681373,Startup Company는 여러분이 새로운 회사의 CEO인 비즈니스 시뮬레이션 샌드박스 게임입니다. 고유한 웹사이트를 구축하고 지구에서 가장 큰 규모의 테크 자이언트들과 경쟁해야 합니다!
1419170,My Singing Monsters,True,0,0,0,8,매우 긍정적,49058,0.9352,캐주얼|시뮬레이션|무료 플레이,싱글 플레이어|멀티플레이어|협동|온라인 협동|앱 내 구매|가족 공유,싱글 플레이어|멀티플레이어|협동|온라인 협동,9,2021년 3월 24일,Big Blue Bubble,Big Blue Bubble,https://shared.akamai.steamstatic.com/store_item_assets/steam/apps/1419170/6071b052c9b0e2787aa24c7af98f6f94ce2d3c30/header.jpg?t=1785942283,"Dive into the Musical World of My Singing Monsters! Breed them, feed them, listen to them sing! Breed & collect a menagerie of Monsters, each a living instrument! Build your paradise across 35+ Islands, customize your world, and enjoy endless music! There's never a dull moment in the Monster World!"
2878450,Master of Command,False,29000,29000,0,8,매우 긍정적,3935,0.923,전략,싱글 플레이어|Steam 도전 과제|Steam 트레이딩 카드|Steam 창작마당|Steam Cloud|레벨 에디터 포함|가족 공유,싱글 플레이어,9,2025년 10월 27일,Armchair Interactive,Armchair Interactive,https://shared.akamai.steamstatic.com/store_item_assets/steam/apps/2878450/e4dac2f1fb0e602a8af30a1a33eb4800cc09b92e/header.jpg?t=1781904942,"18세기 유럽 최대의 전쟁에서 지휘권을 잡으십시오. 연대를 장비하고 맞춤화하며 보급을 관리하고, 절차적으로 생성되는 캠페인에서 잔혹한 실시간 전투에 참여하세요. 자원과 보충은 희소하며, 최고의 병사들을 지켜내는 것이 단일한 승리보다 더 중요할 수 있습니다."
3330210,별의 키니: 우주 가마솥 대작전,False,14000,14000,0,8,매우 긍정적,556,0.8453,캐주얼|인디|전략,싱글 플레이어|Steam 도전 과제|Steam Cloud|Remote Play Together|가족 공유,싱글 플레이어,14,2026년 7월 27일,Kinnymoms,Rogue Duck Interactive|Lazy Otter| Gamersky Games,https://shared.akamai.steamstatic.com/store_item_assets/steam/apps/3330210/49a301dc9d229b201b2f900bfd242ac786f5b668/header_koreana.jpg?t=1786246276,"요리하느냐, 요리되느냐! 이 우주적 덱빌딩 로그라이크 게임에서는 재료들이 우당탕탕 충돌하고, 합쳐지고, 쪼개집니다. 스튜펜더스 스푼의 마녀 셰프가 되어 완벽한 스튜를 만들고, 전략적으로 재료를 준비하세요. 그리고, 끊임없이 몰려오는 우주적 존재들에게 최고의 스튜를 대접하세요! 실패한다면... 가마솥에 들어가는 건 당신일지도?!"
4075620,Combolands: Roguelike Citybuilder,False,10500,8400,20,9,압도적으로 긍정적,534,0.9719,인디|전략,싱글 플레이어|Steam 도전 과제|음량 개별 조절|마우스 전용 옵션|#category_playable_at_your_own_pace|퀵타임 이벤트 없이 플레이 가능|Steam Cloud|가족 공유,싱글 플레이어,1,2026년 8월 24일,Crux Games,Crux Games,https://shared.akamai.steamstatic.com/store_item_assets/steam/apps/4075620/94f8d81bbadbc37f1f0ae0a5df30bda1ff4af186/header.jpg?t=1787743588,"A mini citybuilding roguelike. Place buildings, stack combos, and master deep strategy in short bursts to create a tiny thriving metropolis!"
1934680,Age of Mythology: Retold,False,29900,29900,0,8,매우 긍정적,23401,0.9044,전략,싱글 플레이어|멀티플레이어|PvP|온라인 PvP|협동|온라인 협동|크로스 플랫폼 멀티플레이어|Steam 도전 과제|텍스트 크기 조정|색상 대체|음량 개별 조절|난이도 조정|게임 메뉴 음성 안내|#category_playable_at_your_own_pace|퀵타임 이벤트 없이 플레이 가능|수시 저장|컨트롤러 일부 지원|Steam Cloud|레벨 에디터 포함|가족 공유,싱글 플레이어|멀티플레이어|협동|온라인 협동|PvP,25,2024년 9월 4일,World's Edge|Forgotten Empires|Tantalus Media|CaptureAge|Virtuos Games,Xbox Game Studios,https://shared.akamai.steamstatic.com/store_item_assets/steam/apps/1934680/header.jpg?t=1780429786,"수상 경력에 빛나는 Age of Empires 프랜차이즈의 제작진이 선보이는 Age of Mythology: Retold는 역사를 넘어 신, 괴물, 인간이 충돌하는 신화 시대로 이어집니다."
2871390,Poly TD / 폴리 타워 디펜스,False,8900,8900,0,8,매우 긍정적,578,0.8166,인디|전략,싱글 플레이어|Steam Cloud|가족 공유,싱글 플레이어,5,2026년 1월 29일,Naroot,Naroot,https://shared.akamai.steamstatic.com/store_item_assets/steam/apps/2871390/b84d18b99260b759943e94ce21d3cff5e4d70c70/header_koreana.jpg?t=1787570887,"워크래프트 ‘랜덤 디펜스’의 향수를 로그라이크로 재해석했습니다. 유니크한 영웅을 뽑고, 합성하여 더 강력한 영웅으로 진화시키세요. 잔 다르크, 관우, 러브크래프트까지—시공을 초월한 전설 속 영웅들이 등장합니다! 끝없이 몰려오는 적들에 맞서 당신만의 최강 시너지를 증명하세요!"
933110,Age of Empires III: Definitive Edition,False,34800,34800,0,8,매우 긍정적,54749,0.859,전략,싱글 플레이어|멀티플레이어|PvP|온라인 PvP|LAN PvP|크로스 플랫폼 멀티플레이어|Steam 도전 과제|Steam 트레이딩 카드|Steam Cloud|가족 공유,싱글 플레이어|멀티플레이어|PvP,14,2020년 10월 15일,World's Edge|Tantalus Media|Forgotten Empires,Xbox Game Studios,https://shared.akamai.steamstatic.com/store_item_assets/steam/apps/933110/0f85493ce793ef403f8619e5a0e1406f0c9058b2/header.jpg?t=1786724528,"세계 곳곳에 존재하는 강대한 문명을 이끌고, 전략과 전술을 마스터하고, 협동 전투 모드에서 역사적인 순간을 재현해 보세요. 눈부신 4K 그래픽으로 업그레이드하고 게임플레이를 재해석한 리마스터 버전이 탄생했습니다."
2794590,Scam Line,False,5600,5600,0,8,매우 긍정적,1261,0.8509,인디|앞서 해보기,멀티플레이어|PvP|온라인 PvP|협동|온라인 협동|가족 공유,멀티플레이어|협동|온라인 협동|PvP,14,2026년 1월 10일,RavenJm,RavenJm|GAZE IN GAMES,https://shared.akamai.steamstatic.com/store_item_assets/steam/apps/2794590/373990e793edf8e2ff544c1180aa15f7f07a75e2/header.jpg?t=1785941542,"Scam Line은 4~8명이 함께 즐기는 소셜 디셉션 게임으로, 당신의 파티는 다양한 도전에 맞서게 됩니다. 거짓말쟁이, 조종자, 사기꾼이 되거나, 자신만의 방식으로 승리를 쟁취하세요"
2784470,9 Kings 나인 킹즈,False,19900,9950,50,8,매우 긍정적,23003,0.9249,RPG|전략|앞서 해보기,싱글 플레이어|멀티플레이어|PvP|온라인 PvP|Steam 도전 과제|컨트롤러 완벽 지원|Steam 트레이딩 카드|카메라 움직임 조정|음량 개별 조절|난이도 조정|마우스 전용 옵션|DUALSHOCK 컨트롤러 지원|DUALSHOCK 컨트롤러 지원|DualSense 컨트롤러 지원|DualSense 컨트롤러 지원|수시 저장|Steam Input API 지원|터치 전용 옵션|Steam Cloud|가족 공유,싱글 플레이어|멀티플레이어|PvP,30,2025년 5월 23일,Sad Socket,Hooded Horse|Sidekick Publishing,https://shared.akamai.steamstatic.com/store_item_assets/steam/apps/2784470/b53d7cdd9e509ecb4865433839f25e61fc60e30a/header_koreana.jpg?t=1787906458,빠른 템포의 로그라이크 왕국 건설 게임. 제국을 키우고 강력한 라이벌 왕들과 대규모 전투를 벌이세요. 수천 가지 파격적인 빌드로 게임을 깨뜨리고 왕중왕이 되어야 합니다.
1617400,The Bazaar,False,21500,21500,0,6,대체로 긍정적,15633,0.7011,전략,싱글 플레이어|멀티플레이어|PvP|온라인 PvP|앱 내 구매|음량 개별 조절|퀵타임 이벤트 없이 플레이 가능|수시 저장|스테레오 사운드,싱글 플레이어|멀티플레이어|PvP,9,2025년 8월 13일,Tempo,Tempo,https://shared.akamai.steamstatic.com/store_item_assets/steam/apps/1617400/eac2893cccab684a615561e84831b6d4f7a39410/header.jpg?t=1775066388,"The Bazaar는 매번 새로운 퍼즐이 펼쳐지는 빠른 템포의 멀티플레이어 로그라이크 게임입니다. 개성 넘치는 영웅을 선택하고 강력한 조합을 발견해, 끊임없이 변화하는 시장에서 상대를 앞서 나가세요. 자신의 페이스대로 플레이하며 끝없는 승리의 방법을 찾아보세요."
2753900,The King is Watching,False,14900,14900,0,8,매우 긍정적,10393,0.8895,인디|전략,싱글 플레이어|Steam 도전 과제|Steam Cloud|가족 공유,싱글 플레이어,10,2025년 7월 21일,Hypnohead,tinyBuild,https://shared.akamai.steamstatic.com/store_item_assets/steam/apps/2753900/82c4e29d733ade5c74e3aa9ee497f40c0b5f04e4/header.jpg?t=1785514028,The King is Watching은 로그라이트 왕국 건설 게임입니다. 왕의 시선으로 통치하세요! 각 이벤트의 독특한 특성에 따라 자원 생산과 군대 훈련 둘 중 하나에 집중하거나 둘의 균형을 유지하는 등 선택을 내리세요.
960090,Bloons TD 6,False,14500,14500,0,9,압도적으로 긍정적,394204,0.9719,전략,싱글 플레이어|멀티플레이어|협동|온라인 협동|Steam 도전 과제|앱 내 구매|Remote Play 휴대전화|Remote Play 태블릿|가족 공유,싱글 플레이어|멀티플레이어|협동|온라인 협동,21,2018년 12월 17일,Ninja Kiwi,Ninja Kiwi,https://shared.akamai.steamstatic.com/store_item_assets/steam/apps/960090/header.jpg?t=1782123772,공전의 히트를 기록한 타워 디펜스 게임
460930,Tom Clancy's Ghost Recon® Wildlands,False,54800,54800,0,6,대체로 긍정적,113613,0.7821,액션|어드벤처,싱글 플레이어|멀티플레이어|협동|Steam 도전 과제|Steam 트레이딩 카드|앱 내 구매|컨트롤러 일부 지원,싱글 플레이어|멀티플레이어|협동,16,2017년 3월 6일,Ubisoft Paris|Ubisoft Annecy|Ubisoft Bucharest|Ubisoft Montpellier|Ubisoft Milan|Reflections|Ubisoft Belgrade,Ubisoft,https://shared.akamai.steamstatic.com/store_item_assets/steam/apps/460930/70a2312a82d3ad7ff685302441ea5f12395204a4/header_alt_assets_0.jpg?t=1786116240,"정예 고스트 팀을 이끄는 전술적 3인칭 슈터 게임을 즐겨보세요. 광활한 오픈 월드를 탐험하고, 위험한 산타 블랑카 카르텔에 침투해 적들을 섬멸하고, 볼리비아를 구하세요."
1239080,Door Kickers 2: Task Force North,False,27000,27000,0,9,압도적으로 긍정적,13574,0.9605,액션|인디|시뮬레이션|전략,싱글 플레이어|멀티플레이어|협동|온라인 협동|Steam 도전 과제|Steam 창작마당|Steam Cloud|통계|레벨 에디터 포함|Remote Play Together|가족 공유,싱글 플레이어|멀티플레이어|협동|온라인 협동,11,2025년 2월 10일,KillHouse Games,KillHouse Games,https://shared.akamai.steamstatic.com/store_item_assets/steam/apps/1239080/9a6301deb0dd6483c4c43667c6f989b7cc062bd9/header.jpg?t=1757581897,"중동 기반 테러 조직과의 치열한 전투에서 특수작전부대를 지휘하십시오. RockPaperShotgun에서 ""2014년 최고의 전술 게임""으로 선정된 작품의 후속작입니다."
2510710,Kunitsu-Gami: Path of the Goddess,False,44800,33600,25,8,매우 긍정적,2527,0.9252,액션|전략,싱글 플레이어|Steam 도전 과제|컨트롤러 완벽 지원|Steam 트레이딩 카드|게임패드 권장|DUALSHOCK 컨트롤러 지원|DualSense 컨트롤러 지원|Steam Cloud|가족 공유,싱글 플레이어,13,2024년 7월 18일,"CAPCOM Co., Ltd.","CAPCOM Co., Ltd.",https://shared.akamai.steamstatic.com/store_item_assets/steam/apps/2510710/ac83727512493337711c22ba6b96012064a161ce/header.jpg?t=1752199364,이것은 새로운 「카미」의 이야기 「Kunitsu-Gami: Path of the Goddess」는 독창적인 ”일본풍” 세계관 속에서 「액션과 전략」을 즐길 수 있는 1인 플레이 전용 '카구라 액션 전략'.
1839950,Terminator: Dark Fate - Defiance,False,42000,42000,0,8,매우 긍정적,4444,0.8315,전략,싱글 플레이어|멀티플레이어|PvP|온라인 PvP|가족 공유,싱글 플레이어|멀티플레이어|PvP,7,2024년 2월 21일,Slitherine Ltd.,Slitherine Ltd.,https://shared.akamai.steamstatic.com/store_item_assets/steam/apps/1839950/header.jpg?t=1784740088,"Terminator: Dark Fate – Defiance is not just a game; it's an adrenaline-fueled journey where your strategic prowess decides the fate of mankind against the machines. After the machines took over, the greatest threats may not come from the machines but rather from other human survivors."
2592160,Dispatch,False,32000,32000,0,9,압도적으로 긍정적,182808,0.9751,액션|어드벤처|캐주얼|인디|전략,싱글 플레이어|Steam 도전 과제|컨트롤러 완벽 지원|Steam 트레이딩 카드|텍스트 크기 조정|색상 대체|음량 개별 조절|난이도 조정|마우스 전용 옵션|퀵타임 이벤트 없이 플레이 가능|자막 옵션|Steam Cloud|가족 공유,싱글 플레이어,16,2025년 10월 22일,AdHoc Studio,AdHoc Studio,https://shared.akamai.steamstatic.com/store_item_assets/steam/apps/2592160/header.jpg?t=1787155146,"""Dispatch""는 선택이 중요한 슈퍼히어로 직장 코미디입니다. 불완전한 팀의 영웅들을 관리하고, 도시 곳곳에서 발생하는 응급 상황에 누가 출동할지 전략적으로 결정하세요. 동시에 사내 정치, 개인적인 관계, 그리고 자신만의 영웅이 되기 위한 여정을 균형 있게 이끌어 가세요."
1044720,Farthest Frontier,False,37500,37500,0,8,매우 긍정적,25403,0.8606,인디|시뮬레이션|전략,싱글 플레이어|Steam 창작마당|가족 공유,싱글 플레이어,15,2025년 10월 23일,Crate Entertainment,Crate Entertainment,https://shared.akamai.steamstatic.com/store_item_assets/steam/apps/1044720/67e7cd8fa5e23c5ec2704b2cc194dc6d09e5db0d/header.jpg?t=1774274689,"주민들을 보호하고 이끌고 나가 변방의 길들여지지 않은 황야에서 마을을 세우세요. 원재료를 수확하고, 사냥하고, 낚시하고, 농사를 지어서 주민들이 생존할 수 있게 도와주세요. 거래하고, 소비하고, 장착하고, 들고 싸울 수 있는 아이템을 제작해서 자연과 외부 위협에 맞서 살아남으세요."
2310700,Shadow Corridor 2 雨ノ四葩,False,20500,20500,0,8,매우 긍정적,937,0.8794,액션|어드벤처|인디|전략,싱글 플레이어|Steam 도전 과제|컨트롤러 완벽 지원|Steam Cloud|가족 공유,싱글 플레이어,5,2024년 3월 29일,Space Onigiri Game LLC,Space Onigiri Game LLC,https://shared.akamai.steamstatic.com/store_item_assets/steam/apps/2310700/header.jpg?t=1755246293,"너무 어두워... 그래도 즐거워! 어둠에 뒤덮힌 광활한 복도는 매번 그 모습을 바꾸고, 공포의 배회자로부터는 도망치고 숨는 것 뿐. 다양하고 독특한 아이템들을 활용하고 특수한 힘을 지닌 카루타의 조합을 탐구하여 출구를 향해 이 어둠을 해쳐나아가라!"
962400,Granny,False,8900,8900,0,8,매우 긍정적,11360,0.9421,어드벤처|인디,싱글 플레이어|가족 공유,싱글 플레이어,1,2018년 11월 20일,DVloper,DVloper,https://shared.akamai.steamstatic.com/store_item_assets/steam/apps/962400/header.jpg?t=1687541775,You have to escape Granny`s house...You have five days...
4298880,Timber Rush,False,5600,5600,0,8,매우 긍정적,1425,0.8477,액션|캐주얼|인디|전략,싱글 플레이어|Steam 도전 과제|카메라 움직임 조정|음량 개별 조절|퀵타임 이벤트 없이 플레이 가능|Steam Cloud|가족 공유,싱글 플레이어,11,2026년 3월 17일,Allerton Apps,Allerton Apps,https://shared.akamai.steamstatic.com/store_item_assets/steam/apps/4298880/d241a4d9271b11e7b1db3120f17dcb6c12737d79/header.jpg?t=1786882264,"Timber Rush는 매번의 타격이 업그레이드, 혼돈, 그리고 어마어마한 수치로 폭발하는 빠른 템포의 인크리멘탈 로그라이트입니다."
4195110,Ultrapool,False,13000,10400,20,8,매우 긍정적,117,0.8803,캐주얼|인디|스포츠|전략,싱글 플레이어|음량 개별 조절|난이도 조정|마우스 전용 옵션|#category_playable_at_your_own_pace|퀵타임 이벤트 없이 플레이 가능|수시 저장|터치 전용 옵션|Steam Cloud|가족 공유,싱글 플레이어,12,2026년 8월 24일,Icedrop Games,offbrand games,https://shared.akamai.steamstatic.com/store_item_assets/steam/apps/4195110/01a02c21a927ac9dc71353e18cb784b1ea5c53a7/header.jpg?t=1787913285,"풀 바는 언제나 열려 있습니다! Ultrapool은 기상천외한 효과를 지닌 특이한 공으로 포켓볼을 즐기는 다채로운 로그라이크 게임입니다. 완벽한 빌드를 구상하고, 기가 막힌 트릭샷을 노려보세요!"
1283970,YoloMouse - Cursor Changer,False,7500,7500,0,8,매우 긍정적,2997,0.9246,액션|인디|무료 플레이|애니메이션과 모델링|디자인과 일러스트레이션|교육|사진 편집|소프트웨어 교육|유틸리티|게임 개발,Steam 창작마당|텍스트 크기 조정|카메라 움직임 조정|색상 대체|난이도 조정|키보드 전용 옵션|마우스 전용 옵션|퀵타임 이벤트 없이 플레이 가능|수시 저장|레벨 에디터 포함,,18,2020년 5월 1일,Dragonrise Games,Dragonrise Games,https://shared.akamai.steamstatic.com/store_item_assets/steam/apps/1283970/ba457dd7d146e0246b78a87d72ce565c4b0a4f45/header.jpg?t=1784593441,"YoloMouse로 잘 안 보이는 게임이나 앱 커서를 바꿔보세요. 교체하고, 크기를 조절하고, 효과와 스타일을 더할 수 있습니다. 치열한 전투 중에도 더 이상 커서를 놓치지 마세요!"
2570210,Eden Crafters,False,21500,21500,0,8,매우 긍정적,2639,0.8552,어드벤처|인디|시뮬레이션|전략,싱글 플레이어|멀티플레이어|협동|온라인 협동|컨트롤러 완벽 지원|Steam Cloud|가족 공유,싱글 플레이어|멀티플레이어|협동|온라인 협동,16,2026년 5월 7일,Osaris Games,Osaris Games,https://shared.akamai.steamstatic.com/store_item_assets/steam/apps/2570210/9887c3a4f9b82d9e32c14b07bfe122c63326b707/header.jpg?t=1778176464,"Eden Crafters is a solo or co-op open-world survival, crafting, and factory-building game where you transform a hostile planet into a habitable haven for humanity. Build, automate, and terraform. Control the climate, create a breathable atmosphere, and turn toxic lakes into water: shape a new world!"
392110,ENDLESS Space™ 2,False,43000,8600,80,8,매우 긍정적,23047,0.8332,전략,싱글 플레이어|멀티플레이어|PvP|온라인 PvP|크로스 플랫폼 멀티플레이어|Steam 도전 과제|Steam 트레이딩 카드|Steam 창작마당|Steam Cloud|Remote Play 태블릿|가족 공유,싱글 플레이어|멀티플레이어|PvP,10,2017년 5월 18일,AMPLITUDE Studios,AMPLITUDE Studios,https://shared.akamai.steamstatic.com/store_item_assets/steam/apps/392110/header.jpg?t=1787684076,"Endless Space 2는 SF 턴제 전략 장르 게임으로, 당신은 한 행성의 문명을 이끄는 위대한 지도자의 역할을 맡아 냉혹한 우주로 나아가는 첫 진출을 이끌게 됩니다. 당신의 비전이 우주의 미래를 결정합니다."
3226530,Tower Dominion,False,18500,18500,0,8,매우 긍정적,5499,0.8565,전략,싱글 플레이어|Steam 도전 과제|Steam Cloud|가족 공유,싱글 플레이어,10,2025년 5월 7일,Parallel 45 Games,Parallel 45 Games,https://shared.akamai.steamstatic.com/store_item_assets/steam/apps/3226530/db1bd39b1fe29a4e90865345fce8c5fd9d88652c/header.jpg?t=1779478529,"이 특별한 로그라이크 타워 디펜스 게임에서는 외계인의 침략으로부터 요새를 방어하면서, 지형을 건설하고 설계해야 합니다. 30명의 영웅 중에서 선택하고, 적의 범람에서 살아남아, 다양한 파괴적 타워를 업그레이드하며 방어선을 지켜내세요!"
3265700,Vampire Crawlers: The Turbo Wildcard from Vampire Survivors,False,10500,10500,0,9,압도적으로 긍정적,18786,0.962,액션|인디|전략,싱글 플레이어|Steam 도전 과제|컨트롤러 완벽 지원|DUALSHOCK 컨트롤러 지원|DUALSHOCK 컨트롤러 지원|DualSense 컨트롤러 지원|DualSense 컨트롤러 지원|Steam Cloud|가족 공유,싱글 플레이어,12,2026년 4월 21일,poncle|Nosebleed Interactive,poncle,https://shared.akamai.steamstatic.com/store_item_assets/steam/apps/3265700/5590e42cab09dacabee973dd2c3e27ef12ed4950/header.jpg?t=1776925935,"Vampire Survivors 제작진이 선보이는 박진감 넘치는 턴제 로그라이트 덱 빌딩 게임! 세계를 끝장내버릴 콤보를 퍼붓고, 오염된 던전을 빠르게 돌파하세요. 터보턴™을 마스터하면 혼돈의 카드 패로 낯익은 적 무리를 섬멸할 수 있습니다."
3556750,"Warhammer 40,000: Dawn of War - Definitive Edition",False,32300,32300,0,8,매우 긍정적,12716,0.8579,전략,싱글 플레이어|멀티플레이어|PvP|온라인 PvP|협동|온라인 협동|크로스 플랫폼 멀티플레이어|Steam 도전 과제|음량 개별 조절|난이도 조정|마우스 전용 옵션|퀵타임 이벤트 없이 플레이 가능|수시 저장|스테레오 사운드|Steam Cloud|레벨 에디터 포함|가족 공유,싱글 플레이어|멀티플레이어|협동|온라인 협동|PvP,12,2025년 8월 14일,Relic Entertainment,Relic Entertainment ,https://shared.akamai.steamstatic.com/store_item_assets/steam/apps/3556750/f60b47fa49e3582f21c39f6b123fb59e2b441292/header.jpg?t=1783120204,"Warhammer 40,000: Dawn of War - 완전판 에디션에는 오리지널 Dawn of War와 모든 확장팩이 포함되어 있으며, 개선된 그래픽, 향상된 카메라, 64비트 플랫폼 지원과 함께 궁극의 Dawn of War를 경험할 수 있습니다."
1092790,Inscryption,False,22000,22000,0,9,압도적으로 긍정적,148137,0.9682,어드벤처|인디|전략,싱글 플레이어|Steam 도전 과제|Steam 트레이딩 카드|Steam Cloud|가족 공유,싱글 플레이어,12,2021년 10월 19일,Daniel Mullins Games,Devolver Digital,https://shared.akamai.steamstatic.com/store_item_assets/steam/apps/1092790/header.jpg?t=1777572925,"Inscryption은 검은 잉크로 그려진 카드를 기반으로 한 덱빌딩 로그라이크, 방탈출 퍼즐, 피가 흐르는 심리적 공포 등의 요소가 섞인 여정을 다룹니다. 카드에는 더 어두운 비밀이 새겨져 있습니다…"
2742830,Monster Train 2,False,27000,27000,0,9,압도적으로 긍정적,10105,0.9534,인디|전략,싱글 플레이어|Steam 도전 과제|컨트롤러 완벽 지원|Steam 트레이딩 카드|카메라 움직임 조정|음량 개별 조절|난이도 조정|키보드 전용 옵션|마우스 전용 옵션|퀵타임 이벤트 없이 플레이 가능|DUALSHOCK 컨트롤러 지원|DualSense 컨트롤러 지원|수시 저장|Steam Input API 지원|Steam Cloud|가족 공유,싱글 플레이어,10,2025년 5월 21일,Shiny Shoe,Big Fan Games,https://shared.akamai.steamstatic.com/store_item_assets/steam/apps/2742830/header.jpg?t=1785513432,"Monster Train이 새로운 클랜과 적 세력, 도전과 모드 등 다양한 요소와 함께 다시 돌아왔습니다! 많은 인기를 누린 3단계 레벨 방식의 수직형 오리지널 로그라이크 덱 빌더 게임을 플레이하며 화로를 안전하게 방어하세요."
240720,Getting Over It with Bennett Foddy,False,8500,8500,0,8,매우 긍정적,82387,0.8227,액션,싱글 플레이어|컨트롤러 일부 지원|코멘터리 제공|Remote Play 휴대전화|Remote Play 태블릿|가족 공유,싱글 플레이어,5,2017년 12월 6일,Bennett Foddy,Bennett Foddy,https://shared.akamai.steamstatic.com/store_item_assets/steam/apps/240720/header.jpg?t=1666987027,게임을 특정 종류의 사람들을 해치기 위해 만들었습니다.
531510,Just Shapes & Beats,False,21500,12900,40,9,압도적으로 긍정적,26000,0.9762,액션|인디,싱글 플레이어|멀티플레이어|PvP|온라인 PvP|스크린 공유 및 분할 PvP|협동|온라인 협동|스크린 공유 및 분할 협동|공유 및 분할 화면|Steam 도전 과제|컨트롤러 완벽 지원|Steam 트레이딩 카드|Steam Cloud|Remote Play 휴대전화|Remote Play 태블릿|Remote Play TV|Remote Play Together|가족 공유,싱글 플레이어|멀티플레이어|협동|온라인 협동|PvP,14,2018년 5월 31일,Berzerk Studio,Berzerk Studio,https://shared.akamai.steamstatic.com/store_item_assets/steam/apps/531510/header.jpg?t=1738790023,"Just Shapes & Beats는 카오스한 협력 음악 게임입니다. 플레이어는 기본적인 세 가지, Shapes를 피하고, 끝내주는 Beats로 돌격하고, 쓰러지는 것을 반복하게 됩니다."
2211170,Unrailed 2: Back on Track (언레일드 2: 백 온 트랙),False,27500,27500,0,8,매우 긍정적,2115,0.8686,액션|캐주얼|인디|시뮬레이션|전략,싱글 플레이어|멀티플레이어|PvP|온라인 PvP|스크린 공유 및 분할 PvP|협동|온라인 협동|스크린 공유 및 분할 협동|공유 및 분할 화면|크로스 플랫폼 멀티플레이어|Steam 도전 과제|컨트롤러 완벽 지원|Steam 트레이딩 카드|게임패드 권장|DUALSHOCK 컨트롤러 지원|DUALSHOCK 컨트롤러 지원|DualSense 컨트롤러 지원|DualSense 컨트롤러 지원|Steam Cloud|Remote Play Together|가족 공유,싱글 플레이어|멀티플레이어|협동|온라인 협동|PvP,16,2026년 6월 11일,Indoor Astronaut,Indoor Astronaut|Kepler Ghost,https://shared.akamai.steamstatic.com/store_item_assets/steam/apps/2211170/e05253df326ff06620414854e0e5a47fbc5a1b72/header_alt_assets_6_koreana.jpg?t=1787652856,Unrailed가 더 많은 협동 철도 건설 혼란과 함께 돌아왔습니다. 도전적인 생물 군계와 보스로 가득한 새로운 세계에서 나만의 길을 선택하세요. 캐릭터와 엔진을 영구적으로 업그레이드하고 나만의 레벨을 만들어 보세요 - 탈선만 하지 않도록 주의하세요!
2290000,TerraScape,False,16500,8250,50,8,매우 긍정적,2228,0.886,캐주얼|인디|시뮬레이션|전략,싱글 플레이어|멀티플레이어|PvP|온라인 PvP|LAN PvP|협동|온라인 협동|LAN 협동|Steam 도전 과제|컨트롤러 완벽 지원|Steam 창작마당|텍스트 크기 조정|카메라 움직임 조정|음량 개별 조절|난이도 조정|마우스 전용 옵션|퀵타임 이벤트 없이 플레이 가능|DUALSHOCK 컨트롤러 지원|DUALSHOCK 컨트롤러 지원|DualSense 컨트롤러 지원|DualSense 컨트롤러 지원|수시 저장|스테레오 사운드|서라운드 사운드|터치 전용 옵션|Steam Cloud|Steam 순위표|레벨 에디터 포함|가족 공유,싱글 플레이어|멀티플레이어|협동|온라인 협동|PvP,12,2024년 7월 17일,Bitfall Studios,Stray Fawn Publishing|Sidekick Publishing,https://shared.akamai.steamstatic.com/store_item_assets/steam/apps/2290000/header.jpg?t=1784796390,"이 아늑한 도시 퍼즐 게임에서 건물을 전략적으로 배치하여 떠다니는 섬에 멋진 왕국을 세워보세요. 다양한 싱글 및 멀티플레이 게임 모드에서 비밀 조합을 발견하고, 주간 챌린지에 도전하고, 무작위로 생성된 맵을 탐험해 보세요."
1970580,Backpack Hero,False,21500,10750,50,8,매우 긍정적,8497,0.8648,어드벤처|캐주얼|인디|RPG|전략,싱글 플레이어|Steam 도전 과제|컨트롤러 완벽 지원|Steam 창작마당|Steam Cloud|가족 공유,싱글 플레이어,18,2023년 11월 14일,Jaspel,Pretty Soon|IndieArk,https://shared.akamai.steamstatic.com/store_item_assets/steam/apps/1970580/header.jpg?t=1771527569,인벤토리 관리 RPG! 희귀한 아이템을 수집하고 당신의 가방을 정리하며 적을 쓰러뜨리세요!
2934220,Monsters are Coming!,False,9900,9900,0,8,매우 긍정적,2810,0.8028,액션|인디|전략,싱글 플레이어|Steam 도전 과제|컨트롤러 완벽 지원|DUALSHOCK 컨트롤러 지원|DUALSHOCK 컨트롤러 지원|DualSense 컨트롤러 지원|DualSense 컨트롤러 지원|Steam Cloud|가족 공유,싱글 플레이어,11,2025년 11월 20일,Ludogram,Raw Fury,https://shared.akamai.steamstatic.com/store_item_assets/steam/apps/2934220/4cb4bcd77b5844de95aebf6c74cc066b0220f2f4/header.jpg?t=1780649583,"몬스터들이 나타났습니다! 조심하세요! 이 타워 생존 로그라이트에서는 쉬지 않고 밀려드는 몬스터 무리로부터 움직이는 도시를 보호해야 합니다. 자원을 채집하고, 방어를 강화하고, 게임을 진행하며 잠재력을 높여서 아치에 도달해 보세요."
201270,토탈워: 쇼군2,False,30000,30000,0,8,매우 긍정적,67598,0.9181,전략,싱글 플레이어|멀티플레이어|PvP|온라인 PvP|LAN PvP|협동|온라인 협동|LAN 협동|Steam 도전 과제|Steam 트레이딩 카드|카메라 움직임 조정|음량 개별 조절|난이도 조정|퀵타임 이벤트 없이 플레이 가능|수시 저장|스테레오 사운드|Steam Cloud|Valve Anti-Cheat 사용|통계|가족 공유,싱글 플레이어|멀티플레이어|협동|온라인 협동|PvP,8,2011년 3월 15일,CREATIVE ASSEMBLY|Feral Interactive (Mac)|Feral Interactive (Linux),SEGA|Feral Interactive (Mac)|Feral Interactive (Linux),https://shared.akamai.steamstatic.com/store_item_assets/steam/apps/201270/header.jpg?t=1763649183,Total War: SHOGUN 2 is the perfect mix of real-time and turn-based strategy gaming for newcomers and veterans alike.
4286550,Keep on Mining! - Worlds,False,7800,7800,0,8,매우 긍정적,1852,0.8072,캐주얼|인디,싱글 플레이어|Steam 도전 과제|Steam Cloud|가족 공유,싱글 플레이어,12,2026년 3월 30일,EagleEye Games,EagleEye Games,https://shared.akamai.steamstatic.com/store_item_assets/steam/apps/4286550/e36af42502acbb36198185e17997aaab8a67d4dd/header.jpg?t=1778249630,"Keep on Mining! – Worlds는 바위를 채굴하고 자원을 수집하며, 수많은 독특한 월드를 여행하고, 유물을 발견하고, 곡괭이를 제작하며, 다양한 영구 업그레이드를 구매하는 인크리멘탈 채굴 게임입니다!"
1240630,Hex of Steel,False,29000,29000,0,9,압도적으로 긍정적,900,0.9544,인디|전략,싱글 플레이어|멀티플레이어|PvP|온라인 PvP|스크린 공유 및 분할 PvP|협동|온라인 협동|스크린 공유 및 분할 협동|공유 및 분할 화면|크로스 플랫폼 멀티플레이어|Steam 도전 과제|Steam 트레이딩 카드|Steam 창작마당|카메라 움직임 조정|음량 개별 조절|난이도 조정|마우스 전용 옵션|퀵타임 이벤트 없이 플레이 가능|수시 저장|Steam Cloud|통계|Steam 순위표|레벨 에디터 포함|가족 공유,싱글 플레이어|멀티플레이어|협동|온라인 협동|PvP,22,2020년 8월 31일,War Frogs Studio,War Frogs Studio,https://shared.akamai.steamstatic.com/store_item_assets/steam/apps/1240630/66aeac323c41a23d713e633288f0ed68eb25a22b/header.jpg?t=1776796742,"""헥스 오브 스틸""은 모든 전선을 다루며 독특한 메카닉을 특징으로 하는 상쾌한 제2차 세계 대전 전략 게임입니다. 유럽, 아프리카, 태평양에서 뛰어난 AI와 싸우거나, 크로스 플랫폼 PBEM 또는 실시간 멀티플레이어로 친구와 대결하세요. 협동 플레이도 가능합니다!"
368360,60 Seconds!,False,9650,9650,0,8,매우 긍정적,11687,0.8493,어드벤처|캐주얼|인디|시뮬레이션|전략,싱글 플레이어|Steam 도전 과제|Steam 트레이딩 카드|컨트롤러 일부 지원|Steam Cloud|가족 공유,싱글 플레이어,11,2015년 5월 25일,Robot Gentleman,Robot Gentleman,https://shared.akamai.steamstatic.com/store_item_assets/steam/apps/368360/header.jpg?t=1781619221,"60 Seconds!는 수집과 생존을 목표로 하는 다크 코미디 핵 모험입니다. 핵이 날아오기 전에 물자를 모으고 가족들을 구하세요. 방공호에서 살아남으십시오. 어려운 결정을 내리고, 음식을 배분하고, 돌연변이 바퀴를 쫓아야 합니다. 그러면 살아남을 수도 있습니다. 아닐 수도 있지만..."
437920,Tricky Towers,False,16500,16500,0,8,매우 긍정적,16487,0.9019,캐주얼|인디,싱글 플레이어|멀티플레이어|PvP|온라인 PvP|스크린 공유 및 분할 PvP|공유 및 분할 화면|Steam 도전 과제|컨트롤러 완벽 지원|Steam 트레이딩 카드|음량 개별 조절|난이도 조정|게임패드 권장|키보드 전용 옵션|퀵타임 이벤트 없이 플레이 가능|DUALSHOCK 컨트롤러 지원|Steam 순위표|Remote Play 휴대전화|Remote Play 태블릿|Remote Play TV|Remote Play Together|가족 공유,싱글 플레이어|멀티플레이어|PvP,20,2016년 8월 2일,WeirdBeard,WeirdBeard,https://shared.akamai.steamstatic.com/store_item_assets/steam/apps/437920/b36fdd1a692a6602a7ba77dae4ab5c04ec11e4f4/header.jpg?t=1764332173,화려한 로브를 입고 마법의 힘을 이용해 Tricky Towers를 쌓을 시간입니다! 동화의 세계에서 벽돌을 멋지게 쌓아 봅시다. 누가 쌓은 탑이 가장 튼튼할까요? 쌓은 벽돌이 무너지지 않게 마법을 걸고 탑을 파괴하려는 흑마법을 막아내세요. 친구와 함께 게임하고 영광의 이름을 드높이세요. 광란의 물리학 기반 게임을 다함께 즐겨요.
2780980,LOCKDOWN Protocol,False,11000,11000,0,8,매우 긍정적,19863,0.8602,액션|캐주얼|인디|전략,멀티플레이어|PvP|온라인 PvP|협동|온라인 협동|Steam 트레이딩 카드|가족 공유,멀티플레이어|협동|온라인 협동|PvP,9,2025년 11월 18일,Mirage Creative Lab,Mirage Creative Lab,https://shared.akamai.steamstatic.com/store_item_assets/steam/apps/2780980/header.jpg?t=1780159963,"A first person social deduction game, combining real time action and communication, playable up to 16 players. While most players will cooperate to complete objectives to ensure victory, a small portion of dissidents will try their best to stop them at all cost, without being caught."
3314060,The Sims™ 레거시 컬렉션,False,22000,22000,0,6,대체로 긍정적,2439,0.7237,캐주얼|시뮬레이션,싱글 플레이어|Steam Cloud|가족 공유,싱글 플레이어,17,2025년 1월 31일,MAXIS,Electronic Arts,https://shared.akamai.steamstatic.com/store_item_assets/steam/apps/3314060/header.jpg?t=1777389564,"여러분이 잘 알고 사랑하는 오리지널 게임(Windows 10/11용) 심들의 마을을 만들고 직업, 우정, 로맨스를 통해 심들의 삶을 안내하거나 심들의 운명을 바꿀 수 있는 자유도 높은 게임 플레이로 혼돈을 일으키세요."
3673150,베가스 카지노 & 슬롯: Slottist,True,0,0,0,6,대체로 긍정적,529,0.7013,캐주얼|대규모 멀티플레이어|시뮬레이션|스포츠|전략|무료 플레이,싱글 플레이어|멀티플레이어|PvP|온라인 PvP|크로스 플랫폼 멀티플레이어|Steam 트레이딩 카드|앱 내 구매|Steam Cloud|가족 공유,싱글 플레이어|멀티플레이어|PvP,33,2025년 8월 5일,KamaGames Entertainment Group Limited,KamaGames Ltd.,https://shared.akamai.steamstatic.com/store_item_assets/steam/apps/3673150/517c487838df76ce217b4c4747ba6f11896bdecd/header.jpg?t=1783353702,세계 최고의 카지노 슬롯 게임을 만나보세요! 독특한 게임 메카닉의 슬롯을 즐기고 멋진 미니 게임들을 플레이하며 카지노 실력을 연마하세요!
1573360,Infinity Kingdom,True,0,0,0,5,복합적,1274,0.5078,어드벤처|무료 플레이|대규모 멀티플레이어|전략,싱글 플레이어|멀티플레이어|MMO|PvP|온라인 PvP|크로스 플랫폼 멀티플레이어|앱 내 구매|가족 공유,싱글 플레이어|멀티플레이어|PvP,13,2021년 7월 1일,YOUZU (SINGAPORE) PTE. LTD.,YOUZU (SINGAPORE) PTE. LTD.,https://shared.akamai.steamstatic.com/store_item_assets/steam/apps/1573360/header.jpg?t=1761837583,"Conquer the city, discover the Infinity! Infinity Kingdom is a cartoon-style mmo strategy game. As a resourceful lord, you must defend the land of Norheim against the evil gnomes while protecting yourself from other invading players!"
1839060,Polylithic,False,16000,10400,35,5,복합적,259,0.6795,어드벤처|인디,싱글 플레이어|멀티플레이어|협동|온라인 협동|Steam 도전 과제|컨트롤러 완벽 지원|DUALSHOCK 컨트롤러 지원|DualSense 컨트롤러 지원|Steam Cloud|가족 공유,싱글 플레이어|멀티플레이어|협동|온라인 협동,9,2026년 8월 25일,polyperfect,indie.io,https://shared.akamai.steamstatic.com/store_item_assets/steam/apps/1839060/4e4776aa3bdbd477f1c54709b63b715adc32e2a2/header_alt_assets_0.jpg?t=1787681137,"Polylithic은 인류 역사상 가장 결정적인 순간을 배경으로 한 독보적인 생존 게임입니다. 구석기 수렵채집민으로 살아가고, 신석기 농부로 정착하고, 협동 멀티플레이로 부족을 이루거나, 최상위 포식자가 아직 먼 목표인 세계를 홀로 헤쳐 나가세요."
10,Counter-Strike,False,10500,10500,0,9,압도적으로 긍정적,261483,0.974,액션,멀티플레이어|PvP|온라인 PvP|스크린 공유 및 분할 PvP|색상 대체|음량 개별 조절|키보드 전용 옵션|스테레오 사운드|Valve Anti-Cheat 사용|가족 공유,멀티플레이어|PvP,8,2000년 11월 1일,Valve,Valve,https://shared.akamai.steamstatic.com/store_item_assets/steam/apps/10/header.jpg?t=1745368572,"세계 최고의 온라인 액션 게임을 즐기세요. 전 세계적으로 유명한 팀 기반의 게임에서 테러리스트가 벌이는 생생한 전투의 현장에 흠뻑 빠지세요. 팀 동료들과 협력하여 전략적인 미션을 완수하고, 적군 기지를 점령하고 인질을 구출해보세요. 여러분의 임무는 아군의 성패를 좌우하고 아군의 성패는 여러분의 임무를 결정합니다."
2134390,CLOUD DWELLERS,False,10500,9240,12,8,매우 긍정적,90,0.8556,캐주얼|인디|시뮬레이션|전략|앞서 해보기,싱글 플레이어|음량 개별 조절|난이도 조정|퀵타임 이벤트 없이 플레이 가능|수시 저장|가족 공유,싱글 플레이어,11,2026년 4월 17일,XinZhi,Xinzhi,https://shared.akamai.steamstatic.com/store_item_assets/steam/apps/2134390/3b5becda29ff1ada5182aee885948ae6e2c106b3/header.jpg?t=1787162014,"클라우드드웰러스는 떠다니는 섬으로 이루어진 세계를 배경으로 하는 2D 시뮬레이션 및 도시 건설 게임입니다. 정착민들을 이끌어 기술을 활용하고, 생산을 최적화하며, 파편화된 하늘을 번영하고 아름답게 조성된 공중 낙원으로 탈바꿈시키세요."
1566690,Outpost: Infinity Siege,False,27000,27000,0,5,복합적,13626,0.6532,액션|전략,싱글 플레이어|멀티플레이어|협동|온라인 협동|Steam 도전 과제|Steam Cloud|가족 공유,싱글 플레이어|멀티플레이어|협동|온라인 협동,7,2024년 3월 26일,Team Ranger,Lightning Games,https://shared.akamai.steamstatic.com/store_item_assets/steam/apps/1566690/header.jpg?t=1747043120,"자신의 이동초소를 지휘해 보세요. 'XEN'을 들고 위험천만한 '천인' 감시 지역에 잠입하여 희귀한 무기 부품을 수집하여 전투력을 높이세요. 타워 디펜스, FPS, RTS 등 다양한 장르가 융합된 이곳에서 유연한 대처로 몰려오는 적군들을 물리쳐 보세요. 멀티 협력 모드에서 동료들과 협력하여 전방의 위기와 도전을 극복하고, '천인'으로부터 영토를 되찾으세요!"
3126500,States of Power,False,13000,11050,15,8,매우 긍정적,166,0.9036,시뮬레이션|전략,싱글 플레이어|멀티플레이어|카메라 움직임 조정|음량 개별 조절|난이도 조정|마우스 전용 옵션|퀵타임 이벤트 없이 플레이 가능|수시 저장|레벨 에디터 포함|가족 공유,싱글 플레이어|멀티플레이어,9,2026년 8월 26일,Sarunas,Sarunas,https://shared.akamai.steamstatic.com/store_item_assets/steam/apps/3126500/72c4866ddafdb16353379d620c31347f4f49a5a5/header.jpg?t=1787996571,"Command your nation's armies, economy, and diplomacy in this WWII Grand Strategy Wargame. Easy to start, hard to master and a full match fits in one session. Play singleplayer and multiplayer, or create, play and share your own custom scenarios with the built-in Scenario Editor."
376680,Splendor,False,11000,11000,0,6,대체로 긍정적,1502,0.7909,캐주얼|전략,싱글 플레이어|멀티플레이어|PvP|온라인 PvP|스크린 공유 및 분할 PvP|공유 및 분할 화면|크로스 플랫폼 멀티플레이어|Steam 도전 과제|Steam 순위표|Remote Play Together|가족 공유,싱글 플레이어|멀티플레이어|PvP,3,2015년 9월 17일,Days of Wonder,Twin Sails Interactive|Days of Wonder,https://shared.akamai.steamstatic.com/store_item_assets/steam/apps/376680/header.jpg?t=1742483733,The OFFICIAL digital adaptation of the best-selling board game. ** ONLINE MULTIPLAYER NOW AVAILABLE !!! **
648350,쥬라기 월드 에볼루션,False,46400,46400,0,8,매우 긍정적,55270,0.8744,시뮬레이션|전략,싱글 플레이어|Steam 도전 과제|컨트롤러 완벽 지원|Steam 트레이딩 카드|Steam Cloud|Remote Play TV|가족 공유,싱글 플레이어,12,2018년 6월 11일,Frontier Developments,Frontier Developments,https://shared.akamai.steamstatic.com/store_item_assets/steam/apps/648350/header.jpg?t=1750957705,"쥬라기 스토리의 한 가운데에 뛰어들어 직접 쥬라기 월드를 창조하세요. 스스로 생각하고, 느끼고, 주변 환경에 지능적으로 반응하는 공룡을 생명 공학으로 탄생시키고, 생명이 언제나 길을 찾아내는 미지의 세계에서 내부 배신자, 정전, 재앙적인 열대 폭풍의 위협을 해결하세요."
3247080,UNLIGHT:Revive,True,0,0,0,5,복합적,1688,0.548,RPG|무료 플레이,싱글 플레이어|멀티플레이어|PvP|온라인 PvP|Steam 도전 과제|앱 내 구매|가족 공유,싱글 플레이어|멀티플레이어|PvP,4,2024년 12월 6일,UNLIGHT LLC,UNLIGHT LLC,https://shared.akamai.steamstatic.com/store_item_assets/steam/apps/3247080/header.jpg?t=1766120364,This is a story-centered competitive training card game.
1385380,Across the Obelisk,False,22000,22000,0,8,매우 긍정적,13078,0.8033,어드벤처|인디|RPG|전략,싱글 플레이어|멀티플레이어|협동|온라인 협동|Steam 도전 과제|Steam Cloud|Steam 순위표|가족 공유,싱글 플레이어|멀티플레이어|협동|온라인 협동,8,2022년 8월 16일,Dreamsite Games,Paradox Interactive|Paradox Arc,https://shared.akamai.steamstatic.com/store_item_assets/steam/apps/1385380/header.jpg?t=1781697686,"협동 로그라이트 덱 빌딩에서는 모든 선택이 중요합니다! 강력한 덱을 만들고, 홀로 또는 최대 3명의 친구와 함께하세요. Across the Obelisk에서 파티에게 영광을 안겨줄 방법을 구상하고 전술 전투에서 승리해 세넨시아 왕국을 구하세요!"
1426450,Age of Darkness: Final Stand,False,29500,29500,0,6,대체로 긍정적,10628,0.744,전략,싱글 플레이어|멀티플레이어|협동|온라인 협동|Steam 도전 과제|Steam 트레이딩 카드|Steam Cloud|가족 공유,싱글 플레이어|멀티플레이어|협동|온라인 협동,8,2025년 1월 15일,PlaySide,PlaySide,https://shared.akamai.steamstatic.com/store_item_assets/steam/apps/1426450/header.jpg?t=1776236491,"Age of Darkness: Final Stand is a dark fantasy survival RTS where you must illuminate, build and defend humanity’s last bastion against hordes of Nightmares. Set in the remnants of a kingdom consumed by a deadly fog, you decide. Will you hide in the light? Or take back your world."
1604270,Broken Arrow,False,53000,53000,0,5,복합적,34953,0.5461,전략,싱글 플레이어|멀티플레이어|PvP|온라인 PvP|협동|온라인 협동|Steam 도전 과제|Steam 트레이딩 카드|Steam 창작마당|텍스트 크기 조정|음량 개별 조절|난이도 조정|마우스 전용 옵션|퀵타임 이벤트 없이 플레이 가능|자막 옵션|Steam Cloud|레벨 에디터 포함,싱글 플레이어|멀티플레이어|협동|온라인 협동|PvP,13,2025년 6월 19일,Steel Balalaika,Slitherine Ltd.,https://shared.akamai.steamstatic.com/store_item_assets/steam/apps/1604270/6eaa69efdc71c74fad5c8e1c028648989bc22ff5/header_alt_assets_4.jpg?t=1785789718,"Broken Arrow는 대규모 실시간 현대전 전술 게임으로, 복잡한 연합군 전쟁 시뮬레이션과 액션 중심의 실시간 전술 게임플레이를 결합한 작품입니다."
2389170,Huaxia: Warring States,False,21000,21000,0,5,복합적,755,0.6464,액션|인디|RPG|시뮬레이션|전략|앞서 해보기,싱글 플레이어|Steam 도전 과제|텍스트 크기 조정|카메라 움직임 조정|음량 개별 조절|난이도 조정|퀵타임 이벤트 없이 플레이 가능|수시 저장|Steam Cloud|가족 공유,싱글 플레이어,7,2026년 4월 28일,秦川汉渚,秦川汉渚,https://shared.akamai.steamstatic.com/store_item_assets/steam/apps/2389170/6a203932eafc553fc31ab7ccaea8a867daa90730/header_koreana.jpg?t=1787207861,HUAXIA: Warring States 서사시를 개척하라. 부족을 세우고 땅을 정복하며 제국을 건설하라. 천지의 운명은 당신의 손안에 달렸다.
3419220,Dungeon Warfare 3,False,20500,10250,50,6,대체로 긍정적,677,0.7858,액션|전략,싱글 플레이어|Steam 도전 과제|컨트롤러 완벽 지원|Steam Cloud|가족 공유,싱글 플레이어,11,2025년 8월 29일,Excidium Inc.|Valsar,Excidium Inc.,https://shared.akamai.steamstatic.com/store_item_assets/steam/apps/3419220/header.jpg?t=1767088236,"끝없이 몰려오는 탐욕스러운 모험가들에 맞서, 신비로운 세계를 재건하고 강력한 방어선을 설계하는 궁극의 K-디펜스 게임에 뛰어드십시오! 잃어버린 세계를 되찾고, 치명적인 함정을 배치해 적들을 물리치세요."
3242950,Outworld Station,False,20500,20500,0,8,매우 긍정적,842,0.8468,인디|시뮬레이션|전략,싱글 플레이어|멀티플레이어|협동|온라인 협동|Steam 도전 과제|Steam Cloud|가족 공유,싱글 플레이어|멀티플레이어|협동|온라인 협동,11,2026년 5월 5일,Trickjump Games Ltd,Trickjump Games Ltd,https://shared.akamai.steamstatic.com/store_item_assets/steam/apps/3242950/e5e55c6f4b10303151dc964950b78b9ea501e7ac/header_alt_assets_1.jpg?t=1786016284,Take the helm as a new Station Commander and exploit an alien star system in this stunning space-station factory automation game. Amass resources and construct starships using increasingly advanced manufacturing and expand your station in a hostile universe.
2140020,스트롱홀드: 결정판,False,16500,4950,70,8,매우 긍정적,10340,0.865,시뮬레이션|전략,싱글 플레이어|멀티플레이어|PvP|온라인 PvP|Steam 도전 과제|Steam 트레이딩 카드|Steam 창작마당|음량 개별 조절|난이도 조정|마우스 전용 옵션|퀵타임 이벤트 없이 플레이 가능|수시 저장|Steam Cloud|레벨 에디터 포함|가족 공유,싱글 플레이어|멀티플레이어|PvP,17,2023년 11월 7일,Firefly Studios,Firefly Studios,https://shared.akamai.steamstatic.com/store_item_assets/steam/apps/2140020/header.jpg?t=1765193939,"안녕하세요, 영주님! 당신의 요새가 당신을 기다립니다. 성 경제를 구축하고, 흉악한 악당을 포위하고, 모든 것이 시작된 '성 시뮬레이션'의 근본으로 돌아가세요. 업그레이드된 비주얼, 현대화된 게임 플레이, Steam 멀티플레이어 및 새로운 캠페인과 함께 이 클래식 RTS를 경험하세요."
4292950,Shao Song I,False,16000,12800,20,8,매우 긍정적,2728,0.8266,RPG|시뮬레이션|전략,싱글 플레이어|가족 공유,싱글 플레이어,1,2026년 8월 19일,互动之星|猫眼娱乐,猫眼娱乐|互动之星,https://shared.akamai.steamstatic.com/store_item_assets/steam/apps/4292950/dfd52caf6453e43b4d613a662064aca4924a7858/header.jpg?t=1787918118,"Experience an immersive live-action historical game. Reincarnate as Southern Song’s controversial Emperor Zhao Gou, where every choice shapes the dynasty’s fate. Amid Jingkang’s ruin, defy destiny, restore your homeland and stand firm with the oath: The Song may fall, but the realm shall never fall!"
2509200,ERA ONE,False,32000,25600,20,8,매우 긍정적,1557,0.8722,전략|앞서 해보기,싱글 플레이어|가족 공유,싱글 플레이어,11,2025년 8월 6일,Team Complex LTD,Team Complex LTD,https://shared.akamai.steamstatic.com/store_item_assets/steam/apps/2509200/45da35e5ff9fac78b3d2751a3af7688e23e26d15/header.jpg?t=1786018669,"Era One is an innovative space game that combines elements of real-time strategy, base building, space survival, and tactical battles. Players can create and customize their bases from scratch, construct various types of structures and warships, manage fleets, and engage in tactical space battles."
2492290,언커버 더 스모킹 건,False,24000,24000,0,8,매우 긍정적,448,0.9621,어드벤처|캐주얼|인디|시뮬레이션|전략,싱글 플레이어|Steam 도전 과제|Steam 트레이딩 카드,싱글 플레이어,11,2024년 6월 23일,"ReLU Games, Inc.","ReLU Games, Inc.|KRAFTON, Inc.",https://shared.akamai.steamstatic.com/store_item_assets/steam/apps/2492290/header.jpg?t=1760355284,"AI와의 지능 대결, GPT를 통해 용의자 로봇과 대화를 하면서 증거를 수집하고 사건을 해결 해야 합니다. 수많은 대화와 정보들이 모여서 가리키는 단 하나의 진실은 무엇일까요?"
1765300,얼티밋 좀비 디펜스 2,False,11000,11000,0,6,대체로 긍정적,732,0.7828,액션|어드벤처|캐주얼|인디|전략,싱글 플레이어|멀티플레이어|협동|온라인 협동|크로스 플랫폼 멀티플레이어|Steam 도전 과제|컨트롤러 완벽 지원|DUALSHOCK 컨트롤러 지원|DUALSHOCK 컨트롤러 지원|DualSense 컨트롤러 지원|DualSense 컨트롤러 지원|Steam Cloud|Steam 순위표|가족 공유,싱글 플레이어|멀티플레이어|협동|온라인 협동,16,2025년 11월 20일,Terror Dog Studio,Terror Dog Studio,https://shared.akamai.steamstatic.com/store_item_assets/steam/apps/1765300/header_koreana.jpg?t=1763629472,"4 플레이어 코옵, 좀비 학살, 기지 건설, 보스 배틀 난투극! 얼티밋 좀비 디펜스 2 의 함정과 방어막으로 감염자들의 웨이브를 물리치고 기지를 업그레이드하세요!"
363150,삼국지13,False,63800,63800,0,5,복합적,7613,0.5801,시뮬레이션,싱글 플레이어|Steam Cloud|가족 공유,싱글 플레이어,4,2016년 1월 27일,"KOEI TECMO GAMES CO., LTD.","KOEI TECMO GAMES CO., LTD.",https://shared.akamai.steamstatic.com/store_item_assets/steam/apps/363150/header_koreana.jpg?t=1760589032,"『삼국지13』은 「이것이야말로 삼국지, 백화요란의 영걸극」을 컨셉으로, 전 무장 플레이를 통한 영걸들의 “인간 드라마”, 장대한 전투를 재현한 “스펙타클” 전투, 광활한 중국 대륙을 풀 3D로 표현한 “역동성”을 통해, 지금 이상으로 「삼국지」의 세계를 체험할 수 있는 작품입니다."
2019300,Dokimon Quest,False,16500,8250,50,6,대체로 긍정적,714,0.7549,어드벤처|캐주얼|RPG|전략,싱글 플레이어|Steam 도전 과제|컨트롤러 완벽 지원|Steam Cloud|Steam 순위표|가족 공유,싱글 플레이어,5,2024년 11월 22일,Yanako RPGs,Yanako RPGs,https://shared.akamai.steamstatic.com/store_item_assets/steam/apps/2019300/header.jpg?t=1787586999,"A monster-taming RPG meets GBC-era nostalgia. Capture and train 140+ Dokimon across 15+ towns. ""Whoa, watch out — Dokimon are dangerous!"" Uncover the mystery behind your missing childhood friend in the Xelos region."
493340,플래닛 코스터,False,48750,48750,0,8,매우 긍정적,72149,0.9134,액션|어드벤처|캐주얼|시뮬레이션|전략,싱글 플레이어|Steam 도전 과제|Steam 트레이딩 카드|Steam 창작마당|Steam Cloud|가족 공유,싱글 플레이어,9,2016년 11월 17일,Frontier Developments|Aspyr (Mac),Frontier Developments|Aspyr (Mac),https://shared.akamai.steamstatic.com/store_item_assets/steam/apps/493340/header.jpg?t=1782480201,"Planet Coaster® - 코스터 공원 시뮬레이션 게임의 미래가 도래했습니다! 코스터 공원의 제국을 건설하여 환상적인 손님들에게 놀라움과 기쁨, 스릴을 선사하세요. 상상의 나래를 마음껏 펼치고 성공적인 작품을 세상에 공유하세요."
1597480,Zombie Gunship Survival,True,0,0,0,5,복합적,2339,0.5041,액션|무료 플레이,싱글 플레이어|앱 내 구매|컨트롤러 일부 지원|가족 공유,싱글 플레이어,12,2021년 9월 22일,Flaregames,Flaregames,https://shared.akamai.steamstatic.com/store_item_assets/steam/apps/1597480/header.jpg?t=1740474300,"대재앙이 지나갔습니다. 우리에게 남은 것은 살아남으려는 의지, 끝없이 밀려오는 좀비 무리, 그리고 그들을 모두 산산조각으로 만들어 버리기에 충분한 총알들 뿐입니다."
3124340,데메오 x 던전즈 & 드래곤즈: 배틀마크트 (Demeo x Dungeons & Dragons: Battlemarked),False,32000,32000,0,8,매우 긍정적,1370,0.8328,어드벤처|RPG|전략,싱글 플레이어|멀티플레이어|협동|온라인 협동|크로스 플랫폼 멀티플레이어|Steam 도전 과제|컨트롤러 완벽 지원|추적되는 컨트롤러 지원|VR 지원|DualSense 컨트롤러 지원|DualSense 컨트롤러 지원|가족 공유,싱글 플레이어|멀티플레이어|협동|온라인 협동,11,2025년 11월 20일,Resolution Games,Resolution Games,https://shared.akamai.steamstatic.com/store_item_assets/steam/apps/3124340/2c2c8a669cef63e8c46505bedda8fda57d559d71/header.jpg?t=1787574339,전략성과 협동 요소를 두루 갖춘 D&D 기반 RPG. 테이블 톱으로 펼쳐지는 판타지 모험을 떠나세요. 떠나고 싶을 때 떠나는 나만의 퀘스트입니다.
3320,Insaniquarium Deluxe,False,5000,5000,0,9,압도적으로 긍정적,6820,0.968,캐주얼,싱글 플레이어|가족 공유,싱글 플레이어,1,2006년 8월 30일,"PopCap Games, Inc.","PopCap Games, Inc.|Electronic Arts",https://shared.akamai.steamstatic.com/store_item_assets/steam/apps/3320/header.jpg?t=1615205929,"The craziest aquarium game ever! Tend to your fish, keep them happy and they'll reward you with coins and jewels. Buy tank upgrades or egg parts which hatch different in-tank pets. These pets can help you feed your fish, collect coins, or even protect against the aliens that will invade your tank."
3590,Plants vs. Zombies GOTY Edition,False,5000,5000,0,9,압도적으로 긍정적,155430,0.977,전략,싱글 플레이어|Steam 도전 과제|Remote Play 휴대전화|Remote Play 태블릿|가족 공유,싱글 플레이어,1,2009년 5월 5일,"PopCap Games, Inc.","PopCap Games, Inc.|Electronic Arts",https://shared.akamai.steamstatic.com/store_item_assets/steam/apps/3590/header.jpg?t=1777394124,"Bejeweled와 Peggle의 제작사인 PopCap의 신개념 액션-전략 게임! 좀비들이 당신의 집을 침략하려는 마당에, 그에 대한 유일한 방어책은 여러분의 식물 군단입니다! Peashooter와 Cherry Bomb 같은 좀비 패는 식물들로 무장하세요. 재빠르게 판단하고 식물을 심어 몰려오는 좀비를 막아내세요. 오싹한 안개, 지는 태양, 수영장 등의 방해 요소들과 게임에 전념할 수 있게 만드는 5개의 모드가 새로운 도전 요소로 추가됐습니다. 고로 재미는 절대 죽지 않을 것입니다!"
2068280,Nordic Ashes: Survivors of Ragnarok,False,11000,6600,40,8,매우 긍정적,6325,0.8825,액션|어드벤처|캐주얼|인디|RPG|전략,싱글 플레이어|Steam 도전 과제|컨트롤러 완벽 지원|Steam 트레이딩 카드|Steam Cloud|가족 공유,싱글 플레이어,17,2024년 4월 26일,Noxfall Studios,Noxfall Studios,https://shared.akamai.steamstatic.com/store_item_assets/steam/apps/2068280/b35709a035b6a356b149d495e6e05c29d9aea4ea/header_alt_assets_0.jpg?t=1780908930,"노르딕 애쉬: 라그나로크의 생존자는 북유럽에서 영감을 받은 도전적인 로그라이트 서바이벌 게임으로, 다가오는 수많은 크리처로부터 살아남아야 합니다."
1100410,Commandos 2 - HD Remaster,False,23600,23600,0,5,복합적,2459,0.573,전략,싱글 플레이어|Steam 도전 과제|컨트롤러 완벽 지원|가족 공유,싱글 플레이어,11,2020년 1월 24일,Yippee! Entertainment|Pyro Studios,Kalypso Media,https://shared.akamai.steamstatic.com/store_item_assets/steam/apps/1100410/header.jpg?t=1768230333,Relive the real-time tactics masterpiece that defined the genre like no other: Commandos 2 - HD Remaster is a true homage to one of gaming’s most celebrated masterpieces.
1862520,바둑,False,10500,10500,0,8,매우 긍정적,3312,0.9278,캐주얼|인디|시뮬레이션|전략,싱글 플레이어|멀티플레이어|PvP|온라인 PvP|스크린 공유 및 분할 PvP|협동|스크린 공유 및 분할 협동|공유 및 분할 화면|Steam 도전 과제|Steam Cloud|통계|Steam 순위표|Remote Play Together|가족 공유,싱글 플레이어|멀티플레이어|협동|PvP,8,2022년 8월 9일,Studio Amateur,Studio Amateur,https://shared.akamai.steamstatic.com/store_item_assets/steam/apps/1862520/header.jpg?t=1770244554,게임을 통해 초보부터 탑 바둑 선수까지 모든 수준을 경험하고 주요 바둑 리그에서 본인의 재능을 펼치세요! 또한 이 게임에는 역사적으로 주목할만한 바둑 경기가 포함되어 있으며 초보자를 위한 풀더빙 튜토리얼을 통해 바둑의 매력을 느끼실 수 있습니다.
736260,Baba Is You,False,15500,15500,0,9,압도적으로 긍정적,24528,0.9772,인디,싱글 플레이어|Steam 도전 과제|DUALSHOCK 컨트롤러 지원|DUALSHOCK 컨트롤러 지원|DualSense 컨트롤러 지원|DualSense 컨트롤러 지원|컨트롤러 일부 지원|Steam Cloud|Remote Play 휴대전화|Remote Play 태블릿|Remote Play TV|가족 공유,싱글 플레이어,18,2019년 3월 13일,Hempuli Oy,Hempuli Oy,https://shared.akamai.steamstatic.com/store_item_assets/steam/apps/736260/header.jpg?t=1760102539,Baba Is You는 상호작용 가능한 블럭의 형태로 제시되는 게임의 규칙을 바꿔가며 풀어 나가는 퍼즐 게임입니다. 규칙을 바꿈으로써 당신은 게임의 작동 방법을 바꾸고 때로는 예상치 못한 신기한 모습으로 변화시킬 수 있습니다!
3769130,Keep on Mining!,False,5600,5600,0,8,매우 긍정적,8337,0.9356,캐주얼|인디,싱글 플레이어|Steam 도전 과제|음량 개별 조절|마우스 전용 옵션|퀵타임 이벤트 없이 플레이 가능|Steam Cloud|가족 공유,싱글 플레이어,11,2025년 7월 30일,EagleEye Games,EagleEye Games,https://shared.akamai.steamstatic.com/store_item_assets/steam/apps/3769130/320ecc31730377d03c319b411fbf9ee95908d3c2/header.jpg?t=1779084143,"Keep on Mining! 은 짧은 증분형 채굴 게임입니다. 바위를 캐고, 재료를 모으고, 유물을 발견하고, 곡괭이를 제작하며, 거대한 스킬 트리에서 재료를 사용해 영구 업그레이드를 구매하세요!"
1530850,A Little Age,False,16000,13600,15,5,복합적,20,0.5,캐주얼|인디|시뮬레이션|전략,싱글 플레이어|Steam 도전 과제|가족 공유,싱글 플레이어,3,2026년 8월 28일,Benerot,Benerot,https://shared.akamai.steamstatic.com/store_item_assets/steam/apps/1530850/8636dcdf379c8f198cea8cecb05c8bd2339db4fb/header.jpg?t=1787991085,"A cozy minimalist city builder about expanding a network of settlements, each with its own little economy. Manage the flow of resources between them at your own pace, and pause at any time. Watch a civilization emerge as your settlements work together to raise a great temple and claim the land."
3784030,RACCOIN: Coin Pusher Roguelike,False,13500,13500,0,8,매우 긍정적,4581,0.8245,캐주얼|인디|시뮬레이션|전략,싱글 플레이어|Steam 도전 과제|컨트롤러 완벽 지원|Steam 트레이딩 카드|카메라 움직임 조정|음량 개별 조절|난이도 조정|마우스 전용 옵션|#category_playable_at_your_own_pace|DUALSHOCK 컨트롤러 지원|DUALSHOCK 컨트롤러 지원|DualSense 컨트롤러 지원|DualSense 컨트롤러 지원|수시 저장|스테레오 사운드|Steam Cloud|가족 공유,싱글 플레이어,10,2026년 3월 31일,Doraccoon ,Playstack,https://shared.akamai.steamstatic.com/store_item_assets/steam/apps/3784030/441ff79feb6f3e92a5a6ed4a1d4b89c79e275644/header.jpg?t=1786037377,"코인 푸셔 도파민 생성기. RACCOIN은 로그라이크 덱 빌더로, 특별한 코인과 강력한 아이템을 조합하여 만족스러운 콤보를 만드는 게임입니다. 빛나는 타워를 쌓고, 행운의 휠을 돌리고, 모든 코인이 떨어질 때까지 기계를 흔드세요."
3772240,Void Miner – Incremental Asteroids Roguelite,False,6700,4020,40,8,매우 긍정적,678,0.8333,액션|어드벤처|캐주얼|인디|시뮬레이션|전략,싱글 플레이어|Steam 도전 과제|컨트롤러 완벽 지원|카메라 움직임 조정|음량 개별 조절|퀵타임 이벤트 없이 플레이 가능|DUALSHOCK 컨트롤러 지원|DUALSHOCK 컨트롤러 지원|DualSense 컨트롤러 지원|DualSense 컨트롤러 지원|수시 저장|가족 공유,싱글 플레이어,30,2025년 11월 16일,RyanJakob,RyanJakob,https://shared.akamai.steamstatic.com/store_item_assets/steam/apps/3772240/0ccf11dcb42acfba6cc6d43d71ce37fa02840b8c/header.jpg?t=1787762328,"폭파. 수집. 업그레이드. 반복. Void Miner는 레트로 스타일의 로그라이트 소행성 슈터: 우주선을 조종하고 자동 포탑을 관리하여 끝없는 소행성 지대를 파괴. 피하고, 쏘고, 수집하며 빠른 루프 진행."
2620240,스펙트럴 스크림,False,9900,5940,40,6,대체로 긍정적,737,0.7815,액션|어드벤처|인디|전략,싱글 플레이어|멀티플레이어|협동|온라인 협동|Steam 도전 과제|VR 지원|가족 공유,싱글 플레이어|멀티플레이어|협동|온라인 협동,14,2024년 8월 28일,STOIC Ent.,STOIC Ent.,https://shared.akamai.steamstatic.com/store_item_assets/steam/apps/2620240/82b2f69c65e023bdc4b6b70a3b6de4ef574b2992/header.jpg?t=1762304621,스펙트럴 스크림은 1-4인 협동 호러 탐험 게임입니다. 연옥의 아귀 속에서 죽음과 맞서 싸울 준비가 되셨나요? 각 챕터의 키 아이템을 찾고 오브를 회수하는 것이 당신의 목표입니다. 하지만 조심하세요! 매 단계마다 위협적이고 흉악한 크리쳐들이 당신을 기다리고 있습니다.
1845910,Dragon Age™: The Veilguard,False,66000,66000,0,5,복합적,44926,0.6817,액션|어드벤처|RPG|전략,싱글 플레이어|Steam 도전 과제|컨트롤러 완벽 지원|Steam 트레이딩 카드|색상 대체|음량 개별 조절|난이도 조정|DualSense 컨트롤러 지원|DualSense 컨트롤러 지원|수시 저장|스테레오 사운드|자막 옵션|서라운드 사운드|Steam Cloud|Remote Play TV|HDR 사용 가능|가족 공유,싱글 플레이어,12,2024년 10월 31일,BioWare,Electronic Arts,https://shared.akamai.steamstatic.com/store_item_assets/steam/apps/1845910/header.jpg?t=1777414790,몰입감 높은 싱글 플레이어 RPG인 Dragon Age™: The Veilguard에서 베일가드를 모아 신들에게 맞서세요.
1372810,팀파이트 매니저,False,11000,11000,0,8,매우 긍정적,5889,0.8675,인디|시뮬레이션|스포츠,싱글 플레이어|멀티플레이어|PvP|온라인 PvP|크로스 플랫폼 멀티플레이어|Steam 도전 과제|컨트롤러 일부 지원|Steam Cloud|가족 공유,싱글 플레이어|멀티플레이어|PvP,8,2021년 3월 1일,Team Samoyed,Team Samoyed,https://shared.akamai.steamstatic.com/store_item_assets/steam/apps/1372810/header.jpg?t=1742638991,팀파이트 매니저는 가상의 E-sports 팀 감독이 되어 선수들을 관리하며 경기를 진행하는 시뮬레이션 게임입니다. 챔피언과 선수의 특성을 파악하여 승리할 수 있는 밴픽을 구성해 보세요! 잘 짜여진 전략은 선수의 실력마저 극복할 수 있습니다.
3509230,Gambonanza,False,15000,9750,35,6,대체로 긍정적,1648,0.7567,캐주얼|시뮬레이션|전략,싱글 플레이어|Steam 도전 과제|컨트롤러 완벽 지원|음량 개별 조절|마우스 전용 옵션|퀵타임 이벤트 없이 플레이 가능|DUALSHOCK 컨트롤러 지원|DUALSHOCK 컨트롤러 지원|DualSense 컨트롤러 지원|DualSense 컨트롤러 지원|스테레오 사운드|Steam Cloud|가족 공유,싱글 플레이어,11,2026년 5월 1일,Blukulélé,Sidekick Publishing|Stray Fawn Publishing,https://shared.akamai.steamstatic.com/store_item_assets/steam/apps/3509230/header.jpg?t=1787236729,"Gambonanza는 작은 보드 위의 체스 기물들이 펼치는 전술 로그라이크 게임입니다. 전통적인 체스는 잊고, 밸런스를 깨부수는 혼돈을 받아들이세요! 돈을 사용해 규칙을 뒤트는 업그레이드, 보드 타일, 기물을 구매하세요. 규칙을 넘나드는 조합을 실험하고, 상징적인 보스들과 맞붙어 보세요!"
431240,Golf With Your Friends,False,15500,1550,90,8,매우 긍정적,75384,0.873,캐주얼|인디|스포츠,싱글 플레이어|멀티플레이어|PvP|온라인 PvP|스크린 공유 및 분할 PvP|공유 및 분할 화면|Steam 도전 과제|Steam 창작마당|컨트롤러 일부 지원|통계|레벨 에디터 포함|Remote Play 휴대전화|Remote Play 태블릿|Remote Play Together|가족 공유,싱글 플레이어|멀티플레이어|PvP,10,2020년 5월 19일,Blacklight Interactive|Team17,Team17,https://shared.akamai.steamstatic.com/store_item_assets/steam/apps/431240/header.jpg?t=1780479958,"친구와 골프를""""은 재미있고, 도전적이고, 최대 12명이 즐길 수 있는 멀티플레이어 미니 골프 게임입니다. 이 게임에는 현재 18홀로 구성된 레벨 9개가 있습니다."
2740170,Horse Racing Manager,False,27000,21600,20,8,매우 긍정적,194,0.8866,인디|레이싱|RPG|시뮬레이션|스포츠|전략|앞서 해보기,싱글 플레이어|Steam 도전 과제|Steam 창작마당|가족 공유,싱글 플레이어,21,2025년 10월 24일,Sheep Meadow Road Games,Sheep Meadow Road Games,https://shared.akamai.steamstatic.com/store_item_assets/steam/apps/2740170/6dbb0fc80206b0d72a35bf74681db12376fcdb61/header.jpg?t=1780518344,"자신만의 경마 마방을 운영하며 미래의 챔피언을 번식·육성하십시오. 다양한 경주로에서 경쟁하고, 재정을 관리하며, 직원을 통솔하고, 경마의 세계에서 영향력을 넓혀가십시오. 야망을 한 번의 선택으로 유산으로 바꾸어 가세요."
346010,Besiege,False,16500,16500,0,9,압도적으로 긍정적,53179,0.9514,인디|시뮬레이션,싱글 플레이어|멀티플레이어|PvP|온라인 PvP|LAN PvP|협동|Steam 도전 과제|Steam 트레이딩 카드|Steam 창작마당|Steam 순위표|레벨 에디터 포함|Remote Play 태블릿|가족 공유,싱글 플레이어|멀티플레이어|협동|PvP,14,2020년 2월 18일,Spiderling Studios,Spiderling Studios,https://shared.akamai.steamstatic.com/store_item_assets/steam/apps/346010/header.jpg?t=1785839167,Besiege는 전투 기계를 만들어 군대를 섬멸하고 성을 파괴하며 까다로운 장애물을 극복하는 물리적 건설 게임입니다. 캠페인을 정복하거나 멀티플레이어에서 친구들과 싸우세요!
1101120,Gunsmith Simulator,False,27000,27000,0,8,매우 긍정적,3268,0.8464,액션|시뮬레이션,싱글 플레이어|Steam 도전 과제|가족 공유,싱글 플레이어,16,2024년 10월 4일,GameHunters,PlayWay S.A.,https://shared.akamai.steamstatic.com/store_item_assets/steam/apps/1101120/977dccfa73be6a160fac567fe6aee317616215c7/header_alt_assets_1.jpg?t=1787850164,"총기 제작자가 되어 자신의 작업장에서 일하는 큰 즐거움을 느껴보십시오! 모든 총기 애호가들이 좋아할 만한 독특한 작품을 만들기 위해서 ,총기를 수리, 복원, 개인 맞춤화해 보십시오."
3872230,주사위의 신,True,0,0,0,4,대체로 부정적,27,0.2222,캐주얼|인디|시뮬레이션|전략|무료 플레이,싱글 플레이어|멀티플레이어|PvP|온라인 PvP|크로스 플랫폼 멀티플레이어|앱 내 구매|음량 개별 조절|마우스 전용 옵션|퀵타임 이벤트 없이 플레이 가능|터치 전용 옵션|가족 공유,싱글 플레이어|멀티플레이어|PvP,5,2025년 12월 3일,TRALA LAB,Joycity,https://shared.akamai.steamstatic.com/store_item_assets/steam/apps/3872230/f935cb3612e3340778dd30063be4b00956bf2b88/header_koreana.jpg?t=1764821179,운명은 굴리는 자의 것! 긴장감 넘치는 실시간 보드 게임 대전!
4500270,Global Protocol: New World Order,False,21000,21000,0,6,대체로 긍정적,80,0.7875,인디|시뮬레이션|전략|앞서 해보기,싱글 플레이어|Steam 트레이딩 카드|Steam 창작마당|텍스트 크기 조정|음량 개별 조절|난이도 조정|마우스 전용 옵션|수시 저장|Steam Cloud|레벨 에디터 포함|HDR 사용 가능|가족 공유,싱글 플레이어,13,2026년 6월 1일,Dorlion Interactive,Dorlion Interactive,https://shared.akamai.steamstatic.com/store_item_assets/steam/apps/4500270/640783e903a50b6273350274be1f7044a86e093c/header.jpg?t=1787176656,"2026년을 배경으로 한 현대 대전략 시뮬레이션에서 모든 국가를 지휘하십시오. 글로벌 권력 균형을 형성하면서 외교, 경제, 첩보 및 전쟁을 관리하십시오. 초강대국을 이끌거나 역동적인 지정학적 샌드박스에서 소국을 글로벌 세력으로 구축하십시오."
653530,Return of the Obra Dinn,False,21500,21500,0,9,압도적으로 긍정적,35070,0.9669,어드벤처|인디,싱글 플레이어|Steam 도전 과제|컨트롤러 완벽 지원|Steam Cloud|Remote Play TV|가족 공유,싱글 플레이어,14,2018년 10월 18일,Lucas Pope,3909,https://shared.akamai.steamstatic.com/store_item_assets/steam/apps/653530/header.jpg?t=1686697594,"항해 중 행방불명, 1803 ~ 상선 오브라 딘 호"
4131730,VHOLUME,False,10000,10000,0,9,압도적으로 긍정적,1838,0.9712,캐주얼|인디,싱글 플레이어|멀티플레이어|PvP|온라인 PvP|Steam 도전 과제|컨트롤러 완벽 지원|Steam 창작마당|카메라 움직임 조정|음량 개별 조절|퀵타임 이벤트 없이 플레이 가능|스테레오 사운드|Steam Cloud|Steam 순위표|가족 공유,싱글 플레이어|멀티플레이어|PvP,12,2026년 8월 21일,Nathan Grange|Léonard Lemaitre|Niels Tiercelin,IronEqual,https://shared.akamai.steamstatic.com/store_item_assets/steam/apps/4131730/1b262360aa9cfa7ce376b2677b3c641556a7254f/header.jpg?t=1787478152,"VHOLUME은 1인칭 파쿠르 어드벤처 게임입니다. 디스토피아적 브루탈리즘 도시를 배경으로, 관료주의가 단순한 일을 하나의 오디세이로 바꾸어 놓는 우울한 여정을 그립니다."
1515210,The Past Within,False,6700,6700,0,8,매우 긍정적,16803,0.9463,어드벤처|인디,멀티플레이어|협동|온라인 협동|크로스 플랫폼 멀티플레이어|Steam 도전 과제|Steam Cloud|가족 공유,멀티플레이어|협동|온라인 협동,23,2022년 11월 2일,Rusty Lake,Rusty Lake,https://shared.akamai.steamstatic.com/store_item_assets/steam/apps/1515210/header.jpg?t=1740070156,"The Past Within은 Rusty Lake의 새로운 2인 팀플레이 게임입니다! 신뢰가 가는 상대방과 함께 플레이해보세요: 한명은 과거에서, 한명은 미래에 있습니다. 주변에 보이는 것들을 관찰하고 상대방과 소통해보세요. 퍼즐을 풀고 Albert Vanderboom의 계획을 밝혀내세요!"
4054100,Sokogram,False,10500,9450,10,7,긍정적,36,0.9722,캐주얼|인디,싱글 플레이어|카메라 움직임 조정|색상 대체|음량 개별 조절|난이도 조정|#category_playable_at_your_own_pace|퀵타임 이벤트 없이 플레이 가능|수시 저장|Steam Cloud|가족 공유,싱글 플레이어,3,2026년 8월 25일,PressGtoGeorge,PressGtoGeorge,https://shared.akamai.steamstatic.com/store_item_assets/steam/apps/4054100/3fcb4a2d231233e4efe864429ce28f7acca448df/header.jpg?t=1787659207,Sokogram merges Nonogram logic grids with Sokoban box-pushing puzzles. Each level blends both systems into one unified challenge with handcrafted designs that reward deduction over guessing.
2010530,MONSTER CARDS,True,0,0,0,8,매우 긍정적,746,0.9383,캐주얼|인디|무료 플레이|앞서 해보기,싱글 플레이어|멀티플레이어|PvP|온라인 PvP|가족 공유,싱글 플레이어|멀티플레이어|PvP,12,2022년 8월 12일,GasaiGames,GasaiGames,https://shared.akamai.steamstatic.com/store_item_assets/steam/apps/2010530/header.jpg?t=1777360773,Bring your original deck of cards and play against everyone!
4255580,Mouse X,False,3000,3000,0,9,압도적으로 긍정적,1200,0.9725,인디|애니메이션과 모델링|디자인과 일러스트레이션|사진 편집|유틸리티,Steam 도전 과제|Steam 창작마당|텍스트 크기 조정|색상 대체|#category_contrast_controls|음량 개별 조절|난이도 조정|키보드 전용 옵션|마우스 전용 옵션|게임 메뉴 음성 안내|#category_playable_at_your_own_pace|퀵타임 이벤트 없이 플레이 가능|#category_playable_without_vision|수시 저장|터치 전용 옵션|Steam Cloud|통계|레벨 에디터 포함,,29,2026년 6월 10일,CenterPoint Gaming,CenterPoint Gaming,https://shared.akamai.steamstatic.com/store_item_assets/steam/apps/4255580/5fd621254719959810093115a5e81af8b2c32d49/header_koreana.jpg?t=1784570068,"매일 보는 마우스 커서, Mouse X로 개성 있게 꾸며보세요. 데스크탑에서 커스텀 라이브 커서를 사용하고, 나만의 커서 스킨을 Steam Workshop에서 공유하세요!"
3300800,HER TREES : PUZZLE DREAM,False,4500,4500,0,9,압도적으로 긍정적,1929,0.9762,어드벤처|인디,싱글 플레이어|색상 대체|음량 개별 조절|마우스 전용 옵션|퀵타임 이벤트 없이 플레이 가능|가족 공유,싱글 플레이어,103,2026년 2월 10일,Stone,Stone,https://shared.akamai.steamstatic.com/store_item_assets/steam/apps/3300800/47b3e7d52056aab7fa4f3c1f0ad3397e37c5d2fa/header.jpg?t=1771280208,HER TREES : PUZZLE DREAM은 물체를 움직이고 결합하여 퍼즐을 푸는 독특한 포인트 앤 클릭 퍼즐 게임입니다.꿈 속에 숨어 있는 기묘한 퍼즐을 풀어보세요.
4406360,영덕 폐가,False,5000,4000,20,6,대체로 긍정적,13,0.7692,어드벤처,싱글 플레이어|가족 공유,싱글 플레이어,4,2026년 8월 28일,Utane|티민이,Working Doves,https://shared.akamai.steamstatic.com/store_item_assets/steam/apps/4406360/92677b44ed0686a71c3029c158ed88623479b405/header.jpg?t=1787914621,"시청자 미션으로 방문한 영덕 폐가, 그곳의 문이 닫히는 순간 장난은 끝났다"
3511030,미니 코지 룸 : Lo-Fi,False,4900,4900,0,9,압도적으로 긍정적,3654,0.968,캐주얼|인디,싱글 플레이어|멀티플레이어|협동|온라인 협동|Steam 도전 과제|Steam Cloud|가족 공유,싱글 플레이어|멀티플레이어|협동|온라인 협동,16,2025년 3월 30일,Tesseract Studio|Nugem Studio,Tesseract Studio,https://shared.akamai.steamstatic.com/store_item_assets/steam/apps/3511030/cd87b96808972f16ff8c7c238d7ef09bad61912f/header_alt_assets_0_koreana.jpg?t=1775038465,"아늑한 나만의 작업실을 꾸며보세요! 『미니 코지 룸 : Lo-Fi』는 마음을 편안하게 하는 Lo-Fi 음악과 방 꾸미기가 합쳐진 작업용 게임입니다. 귀여운 아바타와 펫, 바탕화면에서 편하게 쓸 수 있는 메모, 할일, 뽀모도로 타이머 등은 당신의 작업 효율을 높여줄 것 입니다. 외로울 땐 멀티플레이 모드로 친구들과 함께 작업할 수도 있습니다."
359510,Tangle Tower,False,21500,4300,80,9,압도적으로 긍정적,6667,0.9507,어드벤처|인디,싱글 플레이어|Steam 도전 과제|컨트롤러 완벽 지원|Steam 트레이딩 카드|카메라 움직임 조정|색상 대체|음량 개별 조절|마우스 전용 옵션|퀵타임 이벤트 없이 플레이 가능|DUALSHOCK 컨트롤러 지원|DUALSHOCK 컨트롤러 지원|DualSense 컨트롤러 지원|DualSense 컨트롤러 지원|수시 저장|Steam Cloud|가족 공유,싱글 플레이어,14,2019년 10월 22일,SFB Games,SFB Games,https://shared.akamai.steamstatic.com/store_item_assets/steam/apps/359510/header.jpg?t=1771579217,"이상하면서도 뒤틀린 저택을 조사하여 긴장감 넘치는 미스터리를 풀어가며 호기심이 생기는 단서를 찾고, 특이한 용의자를 심문하고, 특별한 퍼즐을 푸세요. Tangle Tower의 비밀을 밝힐 수 있을까요?"
677160,We Were Here Too,False,11000,11000,0,6,대체로 긍정적,11247,0.7813,어드벤처|캐주얼|인디,멀티플레이어|협동|온라인 협동|크로스 플랫폼 멀티플레이어|Steam 도전 과제|Steam 트레이딩 카드|음량 개별 조절|DUALSHOCK 컨트롤러 지원|DUALSHOCK 컨트롤러 지원|DualSense 컨트롤러 지원|DualSense 컨트롤러 지원|자막 옵션|컨트롤러 일부 지원|Steam Cloud|가족 공유,멀티플레이어|협동|온라인 협동,22,2018년 2월 2일,Total Mayhem Games,Total Mayhem Games,https://shared.akamai.steamstatic.com/store_item_assets/steam/apps/677160/header.jpg?t=1764329780,"죽음 직전, 끝도 없는 폭풍 위로 거대한 건물이 불쑥 그 모습을 드러냅니다. 통신 기반 협동 어드벤처 게임에서 이 어둠의 성에 감추어진 진실을 밝혀보세요."
2054520,Gawr Gura: Quest for Bread,False,8700,7830,10,8,매우 긍정적,120,0.9583,액션|어드벤처|인디,싱글 플레이어|Steam 도전 과제|컨트롤러 완벽 지원|퀵타임 이벤트 없이 플레이 가능|수시 저장|스테레오 사운드|Steam Cloud|가족 공유,싱글 플레이어,1,2026년 8월 27일,Kenny Park,holo Indie,https://shared.akamai.steamstatic.com/store_item_assets/steam/apps/2054520/5f183855ec8c2a47dbed42be54615c58fc1e6744/header.jpg?t=1787961592,Embark on a journey to reunite with your bread in this bite-sized 3D action-platformer featuring everyone's favorite shark!
1366800,Crosshair X,False,10500,10500,0,8,매우 긍정적,45196,0.9334,액션|어드벤처|인디|소프트웨어 교육|유틸리티,캡션 이용 가능|Steam 창작마당|DUALSHOCK 컨트롤러 지원|DUALSHOCK 컨트롤러 지원|DualSense 컨트롤러 지원|DualSense 컨트롤러 지원|컨트롤러 일부 지원|Steam Cloud,,15,2020년 8월 17일,CenterPoint Gaming,CenterPoint Gaming,https://shared.akamai.steamstatic.com/store_item_assets/steam/apps/1366800/463c14a051af6092c30f8fa083c2d7454fb2dab3/header_koreana.jpg?t=1783870581,경쟁 FPS 플레이어를 위한 #1 크로스헤어 오버레이. 커스텀 레티클로 즉시 에임을 업그레이드 — 수천 개의 프로 & 커뮤니티 디자인에서 선택하거나 직접 제작. 수백만 명이 신뢰.
4154510,아시안 부모님의 등굣길 레전드,False,7780,6610,15,5,복합적,57,0.614,액션|어드벤처|캐주얼|인디,싱글 플레이어|멀티플레이어|협동|온라인 협동|Steam 도전 과제|음량 개별 조절|난이도 조정|퀵타임 이벤트 없이 플레이 가능|스테레오 사운드|자막 옵션|가족 공유,싱글 플레이어|멀티플레이어|협동|온라인 협동,12,2026년 8월 25일,Andy Yeet,Kaljag Games|MadOctopus,https://shared.akamai.steamstatic.com/store_item_assets/steam/apps/4154510/a1cbf3b70ad4df2e727ccf789ad53a7018df7e1f/header_koreana.jpg?t=1787836022,"1~4인용 온라인 협동 어드벤처 게임. '라떼는 말이야!' 아시안 부모님들의 전설적인 등굣길 고난을 직접 체험해 보세요. 사이코패스 곰과 싸우고, 물리 법칙을 무시하며, 실패할 때마다 무자비하게 팩트 폭력을 날리는 NPC '타블로 에스코바르'가 주는 ""정서적 데미지""에서 살아남아야 합니다!"
3645890,GONE Fishing,False,10000,8000,20,8,매우 긍정적,3522,0.9097,액션|어드벤처|인디|앞서 해보기,싱글 플레이어|멀티플레이어|협동|온라인 협동|Steam 도전 과제|DualSense 컨트롤러 지원|DualSense 컨트롤러 지원|컨트롤러 일부 지원|가족 공유,싱글 플레이어|멀티플레이어|협동|온라인 협동,14,2025년 6월 15일,GONE Studios,GONE Studios,https://shared.akamai.steamstatic.com/store_item_assets/steam/apps/3645890/c252196c0f0978d1654a551080a347fe9150136e/header.jpg?t=1787662513,GONE Fishing은 친구들과 함께 낚시를 하며 살아남아야 하는 협동 멀티플레이 생존 공포 게임입니다. 살아남기 위한 유일한 방법은 호수의 끝없는 배고픔을 채우는 것입니다. 당신은 그 배고픔을 만족시킬 수 있을까요… 아니면 다음 제물이 될까요?
3417410,Storebound,False,8900,8900,0,6,대체로 긍정적,1375,0.7833,액션|어드벤처|인디,싱글 플레이어|멀티플레이어|협동|온라인 협동|Steam 도전 과제|음량 개별 조절|난이도 조정|퀵타임 이벤트 없이 플레이 가능|DUALSHOCK 컨트롤러 지원|DUALSHOCK 컨트롤러 지원|DualSense 컨트롤러 지원|DualSense 컨트롤러 지원|Steam Input API 지원|스테레오 사운드|컨트롤러 일부 지원|가족 공유,싱글 플레이어|멀티플레이어|협동|온라인 협동,14,2026년 7월 16일,Embers,Embers,https://shared.akamai.steamstatic.com/store_item_assets/steam/apps/3417410/52c5ac6a41e5986c1e9604dc49fab07d42a044f0/header_alt_assets_1_koreana.jpg?t=1784213910,"『스토어바운드』는 저주받은 대형 매장을 배경으로 한 1~3인용 협동 퍼즐 호러 게임입니다. 힘을 합쳐 매장의 뒤틀린 논리를 풀고, 도사리고 있는 공포에 의해 영원히 쇼핑하게 되기 전에 탈출구를 찾으세요."
1557740,ROUNDS,False,6400,3200,50,9,압도적으로 긍정적,44299,0.9527,액션|인디,멀티플레이어|PvP|온라인 PvP|스크린 공유 및 분할 PvP|공유 및 분할 화면|컨트롤러 일부 지원|Remote Play Together|가족 공유,멀티플레이어|PvP,9,2021년 4월 1일,Landfall,Landfall,https://shared.akamai.steamstatic.com/store_item_assets/steam/apps/1557740/header.jpg?t=1759328419,Rounds is a 1v1 rogue-lite shooter where each round gets more intense. The losing player of each round unlocks clever upgrades to create a better build to counter their opponent.
4450620,GRAIN ROT,False,11700,11700,0,8,매우 긍정적,1879,0.8904,액션|인디|시뮬레이션,싱글 플레이어|멀티플레이어|협동|온라인 협동|컨트롤러 완벽 지원|음량 개별 조절|#category_playable_at_your_own_pace|퀵타임 이벤트 없이 플레이 가능|스테레오 사운드|가족 공유,싱글 플레이어|멀티플레이어|협동|온라인 협동,11,2026년 8월 7일,Beck & Branch Games,Neem Interactive,https://shared.akamai.steamstatic.com/store_item_assets/steam/apps/4450620/697974067797577ee1803c37a44b4217d886502a/header.jpg?t=1786114521,"온통 불길에 휩싸인 황무지를 누비는 협동 공포 탈출 건설 게임입니다. 친구들과 함께 계속 변화하는 폐허 속으로 내려가 가구를 뜯어내고, 전리품을 찾아 수색하고, 타락한 존재가 들이닥치기 전에 빠져나오세요. 살아 돌아왔다면 전초기지를 재건해 다음 탐사의 생존 확률을 높이세요."
4689420,Hachishakusama | 八尺様がいた夏休み,False,11390,11390,0,8,매우 긍정적,357,0.9384,어드벤처|캐주얼|인디,싱글 플레이어|Steam 도전 과제|컨트롤러 완벽 지원|색상 대체|키보드 전용 옵션|마우스 전용 옵션|#category_playable_at_your_own_pace|퀵타임 이벤트 없이 플레이 가능|가족 공유,싱글 플레이어,9,2026년 7월 29일,Fukachi World,Fukachi World,https://shared.akamai.steamstatic.com/store_item_assets/steam/apps/4689420/fdf1b49a387b4d8e208b412e602adb153fa6ccac/header.jpg?t=1786630261,"""그녀는 항상 곁에 있다"" 어느 여름의 운명 — 도시 전설 속 8척 귀신(팔척귀신)의 사랑을 받은 소년. 따뜻하면서도 무서운 일본풍 하트풀 호러 게임."
2586440,House 2,False,21500,19350,10,7,긍정적,24,0.9583,액션|어드벤처|인디,싱글 플레이어|Steam 도전 과제|컨트롤러 완벽 지원|게임패드 권장|가족 공유,싱글 플레이어,2,2026년 8월 28일,Bark Bark Games,Glowstick Entertainment,https://shared.akamai.steamstatic.com/store_item_assets/steam/apps/2586440/ff701c2fda8cf6706f0ea9c15f1e0e4fb691619c/header.jpg?t=1787936392,"As a terrible storm rages on, a young girl tries to survive in a HOUSE hell-bent on killing her and her family..."
1061090,Jump King,False,14500,14500,0,8,매우 긍정적,13379,0.8982,액션|어드벤처|인디,싱글 플레이어|Steam 도전 과제|컨트롤러 완벽 지원|Steam Cloud|Remote Play 휴대전화|Remote Play 태블릿|Remote Play TV|가족 공유,싱글 플레이어,10,2019년 5월 3일,Nexile,Nexile,https://shared.akamai.steamstatic.com/store_item_assets/steam/apps/1061090/header.jpg?t=1708097084,"Take up the challenge and face true high-stakes platforming in Jump King! Struggle upwards in search of the Smoking Hot Babe of legend, but explore with care; a single missed jump could lead to a long fall back down..."
1325860,VTube Studio,True,0,0,0,8,매우 긍정적,7279,0.9275,인디|애니메이션과 모델링|동영상 제작,싱글 플레이어|Steam 창작마당,싱글 플레이어,4,2021년 3월 12일,DenchiSoft,DenchiSoft,https://shared.akamai.steamstatic.com/store_item_assets/steam/apps/1325860/header.jpg?t=1750309780,"VTube Studio is all you'll ever need to become a Live2D VTuber, with innovative features such as pinning props to your model and many more still to come."
332570,Amazing Frog?,False,21500,21500,0,8,매우 긍정적,11685,0.9434,액션|어드벤처|인디|앞서 해보기,싱글 플레이어|멀티플레이어|PvP|스크린 공유 및 분할 PvP|협동|스크린 공유 및 분할 협동|공유 및 분할 화면|컨트롤러 완벽 지원|Steam Cloud|Remote Play TV|Remote Play Together|가족 공유,싱글 플레이어|멀티플레이어|협동|PvP,1,2014년 11월 21일,Fayju,Fayju,https://shared.akamai.steamstatic.com/store_item_assets/steam/apps/332570/6d661c0b1c15e3f23c62b6926c5a6e08261f261d/header.jpg?t=1776787593,"Amazing Frog? is an openworld, sandbox, physics game. Grand Frog Auto in Swindon, with farting ragdoll frogs."
1802720,식스타 게이트: 스타트레일,False,24900,24900,0,8,매우 긍정적,1577,0.8624,액션|캐주얼|인디,싱글 플레이어|멀티플레이어|협동|온라인 협동|Steam 도전 과제|가족 공유,싱글 플레이어|멀티플레이어|협동|온라인 협동,3,2024년 12월 30일,Starlike Inc.,Starlike Inc.|Smilegate,https://shared.akamai.steamstatic.com/store_item_assets/steam/apps/1802720/header.jpg?t=1787725607,식스타 게이트: 스타트레일은 우주 항해를 컨셉으로 한 건반형 리듬 게임입니다. 과학 탐사선의 함장이 되어 파트너 「시이」와 함께 광활한 식스타 행성계를 탐사해보세요!
2747330,Species: Unknown,False,11000,11000,0,8,매우 긍정적,10828,0.9464,액션|인디|앞서 해보기,싱글 플레이어|멀티플레이어|협동|온라인 협동|컨트롤러 완벽 지원|Steam Cloud|가족 공유,싱글 플레이어|멀티플레이어|협동|온라인 협동,11,2025년 10월 23일,WanadevStudio,WanadevStudio,https://shared.akamai.steamstatic.com/store_item_assets/steam/apps/2747330/7ace5e7b6e062e635c577464f25d847467f0c6c3/header.jpg?t=1785317996,“종: 미지의 세계”는 1~4인 협동 생존 호러 게임입니다. 버려진 배 위에서 정체불명의 생명체에게 쫓기며 위험한 임무를 완수하세요. 살아남고 장비를 업그레이드하며 어둠 속에서 기다리는 새로운 위협에 맞서 싸우세요.
4883580,The One Fish,False,8700,8700,0,6,대체로 긍정적,162,0.7407,액션|캐주얼|인디|앞서 해보기,싱글 플레이어|멀티플레이어|협동|온라인 협동|가족 공유,싱글 플레이어|멀티플레이어|협동|온라인 협동,1,2026년 8월 12일,re:try ,re:try,https://shared.akamai.steamstatic.com/store_item_assets/steam/apps/4883580/90d8f0372f5f7a4dcfe262659e1fc113cf5a4f0a/header.jpg?t=1786553963,"An online co-op game for 1-6 players where you fish with your friends to feed The One Fish! Catch fish of all shapes, sizes, and whimsical effects to keep up with its ever-growing appetite."
2708150,네개의 빛,False,54500,54500,0,0,사용자 평가 7개,7,1.0,어드벤처|인디,싱글 플레이어|가족 공유,싱글 플레이어,2,2026년 8월 21일,"Tiamant Co., Ltd.","Tiamant Co., Ltd.",https://shared.akamai.steamstatic.com/store_item_assets/steam/apps/2708150/9f52e09989af453845b7dfaf7b385a8486a512a5/header.jpg?t=1787479534,신과 우리들의 루시퍼를 향한 장대한 복수극.
3003460,Bang Bang Barrage,False,8900,8900,0,9,압도적으로 긍정적,1051,0.9591,어드벤처|캐주얼|인디,싱글 플레이어|멀티플레이어|협동|온라인 협동|스크린 공유 및 분할 협동|공유 및 분할 화면|Steam 도전 과제|컨트롤러 완벽 지원|Steam 트레이딩 카드|음량 개별 조절|난이도 조정|마우스 전용 옵션|퀵타임 이벤트 없이 플레이 가능|Steam Cloud|Steam 순위표|Remote Play Together|가족 공유,싱글 플레이어|멀티플레이어|협동|온라인 협동,6,2025년 8월 7일,Monkey Bread,Spiral Up Games,https://shared.akamai.steamstatic.com/store_item_assets/steam/apps/3003460/813cece334d24d5729b2f3bd2f4aaa65b45bb349/header.jpg?t=1786090689,"위험이 도사리는 죽음의 바다... 고작 콩알🔫😮 하나로 크툴루를 상대한다고?! 그대는 홀로 맞설 것인가, 전우와 함께 이겨낼 것인가? (본 게임은 1~4인 로컬/온라인 멀티플레이를 지원합니다)"
424840,Little Nightmares,False,24800,24800,0,8,매우 긍정적,116525,0.9476,어드벤처,싱글 플레이어|Steam 도전 과제|컨트롤러 완벽 지원|Steam 트레이딩 카드|DUALSHOCK 컨트롤러 지원|Steam Cloud|Remote Play TV|가족 공유,싱글 플레이어,13,2017년 4월 27일,Tarsier Studios,BANDAI NAMCO Entertainment,https://shared.akamai.steamstatic.com/store_item_assets/steam/apps/424840/facf9a7a675c6d7f210d96d6b111caffe0386cd5/header.jpg?t=1773135169,"Little Nightmares에서 당신이 어린 시절에 겪었던 공포들과 마주하게 될 공포스럽고도 기묘한 이야기를 경험하세요! 미쳐버린 영혼들이 다음 먹이를 찾아 헤매고 있는 목구멍이라는 이름의 거대하고 신비한 배에서, 여섯 개의 탈출을 도와주세요."
2560240,Biped 2,False,15500,15500,0,5,복합적,1070,0.6467,액션|어드벤처|캐주얼|인디|레이싱|시뮬레이션|전략,싱글 플레이어|멀티플레이어|PvP|온라인 PvP|스크린 공유 및 분할 PvP|협동|온라인 협동|스크린 공유 및 분할 협동|공유 및 분할 화면|크로스 플랫폼 멀티플레이어|Steam 도전 과제|Steam 트레이딩 카드|Steam 창작마당|음량 개별 조절|난이도 조정|퀵타임 이벤트 없이 플레이 가능|DUALSHOCK 컨트롤러 지원|DUALSHOCK 컨트롤러 지원|DualSense 컨트롤러 지원|DualSense 컨트롤러 지원|스테레오 사운드|컨트롤러 일부 지원|Steam Cloud|레벨 에디터 포함|Remote Play Together|가족 공유,싱글 플레이어|멀티플레이어|협동|온라인 협동|PvP,11,2025년 11월 5일,META Publishing|NEXT Studios|PlayJoy Studios,META Publishing,https://shared.akamai.steamstatic.com/store_item_assets/steam/apps/2560240/header.jpg?t=1784640881,"사랑스러운 로봇들의 퍼즐 액션-어드벤처 게임! 미지의 행성을 탐험하고, 1인에서 최대 4인 협동전을 체험해 보세요!"
1328840,Lost in Play,False,16500,3300,80,9,압도적으로 긍정적,9033,0.9801,어드벤처|인디,싱글 플레이어|Steam 도전 과제|컨트롤러 완벽 지원|Steam Cloud|가족 공유,싱글 플레이어,30,2022년 8월 10일,Happy Juice Games,Joystick Ventures,https://shared.akamai.steamstatic.com/store_item_assets/steam/apps/1328840/header.jpg?t=1787045740,남매가 꿈속을 여행하며 마법 생물들과 친구가 되는 기분 좋은 모험을 떠나세요. 상상의 세계 속에서 Toto와 Gal은 함께 퍼즐을 풀고 집으로 돌아가야 합니다. 이 재미있는 퍼즐 어드벤처 게임에서는 마치 만화를 플레이하는 듯한 즐거움을 느낄 수 있죠!
1369630,ENDER LILIES: Quietus of the Knights,False,26500,26500,0,8,매우 긍정적,45685,0.9376,액션|인디|RPG,싱글 플레이어|Steam 도전 과제|컨트롤러 완벽 지원|게임패드 권장|Steam Input API 지원|Steam Cloud|Remote Play 휴대전화|Remote Play 태블릿|Remote Play TV|가족 공유,싱글 플레이어,11,2021년 6월 21일,Live Wire|Adglobe,Binary Haze Interactive,https://shared.akamai.steamstatic.com/store_item_assets/steam/apps/1369630/header.jpg?t=1713433509,"죽음의 비로 인해 멸망한 왕국 ""끝자락의 나라"". 슬프고도 아름다운 이곳에서 펼쳐지는 소녀 릴리와 불사신 기사들의 이야기. 한순간의 방심으로도 목숨을 잃을 수 있는 험난한 전투가 꼬리에 꼬리를 물고 이어지는 본격 횡스크롤 액션 RPG를 만끽하며, 동료와 함께 세계의 진실을 밝혀내세요."
4121170,Fears to Fathom® - Scratch Creek,False,8700,8700,0,6,대체로 긍정적,7879,0.7543,어드벤처|캐주얼|인디,멀티플레이어|협동|온라인 협동|Steam 도전 과제|가족 공유,멀티플레이어|협동|온라인 협동,8,2026년 6월 10일,Rayll,Rayll Studios,https://shared.akamai.steamstatic.com/store_item_assets/steam/apps/4121170/803663dce78da494e9d061cf6652ade566b96331/header.jpg?t=1781141362,"After noticing bone-chilling similarities to an episode of Fears to Fathom, Tessa and Marcus decide to share their own experience. Scratch Creek is an exclusively online co-op experience."
1159830,Scene Investigators,False,27000,27000,0,6,대체로 긍정적,1027,0.7517,어드벤처|인디,싱글 플레이어|Steam 도전 과제|컨트롤러 일부 지원|Steam Cloud|가족 공유,싱글 플레이어,12,2023년 10월 24일,EQ Studios,EQ Studios,https://shared.akamai.steamstatic.com/store_item_assets/steam/apps/1159830/header.jpg?t=1778977493,"Scene Investigators는 ""트루 크라임"" 장르의 팬들을 위한 하드코어 연역 추리 게임입니다. 재현된 범죄 현장에 들어가 증거를 자세하게 관찰하고 범죄 뒤에 숨은 동기를 분석하고 실제로 어떤 일이 일어났는지 밝혀내세요."
638230,Journey,False,18000,4500,75,8,매우 긍정적,38386,0.9409,어드벤처|인디,싱글 플레이어|멀티플레이어|협동|온라인 협동|Steam 도전 과제|컨트롤러 완벽 지원|게임패드 권장|DUALSHOCK 컨트롤러 지원|DUALSHOCK 컨트롤러 지원|DualSense 컨트롤러 지원|DualSense 컨트롤러 지원|Steam Cloud|Remote Play 휴대전화|Remote Play 태블릿|Remote Play TV|가족 공유,싱글 플레이어|멀티플레이어|협동|온라인 협동,18,2020년 6월 11일,thatgamecompany,Annapurna Interactive,https://shared.akamai.steamstatic.com/store_item_assets/steam/apps/638230/header.jpg?t=1729099361,고대의 신비한 Journey의 세계를 탐험하고 유적을 탐험하고 사막을 탐사하며 그 비밀을 발견하세요.
94400,Nidhogg,False,11000,6050,45,8,매우 긍정적,7903,0.9005,액션|인디|스포츠,싱글 플레이어|멀티플레이어|PvP|온라인 PvP|스크린 공유 및 분할 PvP|공유 및 분할 화면|Steam 도전 과제|컨트롤러 완벽 지원|Steam 트레이딩 카드|통계|Steam 순위표|Remote Play TV|Remote Play Together|가족 공유,싱글 플레이어|멀티플레이어|PvP,1,2014년 1월 13일,Messhof,Messhof,https://shared.akamai.steamstatic.com/store_item_assets/steam/apps/94400/header.jpg?t=1744306112,"니드호그는 우아한 곡예와 어색한 찌르기가 가득한, 서사적인 수상 경력의 펜싱 줄다리기 게임으로, 날아다니는 거대한 벌레들도 등장합니다."
2420660,Neva,False,21500,21500,0,8,매우 긍정적,10581,0.9355,액션|어드벤처|인디,싱글 플레이어|Steam 도전 과제|컨트롤러 완벽 지원|Steam 트레이딩 카드|색상 대체|음량 개별 조절|난이도 조정|게임패드 권장|퀵타임 이벤트 없이 플레이 가능|DualSense 컨트롤러 지원|DualSense 컨트롤러 지원|Steam Cloud|가족 공유,싱글 플레이어,14,2024년 10월 15일,Nomada Studio,Devolver Digital,https://shared.akamai.steamstatic.com/store_item_assets/steam/apps/2420660/header.jpg?t=1771587898,여인과 거대 늑대의 평생의 유대감을 통해 급속히 죽어가는 세상을 헤쳐나가는 스릴 넘치는 모험을 시작하면서 감동적인 이야기를 경험하세요.
2296990,우리는 여기에 있었다 탐험대 - 우정의 배,False,4500,2250,50,8,매우 긍정적,24060,0.9006,어드벤처|캐주얼|인디,멀티플레이어|협동|온라인 협동|크로스 플랫폼 멀티플레이어|Steam 도전 과제|음량 개별 조절|DUALSHOCK 컨트롤러 지원|DUALSHOCK 컨트롤러 지원|DualSense 컨트롤러 지원|DualSense 컨트롤러 지원|자막 옵션|컨트롤러 일부 지원|Steam Cloud|가족 공유,멀티플레이어|협동|온라인 협동,23,2023년 9월 14일,Total Mayhem Games,Total Mayhem Games,https://shared.akamai.steamstatic.com/store_item_assets/steam/apps/2296990/header.jpg?t=1764331912,친구와 온라인으로 협동하고 버려진 놀이공원에서 함께 퍼즐을 해결해 우정을 시험해 보세요. 이 독립형 We Were Here 경험에서 협동해 수수께끼를 함께 풀어나가 보세요.
337320,Paint the Town Red,False,21500,21500,0,9,압도적으로 긍정적,32481,0.9598,액션|인디,싱글 플레이어|멀티플레이어|협동|온라인 협동|크로스 플랫폼 멀티플레이어|Steam 도전 과제|컨트롤러 완벽 지원|VR 지원|Steam 트레이딩 카드|Steam 창작마당|DUALSHOCK 컨트롤러 지원|DUALSHOCK 컨트롤러 지원|DualSense 컨트롤러 지원|DualSense 컨트롤러 지원|Steam Cloud|Steam 순위표|레벨 에디터 포함|가족 공유,싱글 플레이어|멀티플레이어|협동|온라인 협동,27,2021년 7월 29일,South East Games,South East Games,https://shared.akamai.steamstatic.com/store_item_assets/steam/apps/337320/header.jpg?t=1747124279,"Paint the Town Red is a chaotic first person melee combat game set in different locations and time periods. The voxel-based enemies can be punched, bashed, kicked, stabbed and sliced completely dynamically using almost anything that isn't nailed down."
2062430,BALL x PIT,False,16500,16500,0,9,압도적으로 긍정적,26805,0.9524,액션|인디,싱글 플레이어|Steam 도전 과제|컨트롤러 완벽 지원|DUALSHOCK 컨트롤러 지원|DUALSHOCK 컨트롤러 지원|DualSense 컨트롤러 지원|DualSense 컨트롤러 지원|Steam Cloud|Steam 순위표|가족 공유,싱글 플레이어,16,2025년 10월 15일,Kenny Sun and Friends,Devolver Digital,https://shared.akamai.steamstatic.com/store_item_assets/steam/apps/2062430/5e7885a3802fe7d38b92fdeb44888b4828a842ba/header_alt_assets_2.jpg?t=1786035856,"BALL x PIT은 벽돌을 깨고, 공을 융합하고, 기지를 건설하는 서바이벌 로그라이트 게임입니다. 튕겨 나가는 공으로 적 무리를 공격하고, 구덩이의 자원을 모아 농장을 확장하고, 물자를 생산하며 유니크한 영웅을 모집하세요."
4332910,뒤틀린 생존 파티,False,5450,4900,10,5,복합적,210,0.6667,액션|인디,멀티플레이어|PvP|온라인 PvP|협동|온라인 협동|Steam 도전 과제|Steam Cloud|가족 공유,멀티플레이어|협동|온라인 협동|PvP,10,2026년 8월 25일,Vampire Squid,Polden Publishing,https://shared.akamai.steamstatic.com/store_item_assets/steam/apps/4332910/256f7de34349dceecdbce68a046982c1f8bf62c0/header_koreana.jpg?t=1787670033,"생존하라. 방해하라. 친구들 앞에서 스타일을 뽐내라. Twisted Party는 2~8인용 레트로 호러 파티 게임으로, 오픈 및 프라이빗 로비를 지원하며 치명적인 미니게임과 피바다로 가득합니다. 배신하며 승리를 향해 나아가고, 잔혹한 도전을 정복해 미친 스킨을 해제하세요. 최후까지 살아남은 자가 승리합니다."
2423300,迷宮校舎 | School Labyrinth,False,7800,7800,0,8,매우 긍정적,784,0.8367,액션|인디,싱글 플레이어|멀티플레이어|협동|온라인 협동|Steam 도전 과제|컨트롤러 일부 지원|가족 공유,싱글 플레이어|멀티플레이어|협동|온라인 협동,6,2024년 2월 21일,RainyDollGames,RainyDollGames,https://shared.akamai.steamstatic.com/store_item_assets/steam/apps/2423300/header.jpg?t=1750567559,무작위로 생성되는 밤의 학교를 배경으로 한 1~4인 협동 호러 게임. 친구들과 협력하여 복잡한 미로로 변한 학교 건물에서 탈출을 목표로 하자!
2835530,Backrooms: Extractions,False,7800,7800,0,6,대체로 긍정적,802,0.7357,액션|어드벤처|인디|앞서 해보기,싱글 플레이어|멀티플레이어|협동|온라인 협동|Steam 도전 과제|컨트롤러 완벽 지원|DUALSHOCK 컨트롤러 지원|DUALSHOCK 컨트롤러 지원|DualSense 컨트롤러 지원|DualSense 컨트롤러 지원|Steam Cloud|가족 공유,싱글 플레이어|멀티플레이어|협동|온라인 협동,25,2025년 4월 30일,Headlight Studio,Headlight Studio,https://shared.akamai.steamstatic.com/store_item_assets/steam/apps/2835530/header.jpg?t=1786305956,"1~6인 협동 호러. Backrooms(백룸) 탈출은 누구나 시도할 수 있다. 당신은 다시 들어가는 쪽이다. 실종된 요원을 찾고, 퍼즐을 풀고, 개체를 촬영하고, 추출까지 버텨라. 가져간 것은 전부 잃을 수 있다. 그러나 계급과 장비, 창고는 사라지지 않고 쌓인다."
1057090,Ori and the Will of the Wisps,False,29900,29900,0,9,압도적으로 긍정적,146069,0.965,액션,싱글 플레이어|Steam 도전 과제|컨트롤러 완벽 지원|Steam Cloud|Remote Play 휴대전화|Remote Play 태블릿|Remote Play TV|HDR 사용 가능|가족 공유,싱글 플레이어,21,2020년 3월 10일,Moon Studios GmbH,Xbox Game Studios,https://shared.akamai.steamstatic.com/store_item_assets/steam/apps/1057090/header.jpg?t=1759530749,거대하고 이국적인 세계에서 새로운 여정을 시작하세요. 오리의 운명을 밝혀내면서 강력한 적들과 어려운 퍼즐을 만나게 될 것입니다.
1280930,애스트럴 어센트,False,26000,10400,60,8,매우 긍정적,8535,0.9461,액션|어드벤처|인디,싱글 플레이어|멀티플레이어|협동|스크린 공유 및 분할 협동|공유 및 분할 화면|Steam 도전 과제|컨트롤러 완벽 지원|Steam 트레이딩 카드|게임패드 권장|DUALSHOCK 컨트롤러 지원|DUALSHOCK 컨트롤러 지원|DualSense 컨트롤러 지원|DualSense 컨트롤러 지원|Steam Cloud|Remote Play Together|가족 공유,싱글 플레이어|멀티플레이어|협동,9,2023년 11월 14일,Hibernian Workshop,Hibernian Workshop|MP2 Games,https://shared.akamai.steamstatic.com/store_item_assets/steam/apps/1280930/eb8e8de59f6bf274924d290ff321c4206cfce875/header.jpg?t=1780414841,4 영웅 중 한 명을 골라 12가지의 강력하고 신비로운 보스인 별자리들이 지키는 애스트럴 감옥인 정원에 도전하세요. 수십 가지의 독특한 주문과 신실한 친구들과 함께 놈들에게 도전하여 번개처럼 빠른 전투로 이 플랫포머 로그라이트 속에서의 이야기를 펼치십시오.
4517190,新約・怒首領蜂大復活,False,26500,23850,10,5,복합적,116,0.4052,액션|인디,싱글 플레이어|Steam 도전 과제|음량 개별 조절|키보드 전용 옵션|퀵타임 이벤트 없이 플레이 가능|DUALSHOCK 컨트롤러 지원|DUALSHOCK 컨트롤러 지원|컨트롤러 일부 지원|Steam Cloud|가족 공유,싱글 플레이어,7,2026년 8월 26일,"CAVE Interactive CO., LTD.","CAVE Interactive CO., LTD.",https://shared.akamai.steamstatic.com/store_item_assets/steam/apps/4517190/5d876dcbda49a04451ece2776079173bb3ac2ee9/header.jpg?t=1787792029,"CAVE의 아케이드 탄막 슈팅 게임이 'DoDonPachi Resurrection: Reignite'로 재시동. 추가 스테이지, 신규 캐릭터, 새로운 BGM, 그리고 새로운 요소가 더해진 전장에서 새로운 도전이 시작된다."
291550,Brawlhalla,True,0,0,0,6,대체로 긍정적,411655,0.7974,액션|인디|무료 플레이,싱글 플레이어|멀티플레이어|PvP|온라인 PvP|스크린 공유 및 분할 PvP|협동|온라인 협동|스크린 공유 및 분할 협동|공유 및 분할 화면|크로스 플랫폼 멀티플레이어|Steam 도전 과제|Steam 트레이딩 카드|DUALSHOCK 컨트롤러 지원|DUALSHOCK 컨트롤러 지원|DualSense 컨트롤러 지원|DualSense 컨트롤러 지원|컨트롤러 일부 지원|Remote Play 휴대전화|Remote Play 태블릿|Remote Play TV|Remote Play Together,싱글 플레이어|멀티플레이어|협동|온라인 협동|PvP,13,2017년 10월 17일,Blue Mammoth Games,Ubisoft,https://shared.akamai.steamstatic.com/store_item_assets/steam/apps/291550/5a626cc4b6ecf79d47927d771dfad799b7f1b145/header_alt_assets_11.jpg?t=1787157167,"An epic platform fighter for up to 8 players online or local. Try casual free-for-alls, ranked matches, or invite friends to a private room. And it's free! Play cross-platform with millions of players on PlayStation, Xbox, Nintendo Switch, iOS, Android & Steam! Frequent updates. Over sixty Legends."
3060170,Chained in the Backrooms,False,3400,3400,0,5,복합적,1090,0.6945,액션|어드벤처|인디|앞서 해보기,멀티플레이어|협동|온라인 협동|가족 공유,멀티플레이어|협동|온라인 협동,12,2025년 2월 13일,Task+ Studios,Task+ Studios,https://shared.akamai.steamstatic.com/store_item_assets/steam/apps/3060170/header.jpg?t=1751031312,Chained in the Backrooms는 1-4인 협동 공포 게임입니다. 흐릿한 잠재의식에 갇혀 서로 사슬로 연결된 곰인형들이 생존하고 탈출해야 합니다. 각 레벨에는 고유한 퍼즐과 도전 과제가 있습니다. 숨어 있는 존재들이 방해하려 합니다.
2475490,Mouthwashing,False,14500,8700,40,9,압도적으로 긍정적,38463,0.9523,어드벤처|인디,싱글 플레이어|Steam 도전 과제|컨트롤러 완벽 지원|Steam 트레이딩 카드|가족 공유,싱글 플레이어,16,2024년 9월 26일,Wrong Organ,CRITICAL REFLEX,https://shared.akamai.steamstatic.com/store_item_assets/steam/apps/2475490/header.jpg?t=1786624390,툴파르의 선원 다섯 명이 영원한 석양에 휩싸인 채 외딴 우주를 표류하고 있습니다. 이들에게는 신의 눈길조차 닿지 않습니다.
2725090,HER TREES : THE PUZZLE HOUSE,False,2300,2300,0,8,매우 긍정적,1015,0.9468,어드벤처|인디,싱글 플레이어|가족 공유,싱글 플레이어,103,2024년 2월 29일,Stone,Stone,https://shared.akamai.steamstatic.com/store_item_assets/steam/apps/2725090/header.jpg?t=1772707096,"""HER TREES : THE PUZZLE HOUSE""는 독특한 탈출 게임입니다. 아이템을 획득하는 것은 없으며, 물건을 움직이고 조합하여 비밀번호를 풀어나갑니다. 이 이상한 방의 수수께끼를 풀어주세요. ""HER TREES : THE PUZZLE HOUSE""는 ""HER TREES"" 시리즈의 두 번째 작품입니다만, 이번 작품부터 플레이하셔도 괜찮습니다."
4080030,The Message from Deep Space,False,11000,11000,0,9,압도적으로 긍정적,1248,0.9736,인디,싱글 플레이어|Steam 도전 과제|카메라 움직임 조정|색상 대체|음량 개별 조절|퀵타임 이벤트 없이 플레이 가능|수시 저장|스테레오 사운드|Steam Cloud|가족 공유,싱글 플레이어,1,2026년 6월 29일,Applesinmypants,Applesinmypants,https://shared.akamai.steamstatic.com/store_item_assets/steam/apps/4080030/1009cc487d6f946ea6bf4ffb84e160c38f9fbf16/header.jpg?t=1782748782,"Mission: Translate an interstellar message, using the universal languages of math & science."
2400340,東方獣王園 〜 Unfinished Dream of All Living Ghost.,False,16500,16500,0,8,매우 긍정적,1239,0.929,액션|인디,싱글 플레이어|Steam Cloud|가족 공유,싱글 플레이어,1,2023년 8월 13일,上海アリス幻樂団,"Mediascape Co., Ltd.",https://shared.akamai.steamstatic.com/store_item_assets/steam/apps/2400340/header.jpg?t=1691917973,東方Project第19弾は、対戦型弾幕シューティング！ ダークで元気いっぱいで、ちょっぴり可愛い妖獣たちの狂宴をお楽しみに。
532110,Rusty Lake: Roots,False,4500,4500,0,9,압도적으로 긍정적,9109,0.9671,어드벤처|인디,싱글 플레이어|Steam 도전 과제|Steam 트레이딩 카드|가족 공유,싱글 플레이어,14,2016년 10월 20일,Rusty Lake,Rusty Lake,https://shared.akamai.steamstatic.com/store_item_assets/steam/apps/532110/header.jpg?t=1746052939,"캐릭터의 인생의 시작과 끝을 경험하고 나만의 가계도를 만들어요! Rusty Lake: Roots는 클릭하여 진행하는 어드벤처 게임으로, Cube Escape 시리즈와 Rusty Lake Hotel 제작자의 두 번째 프리미엄 게임입니다."
4198660,Demons' Timeline,False,12500,12500,0,9,압도적으로 긍정적,929,0.9742,어드벤처|인디,싱글 플레이어|Steam 도전 과제|카메라 움직임 조정|음량 개별 조절|마우스 전용 옵션|#category_playable_at_your_own_pace|퀵타임 이벤트 없이 플레이 가능|수시 저장|Steam Cloud|가족 공유,싱글 플레이어,3,2026년 4월 29일,DigitalCats,DigitalCats,https://shared.akamai.steamstatic.com/store_item_assets/steam/apps/4198660/8618ad7548e8325d9e0222ae59e9b0ed189f2969/header.jpg?t=1785770542,"Cyber Detective L solves Paradoxes—bizarre incidents by supernatural Demons—via the social media giant Parrotter. The Cyber Detective Squad, L and his Demon partner Nyasuteria, wield elite hacking and psychic powers to take on the final Paradox investigation."
2904890,The Game of Sisyphus,False,7800,7800,0,6,대체로 긍정적,860,0.793,액션|어드벤처|인디,싱글 플레이어|Steam 도전 과제|컨트롤러 일부 지원|가족 공유,싱글 플레이어,17,2024년 4월 11일,cream,cream,https://shared.akamai.steamstatic.com/store_item_assets/steam/apps/2904890/header.jpg?t=1776328950,바위를 정상까지 굴려 올리세요.
2754380,The Roottrees are Dead,False,21000,21000,0,9,압도적으로 긍정적,9932,0.9645,어드벤처,싱글 플레이어|Steam 도전 과제|Steam Cloud|가족 공유,싱글 플레이어,7,2025년 1월 15일,Evil Trout Inc.,Evil Trout Inc.,https://shared.akamai.steamstatic.com/store_item_assets/steam/apps/2754380/6c1be65b8ae88dead50e0fa854790245a2ac072a/header.jpg?t=1778766790,"A genealogical mystery straight out of 1998. Scour the early Internet for clues, uncover hidden connections, and piece together the family tree behind the secretive Roottree Corporation."
3126150,다른 별의 우리들,False,6250,6250,0,6,대체로 긍정적,1641,0.7447,액션|어드벤처|캐주얼|인디,멀티플레이어|협동|온라인 협동|LAN 협동|컨트롤러 일부 지원|가족 공유,멀티플레이어|협동|온라인 협동,29,2025년 4월 24일,tokoronyori,Kodansha,https://shared.akamai.steamstatic.com/store_item_assets/steam/apps/3126150/65bf257274cfccf6169ff10806bb4f602dc0ba06/header_koreana.jpg?t=1750944519,"""""""너에게 말할 수 없는 비밀이 있어"""" '다른 별의 우리들'은 협력 게임의 새로운 가능성을 제시하는 2인 전용 퍼즐 어드벤처 게임입니다. 두 명의 플레이어는 우주 탐사선 승무원이 되어, 불시착한 붉은 행성에서 탈출해야 합니다."""
1982340,Blanc　블랑,False,15000,15000,0,6,대체로 긍정적,1532,0.7826,어드벤처|인디,멀티플레이어|협동|온라인 협동|스크린 공유 및 분할 협동|공유 및 분할 화면|Steam 도전 과제|컨트롤러 완벽 지원|음량 개별 조절|키보드 전용 옵션|Steam Cloud|가족 공유,멀티플레이어|협동|온라인 협동,9,2023년 2월 14일,Casus Ludi,Gearbox Publishing|2K,https://shared.akamai.steamstatic.com/store_item_assets/steam/apps/1982340/header.jpg?t=1781819382,블랑은 눈이 내리는 광활한 황야에서 가족과 떨어진 아기 늑대와 사슴의 여정을 따라가는 아름다우면서도 플레이어간 협동을 요구하는 어드벤처 게임입니다. 아기 늑대와 사슴은 떨어진 가족을 찾기 위해서 다소 어색한 동행을 시작합니다.
1497440,COCOON,False,29500,11800,60,8,매우 긍정적,8955,0.9482,어드벤처|인디,싱글 플레이어|Steam 도전 과제|컨트롤러 완벽 지원|Steam 트레이딩 카드|DUALSHOCK 컨트롤러 지원|DUALSHOCK 컨트롤러 지원|DualSense 컨트롤러 지원|DualSense 컨트롤러 지원|Steam Cloud|가족 공유,싱글 플레이어,17,2023년 9월 29일,Geometric Interactive,Annapurna Interactive,https://shared.akamai.steamstatic.com/store_item_assets/steam/apps/1497440/header.jpg?t=1763721043,LIMBO와 INSIDE의 수석 게임플레이 디자이너인 Jeppe Carlsen이 만든 COCOON은 세계 속 세계를 가로지르는 모험으로 여러분을 안내합니다. 세계를 뛰어넘는 메커니즘을 마스터하고 복잡한 퍼즐을 풀며 우주의 미스터리를 풀어보세요.
4286040,Unicycle Together,False,5600,5600,0,8,매우 긍정적,169,0.8757,어드벤처|캐주얼|인디,멀티플레이어|협동|온라인 협동|Steam 도전 과제|카메라 움직임 조정|색상 대체|음량 개별 조절|수시 저장|스테레오 사운드|서라운드 사운드|컨트롤러 일부 지원|Steam Cloud|가족 공유,멀티플레이어|협동|온라인 협동,22,2026년 8월 5일,Eneskp|Yusuf Demirhan,Slugshot Games,https://shared.akamai.steamstatic.com/store_item_assets/steam/apps/4286040/7ba93ad19f40a39830d696385ce3f21a44d87e3a/header.jpg?t=1785950410,"외바퀴 자전거, 터지기 일보 직전인 폭탄, 그리고 균형을 잡으려 애쓰는 소시지들! 2~4인용 물리 기반 카오스 게임에서 친구들과 협력하거나 친구들을 터뜨려 버리세요! 폭탄이 터지기 전에 산 정상에 도달하세요. 떨어지지도, 터지지도 말고 소시지로 살아남으세요!"
95400,ibb & obb,False,12500,12500,0,8,매우 긍정적,6831,0.8949,액션|어드벤처|인디,멀티플레이어|협동|공유 및 분할 화면|크로스 플랫폼 멀티플레이어|Steam 도전 과제|컨트롤러 완벽 지원|Steam 트레이딩 카드|Steam Cloud|Steam 순위표|Remote Play Together|가족 공유,멀티플레이어|협동,16,2014년 5월 26일,Sparpweed|Codeglue,Sparpweed,https://shared.akamai.steamstatic.com/store_item_assets/steam/apps/95400/header.jpg?t=1725230107,ibb & obb is a two player cooperative game set in a puzzle filled world where gravity goes both up and down. You can only succeed by working closely together. Find a friend for some true local co-op couch fun or match up online.
501300,What Remains of Edith Finch,False,24000,6000,75,9,압도적으로 긍정적,52545,0.9559,어드벤처|인디,싱글 플레이어|Steam 도전 과제|컨트롤러 완벽 지원|Steam 트레이딩 카드|Steam Cloud|Remote Play TV|가족 공유,싱글 플레이어,11,2017년 4월 24일,Giant Sparrow,Annapurna Interactive,https://shared.akamai.steamstatic.com/store_item_assets/steam/apps/501300/header.jpg?t=1785424558,"What Remains of Edith Finch(워트 리메인스 오브 에디스 핀치)는 워싱턴 주에 있는 어느 가족에 대한 이상한 이야기의 모음입니다. 플레이어는 에디스가 되어 거대한 핀치 가택을 탐사하고, 가족사를 연구하며 이야기를 찾고, 왜 가족 중에서 그녀만 살아남았는지 알아내야 합니다. 각 이야기는 새로운 가족 구성원이 죽던 날의 삶을 체험하게 해주며, 이러한 이야기들은 먼 과거에서 현재까지 흩어져 있습니다."
4934370,우리 집에 비디오테이프 무더기로 있어!,False,5450,5450,0,6,대체로 긍정적,486,0.7222,캐주얼|인디|시뮬레이션,싱글 플레이어|멀티플레이어|PvP|온라인 PvP|협동|온라인 협동|Steam 도전 과제|컨트롤러 완벽 지원|음량 개별 조절|수시 저장|스테레오 사운드|Steam Cloud|가족 공유,싱글 플레이어|멀티플레이어|협동|온라인 협동|PvP,18,2026년 8월 14일,Games Together,Games Together|Gamersky Games,https://shared.akamai.steamstatic.com/store_item_assets/steam/apps/4934370/cc796d3f9c5626db8f991709a4f4f0079c41cb2e/header_koreana.jpg?t=1787307127,"바닥에 흩어진 3,180개의 비디오테이프를 분류해 선반에 정리하고, 엉망이던 아카이브를 말끔하게 정돈하세요! 동선을 계획하고 스킬을 활용하거나, 친구와 온라인으로 협동·경쟁하며, 정리할수록 짜릿해지는 쾌감을 만끽하세요! [1~4인 플레이 지원]"
4508020,Hole Is Mine,False,7600,7600,0,8,매우 긍정적,693,0.9076,어드벤처|캐주얼|인디|시뮬레이션,싱글 플레이어|Steam 도전 과제|컨트롤러 완벽 지원|카메라 움직임 조정|음량 개별 조절|#category_playable_at_your_own_pace|퀵타임 이벤트 없이 플레이 가능|수시 저장|Steam Cloud|통계|가족 공유,싱글 플레이어,13,2026년 8월 10일,Incrementalist,Incrementalist|SpaceJazz,https://shared.akamai.steamstatic.com/store_item_assets/steam/apps/4508020/d416e216758d9ebc0cb7983b14e30642801b3399/header.jpg?t=1787201552,미니오를 이끌고 저주받은 동굴을 파고들어 불순물을 제거하고 마을을 키우세요! 피크민 라이크 군집 관리×성장형 어드벤처. 300개 이상의 업그레이드와 500개 이상의 장비 조합으로 미니오를 강화하고 숨겨진 비밀을 밝혀내세요!
1763250,SWORN,False,43400,14760,66,8,매우 긍정적,5053,0.8025,액션|인디|RPG,싱글 플레이어|멀티플레이어|협동|온라인 협동|Steam 도전 과제|컨트롤러 완벽 지원|게임패드 권장|DUALSHOCK 컨트롤러 지원|DUALSHOCK 컨트롤러 지원|DualSense 컨트롤러 지원|DualSense 컨트롤러 지원|Steam Cloud|가족 공유,싱글 플레이어|멀티플레이어|협동|온라인 협동,9,2025년 9월 23일,Windwalk Games,Team17,https://shared.akamai.steamstatic.com/store_item_assets/steam/apps/1763250/header.jpg?t=1780480778,SWORN은 1-4인 협동 액션 로그라이크 게임입니다. 타락한 아서 왕과 원탁의 기사들 때문에 고통받는 몰락한 카멜롯을 탐험하고 수복하세요.
4189880,오투잼 : 더 비기닝,False,19800,11880,40,5,복합적,123,0.5122,캐주얼|인디|앞서 해보기,싱글 플레이어|음량 개별 조절|난이도 조정|퀵타임 이벤트 없이 플레이 가능|수시 저장|스테레오 사운드|터치 전용 옵션|가족 공유,싱글 플레이어,16,2026년 2월 13일,SuperTurbine Technology Inc.,SuperTurbine Technology Inc.,https://shared.akamai.steamstatic.com/store_item_assets/steam/apps/4189880/9e2ecced95108f854a11ddd0c508331b92d66dec/header.jpg?t=1785395278,"O2Jam : The Beginning 은 모바일 게임 O2Jam - Music & Game 을 기반으로 하는, 오투잼 시리즈 전곡을 수록한 공식 PC 버젼입니다. 음악 게임만을 위한 전설적인 고퀄리티 오리지널 트랙과 압도적인 타격감, 그리고, 다양한 키와 난이도까지! 추억의 오투잼 명곡들과 신예 아티스트들의 신곡까지 정통 리듬 액션 게임의 재미를 오투잼을 통해 경험하세요."
2019810,Boxes: Lost Fragments,False,16500,9900,40,8,매우 긍정적,5494,0.9301,어드벤처|캐주얼|인디,싱글 플레이어|Steam 도전 과제|Steam Cloud|가족 공유,싱글 플레이어,14,2024년 2월 1일,Big Loop Studios,Snapbreak,https://shared.akamai.steamstatic.com/store_item_assets/steam/apps/2019810/header.jpg?t=1780065841,"여러분은 전설적인 도둑이 되어, 다음 임무를 위해 웅장하고 호화로운 대저택으로 갑니다. 그곳에서 목적을 알 수 없는 퍼즐 상자를 여러 개 찾게 됩니다. 빠르게 들어왔다 나가려고 했던 일이, 갑작스럽게 자유와 정답을 찾기 위한 스스로의 끔찍한 투쟁으로 변합니다."
206440,To the Moon,False,10800,10800,0,9,압도적으로 긍정적,86396,0.9613,어드벤처|인디|RPG,싱글 플레이어|Steam 도전 과제|컨트롤러 완벽 지원|Steam 트레이딩 카드|Steam Cloud|가족 공유,싱글 플레이어,13,2012년 9월 7일,Freebird Games,Freebird Games|Serenity Forge,https://shared.akamai.steamstatic.com/store_item_assets/steam/apps/206440/header.jpg?t=1780927584,두 명의 박사가 죽어가는 남자의 마지막 소원을 인공적으로 이루어주기 위해서 그의 기억 속으로 들어가 시간을 거슬러 가는 줄거리입니다.
1283410,Tails of Iron,False,29000,5800,80,8,매우 긍정적,15022,0.8778,액션|어드벤처|인디,싱글 플레이어|Steam 도전 과제|Steam 트레이딩 카드|컨트롤러 일부 지원|Steam Cloud|가족 공유,싱글 플레이어,11,2021년 9월 17일,Odd Bug Studio,United Label,https://shared.akamai.steamstatic.com/store_item_assets/steam/apps/1283410/header.jpg?t=1737877432,"Tails of Iron은 잔혹한 전쟁이 펼쳐지는 에픽 RPG 어드벤처입니다. 왕위 계승자 레지가 되어, 왕국을 되찾기 위해 아주 위험한 퀘스트를 시작하세요. 믿을 수 없을 정도로 매력적인 세계로의 탐험을 시작하세요. 용감한 동료들을 모으고 무자비한 개구리 부족을 단 번에 몰아내세요!"
3564340,"우리, 찰떡일까?",False,7000,7000,0,8,매우 긍정적,145,0.8345,어드벤처|캐주얼|인디,멀티플레이어|협동|온라인 협동|LAN 협동|스크린 공유 및 분할 협동|공유 및 분할 화면|Steam 도전 과제|카메라 움직임 조정|색상 대체|음량 개별 조절|난이도 조정|퀵타임 이벤트 없이 플레이 가능|DUALSHOCK 컨트롤러 지원|DUALSHOCK 컨트롤러 지원|DualSense 컨트롤러 지원|DualSense 컨트롤러 지원|스테레오 사운드|컨트롤러 일부 지원|Steam Cloud|통계|Steam 순위표|Remote Play Together|가족 공유,멀티플레이어|협동|온라인 협동,30,2026년 6월 10일,Next Big Game Studio,UGC90|Joygame Select|Gamersky Games|Next Big Game Studio,https://shared.akamai.steamstatic.com/store_item_assets/steam/apps/3564340/3bf5b67ada62e5beeb5fc55cac5d8a566e6134a0/header_koreana.jpg?t=1787060725,"화난 왕이 협곡에 떨어집니다. 친구와 함께 ‘들것’ 모험을 시작하세요! 길은 함정과 이상한 장애물로 가득하며, 균형을 맞추는 순간마다 심장이 두근거립니다. 넘어져도 웃음이 되고, 성공하면 둘만의 승리가 됩니다. 절친을 불러 함께 웃음 넘치는 모험을 즐기세요!"
2120310,사그레스(sagres),False,23000,5750,75,8,매우 긍정적,244,0.8115,어드벤처|인디|RPG|시뮬레이션,싱글 플레이어|Steam 도전 과제|컨트롤러 일부 지원|가족 공유,싱글 플레이어,4,2023년 9월 18일,ooze,Kakehashi Games,https://shared.akamai.steamstatic.com/store_item_assets/steam/apps/2120310/header.jpg?t=1713367768,"당신은 1480년도, 포르투갈의 탐험가가 되어 실종된 아버지의 행방을 찾아 나섭니다."
3613960,Resort Island Simulator,False,9900,8410,15,7,긍정적,15,0.8,액션|어드벤처|캐주얼|인디|시뮬레이션,싱글 플레이어|Steam 도전 과제|컨트롤러 완벽 지원|음량 개별 조절|난이도 조정|DUALSHOCK 컨트롤러 지원|DUALSHOCK 컨트롤러 지원|DualSense 컨트롤러 지원|DualSense 컨트롤러 지원|스테레오 사운드|자막 옵션|Steam Cloud|가족 공유,싱글 플레이어,14,2026년 8월 28일,Tenjin Games,PlayWay S.A.,https://shared.akamai.steamstatic.com/store_item_assets/steam/apps/3613960/bc09f3bf4535c0824319e63de94874d8f800b409/header.jpg?t=1787928529,"사기꾼, 해적, 광신도, 보물로 가득한 세상. 위험과 보상이 넘치는 바다. 딜레마와 예상치 못한 만남에 직면하세요. 이 거친 세상에서 리조트를 운영하고 번창하는 사업을 건설하세요. 부를 향한 나만의 길을 개척하세요. 리조트를 번영시키세요!"
1292940,Cube Escape Collection,False,5600,5600,0,9,압도적으로 긍정적,7938,0.9795,,싱글 플레이어|Steam 도전 과제|Steam Cloud|가족 공유,싱글 플레이어,20,2020년 10월 14일,Rusty Lake,Rusty Lake,https://shared.akamai.steamstatic.com/store_item_assets/steam/apps/1292940/header.jpg?t=1714036882,"고전적인 포인트 앤 클릭 방탈출 게임 시리즈에서 Dale, Laura, Mr. Crow, Mr. Owl 등 러스티 레이크 유명인사들과 함께 여정을 떠나보세요. 플래시 게임 시대의 종결을 맞이하여 시리즈를 보존하기 위해 완벽히 업데이트된 번들입니다."
1150690,OMORI,False,20500,20500,0,9,압도적으로 긍정적,88386,0.9708,어드벤처|인디|RPG,싱글 플레이어|Steam 도전 과제|컨트롤러 완벽 지원|Remote Play 휴대전화|Remote Play 태블릿|가족 공유,싱글 플레이어,4,2020년 12월 25일,"OMOCAT, LLC","OMOCAT, LLC",https://shared.akamai.steamstatic.com/store_item_assets/steam/apps/1150690/header.jpg?t=1671584768,다채로운 친구와 적으로 가득한 이상한 세계를 탐험하세요. 잊힌 과거를 밝히기 위해 활기차면서 일상적인 장소를 탐색하세요. 때가 되면 당신이 선택한 길이 당신의 운명과… 어쩌면 다른 사람들의 운명까지 결정할 것입니다.
504230,Celeste,False,21500,5370,75,9,압도적으로 긍정적,146285,0.974,액션|어드벤처|인디,싱글 플레이어|Steam 도전 과제|컨트롤러 완벽 지원|Steam 트레이딩 카드|DUALSHOCK 컨트롤러 지원|DUALSHOCK 컨트롤러 지원|DualSense 컨트롤러 지원|DualSense 컨트롤러 지원|Steam Cloud|Remote Play 휴대전화|Remote Play 태블릿|Remote Play TV|가족 공유,싱글 플레이어,9,2018년 1월 25일,"Maddy Makes Games Inc.|Extremely OK Games, Ltd.",Maddy Makes Games Inc.,https://shared.akamai.steamstatic.com/store_item_assets/steam/apps/504230/header.jpg?t=1714089525,"타워폴(TowerFall) 시리즈의 개발자들이 만든 이 초밀착형 플랫폼 게임을 플레이하고, 매들린이 셀레스트 산 정상으로 향하는 여정에서 내면의 악마에게서 살아남을 수 있게 도와주세요. 한땀 한땀 손수 제작한 수백 가지의 도전 과제에 맞서고, 사악한 비밀을 밝혀내고, 산에 숨겨진 수수께끼를 풀어보세요."
4680930,Garbage Growth,False,5450,5450,0,8,매우 긍정적,340,0.9206,캐주얼|인디|시뮬레이션,싱글 플레이어|Steam 도전 과제|음량 개별 조절|#category_playable_at_your_own_pace|퀵타임 이벤트 없이 플레이 가능|수시 저장|가족 공유,싱글 플레이어,16,2026년 6월 23일,apepatrickdev,apepatrickdev,https://shared.akamai.steamstatic.com/store_item_assets/steam/apps/4680930/09bac78bf3307c5f49025e2ae60132f6ad5f53af/header.jpg?t=1782722252,"Garbage Growth는 사람들의 쓰레기, 바나나, 심지어 아기까지 모아 돈을 벌고 세상을 더 오염시키는 짧은 쓰레기 방치형 게임입니다. 쥐를 고용하고, 오염을 키우고, 모든 것을 더 나쁘게 만드세요!"
1999520,CATO: Buttered Cat,False,12500,12500,0,9,압도적으로 긍정적,3112,0.9839,어드벤처|캐주얼|인디,싱글 플레이어|멀티플레이어|협동|스크린 공유 및 분할 협동|공유 및 분할 화면|Steam 도전 과제|컨트롤러 완벽 지원|Steam 트레이딩 카드|카메라 움직임 조정|음량 개별 조절|게임패드 권장|키보드 전용 옵션|DUALSHOCK 컨트롤러 지원|DUALSHOCK 컨트롤러 지원|DualSense 컨트롤러 지원|DualSense 컨트롤러 지원|수시 저장|터치 전용 옵션|Steam Cloud|Remote Play 휴대전화|Remote Play 태블릿|Remote Play TV|Remote Play Together|가족 공유|Steam 타임라인,싱글 플레이어|멀티플레이어|협동,13,2024년 9월 5일,Team Woll,GCORES PUBLISHING,https://shared.akamai.steamstatic.com/store_item_assets/steam/apps/1999520/header.jpg?t=1785900299,"고양이와 토스트를 동시에 조작하는 퍼즐 플랫포머로, 유명한 '버터 고양이 영구기관'을 기반으로 합니다. 게임에는 200개 이상의 레벨, 70개 이상의 스킨, 보스 전투와 미니 게임이 포함되어 있습니다!"
1492680,The Pathless,False,46000,9200,80,8,매우 긍정적,2173,0.907,액션|어드벤처|인디,싱글 플레이어|Steam 도전 과제|컨트롤러 완벽 지원|Steam Cloud|가족 공유,싱글 플레이어,14,2021년 11월 16일,Giant Squid,Annapurna Interactive,https://shared.akamai.steamstatic.com/store_item_assets/steam/apps/1492680/header.jpg?t=1736954957,ABZÛ의 개발자가 만든 The Pathless는 광활한 숲에서 펼쳐지는 여궁수와 독수리의 신화적인 모험입니다. 활의 달인인 여사냥꾼이 되어 세계를 지배하는 어둠의 저주를 풀기 위해 신비한 섬으로 여행하세요.
3558400,Backseat Drivers,False,11000,7700,30,6,대체로 긍정적,1199,0.7773,캐주얼|인디|레이싱|시뮬레이션,멀티플레이어|협동|온라인 협동|Steam 도전 과제|컨트롤러 완벽 지원|카메라 움직임 조정|음량 개별 조절|퀵타임 이벤트 없이 플레이 가능|스테레오 사운드|Steam Cloud|Steam 순위표|가족 공유,멀티플레이어|협동|온라인 협동,30,2025년 10월 9일,GhostJam Games|Deadcat Studios,GhostJam Games,https://shared.akamai.steamstatic.com/store_item_assets/steam/apps/3558400/2dc867af11f5ed2794aa5566ff9f5a0cb8efd978/header.jpg?t=1773298919,"궁극의 협동 운전 재난인 백시트 드라이버에서 우정을 시험해 보세요. 한 명이 운전을 하고 한 명이 길을 외치면 차는 폐차장으로 향합니다. 가능한 모든 장애물을 들이받고, 꺾고, 충돌하면서 길을 돌아보세요. 고함은 피할 수 없습니다. 사과는 선택 사항입니다. 차가 끔찍합니다."
4627110,Fell & Sell,False,9650,8680,10,6,대체로 긍정적,525,0.7543,액션|RPG|시뮬레이션,싱글 플레이어|Steam 도전 과제|컨트롤러 완벽 지원|음량 개별 조절|퀵타임 이벤트 없이 플레이 가능|DUALSHOCK 컨트롤러 지원|DUALSHOCK 컨트롤러 지원|DualSense 컨트롤러 지원|DualSense 컨트롤러 지원|스테레오 사운드|Steam Cloud|가족 공유,싱글 플레이어,11,2026년 8월 26일,Art Games Studio S.A.,Art Games Studio S.A.|PlayWay S.A.,https://shared.akamai.steamstatic.com/store_item_assets/steam/apps/4627110/b47a56668edcbd1e66a212907aa627d10259de97/header.jpg?t=1787909984,"Slay. Loot. Sell. Survive! Dive into a first-person blend of hack'n'slash roguelike and shop management. Plunder deadly dungeons for loot, escape with your life, craft, and stock your shelves. Then risk it all once more for profit!"
3856210,Detective Bloodphobia,False,7800,6630,15,8,매우 긍정적,50,1.0,인디,싱글 플레이어|음량 개별 조절|마우스 전용 옵션|퀵타임 이벤트 없이 플레이 가능|수시 저장|가족 공유,싱글 플레이어,1,2026년 3월 28일,Gustav|LuB2an,Gustav,https://shared.akamai.steamstatic.com/store_item_assets/steam/apps/3856210/a7d96038219de0b6ab2f3fb215325d05f49538dd/header.jpg?t=1774684951,"피 공포증 탐정은 1900년대 후반을 배경으로, 피를 보면 쓰러지는 주인공이 살인 사건을 추적하는 비주얼 노벨입니다. 흑백 누아르풍 그래픽과 정통 추리 서사로 사건 해결의 몰입감을 제공합니다."
4244190,Guinea Pig Runaway Together,False,5450,5450,0,7,긍정적,36,0.8611,어드벤처|캐주얼|인디|앞서 해보기,싱글 플레이어|멀티플레이어|협동|온라인 협동|스크린 공유 및 분할 협동|공유 및 분할 화면|Steam 도전 과제|컨트롤러 완벽 지원|Steam Cloud|Remote Play Together|가족 공유,싱글 플레이어|멀티플레이어|협동|온라인 협동,31,2026년 6월 3일,DVS Interactive,DVS Interactive,https://shared.akamai.steamstatic.com/store_item_assets/steam/apps/4244190/eabdb8ddcb2260739618cab6a27f4aee98f21c1a/header.jpg?t=1787317880,최대 네 마리의 기니피그. 하나의 풍선. 끝없는 혼돈. 이 물리 기반 협동 파쿠르 챌린지에서 협력하지 않으면 한 발짝도 못 나아갑니다!
4164900,아키하바라 블라인드박스 가게 시뮬레이터,False,12000,12000,0,8,매우 긍정적,408,0.8039,캐주얼|인디|시뮬레이션|앞서 해보기,싱글 플레이어|Steam 도전 과제|카메라 움직임 조정|음량 개별 조절|퀵타임 이벤트 없이 플레이 가능|수시 저장|스테레오 사운드|서라운드 사운드|Steam Cloud|가족 공유,싱글 플레이어,13,2026년 6월 8일,UGC90,UGC90|Gamersky Games,https://shared.akamai.steamstatic.com/store_item_assets/steam/apps/4164900/7486516bc7cc23160fe92dca6b35de853dc86b0e/header_koreana.jpg?t=1786991914,"아키하바라에서 가게를 연다는 건 어떤 기분일까? 상품을 들여오고, 진열하고, 가격까지 자유롭게 책정하며 운영하는 동안 쉬지 않고 이어지는 무한 연속 뽑기! 허름한 작은 가게에서 시작해 희귀 피규어를 진열한 전설의 ‘이타가게’까지—당신의 장사 수완(가끔은 물리적인 수단도)으로 아키하바라를 제패하라!"
3438850,Sledding Game,False,8600,8600,0,9,압도적으로 긍정적,3188,0.9636,액션|어드벤처|캐주얼|인디|시뮬레이션|스포츠|앞서 해보기,싱글 플레이어|멀티플레이어|협동|온라인 협동|Steam 도전 과제|음량 개별 조절|스테레오 사운드|서라운드 사운드|Steam Cloud|가족 공유,싱글 플레이어|멀티플레이어|협동|온라인 협동,15,2026년 4월 30일,The Sledding Corporation,The Sledding Corporation,https://shared.akamai.steamstatic.com/store_item_assets/steam/apps/3438850/header.jpg?t=1787331329,썰매를 타고 친구들과 어울리는 게임입니다 :)
2113850,Spirit City: Lofi Sessions,False,12000,4800,60,9,압도적으로 긍정적,16606,0.976,캐주얼|인디|시뮬레이션,싱글 플레이어|Steam 도전 과제|Steam 트레이딩 카드|Steam Cloud|통계|가족 공유,싱글 플레이어,10,2024년 4월 8일,Mooncube Games,Mooncube Games,https://shared.akamai.steamstatic.com/store_item_assets/steam/apps/2113850/11c720cd5806d47d0ce5c1e3bedb15dc3421e1d2/header_alt_assets_10.jpg?t=1787580099,"Spirit City: Lofi Sessions는 편안한 lofi 사운드트랙으로 설정된 게임화된 집중 도구입니다. 집중력을 높이고 스트레스를 완화하도록 설계된 편리한 기능 모음을 통해 영혼을 발견 및 수집하고, 아늑한 가상 공간을 맞춤 설정하고, 실제 작업을 촉진하세요."
3641000,The Incident at Galley House,False,21000,21000,0,8,매우 긍정적,3839,0.9435,어드벤처,싱글 플레이어|Steam 도전 과제|컨트롤러 완벽 지원|텍스트 크기 조정|색상 대체|음량 개별 조절|#category_playable_at_your_own_pace|퀵타임 이벤트 없이 플레이 가능|DUALSHOCK 컨트롤러 지원|DUALSHOCK 컨트롤러 지원|DualSense 컨트롤러 지원|DualSense 컨트롤러 지원|스테레오 사운드|자막 옵션|Steam Cloud|가족 공유,싱글 플레이어,5,2026년 7월 14일,William Rous|Evil Trout Inc.,Evil Trout Inc.,https://shared.akamai.steamstatic.com/store_item_assets/steam/apps/3641000/c36fe32e992c59c8eb560fd5d97bed0f96c08ff5/header.jpg?t=1784666918,"In 1936, something terrible happened at Galley House. Decades later, with a strange contraption that reveals echoes of the past, you must uncover the truth behind this grisly mystery."
1341290,We Were Here Forever,False,19500,19500,0,8,매우 긍정적,18805,0.905,어드벤처|캐주얼|인디,멀티플레이어|협동|온라인 협동|크로스 플랫폼 멀티플레이어|Steam 도전 과제|음량 개별 조절|DUALSHOCK 컨트롤러 지원|DUALSHOCK 컨트롤러 지원|DualSense 컨트롤러 지원|DualSense 컨트롤러 지원|자막 옵션|컨트롤러 일부 지원|Steam Cloud|가족 공유,멀티플레이어|협동|온라인 협동,23,2022년 5월 10일,Total Mayhem Games,Total Mayhem Games,https://shared.akamai.steamstatic.com/store_item_assets/steam/apps/1341290/header.jpg?t=1764331788,당신들은 둘 다 모두 Castle Rock에 갇힌 채 깨어납니다. 배신당한 걸까요? 아니면 현명하지 못했던 걸까요? 최신 협력 퍼즐 어드벤처인 We Were Here Series에서 이유를 확인해보세요! 당신과 당신의 파트너는 이 곳에 있는 어둠의 세력에 맞서는 데 필요한 능력을 갖추고 있나요? 아니면 영원히 갇히게... 될까요?
3669740,The You Quiz,False,11000,11000,0,8,매우 긍정적,100,0.94,캐주얼|인디|전략,멀티플레이어|PvP|온라인 PvP|스크린 공유 및 분할 PvP|협동|온라인 협동|스크린 공유 및 분할 협동|공유 및 분할 화면|음량 개별 조절|퀵타임 이벤트 없이 플레이 가능|가족 공유,멀티플레이어|협동|온라인 협동|PvP,10,2025년 12월 5일,Hazard Wizard,Hazard Wizard,https://shared.akamai.steamstatic.com/store_item_assets/steam/apps/3669740/bd812c1522d0c3e5dbbec5de41f6398ae1ea2c50/header.jpg?t=1773918530,"The You Quiz는 질문이 전부 ‘당신’에 대한 멀티플레이 게임입니다! 왕이 되어 친구들이 당신에 대해 쓴 답을 판결해보세요. 혹은 신하가 되어 그 사람의 취향과 성향, 꿈을 맞춰보세요. Friend's Pass로 최대 7명의 친구를 무료로 초대해주세요!"
3199360,Skull Horde,False,11900,8920,25,8,매우 긍정적,1079,0.8156,액션|어드벤처|캐주얼,싱글 플레이어|Steam 도전 과제|컨트롤러 완벽 지원|카메라 움직임 조정|키보드 전용 옵션|퀵타임 이벤트 없이 플레이 가능|DUALSHOCK 컨트롤러 지원|DualSense 컨트롤러 지원|스테레오 사운드|Steam Cloud|가족 공유,싱글 플레이어,10,2026년 4월 10일,8BitSkull,8BitSkull,https://shared.akamai.steamstatic.com/store_item_assets/steam/apps/3199360/2d1fefb82914c42bc56710e51c8846d90aefd935/header.jpg?t=1779607540,Skull Horde는 하늘을 나는 해골 네크로맨서를 조작하는 자동 전투 던전 크롤러 게임입니다. 강력한 전리품을 찾아 압도적인 빌드를 만들어보세요. 뼈다귀와 살아 움직이는 생명체 간의 전투에 강력한 해골 무리들을 소환하세요!
2950340,LEGO® Harry Potter™ Collection,False,52800,52800,0,8,매우 긍정적,1629,0.8306,액션|어드벤처|캐주얼,싱글 플레이어|멀티플레이어|협동|스크린 공유 및 분할 협동|공유 및 분할 화면|Steam 도전 과제|컨트롤러 완벽 지원|게임패드 권장|Steam Cloud|Remote Play Together|가족 공유,싱글 플레이어|멀티플레이어|협동,12,2024년 10월 8일,TT Games|Double Eleven,Warner Bros. Games,https://shared.akamai.steamstatic.com/store_item_assets/steam/apps/2950340/header.jpg?t=1781547985,"LEGO® Harry Potter™: Collection은 LEGO® Harry Potter™: Years 1-4과 LEGO® Harry Potter™: Years 5-7을 하나의 게임으로 합친 것으로, 향상된 그래픽으로 리마스터되었습니다."
1607680,Bread & Fred,False,16500,16500,0,6,대체로 긍정적,5203,0.7759,액션|어드벤처|캐주얼|인디,싱글 플레이어|멀티플레이어|협동|온라인 협동|스크린 공유 및 분할 협동|공유 및 분할 화면|Steam 도전 과제|컨트롤러 완벽 지원|Steam 트레이딩 카드|Remote Play Together|가족 공유,싱글 플레이어|멀티플레이어|협동|온라인 협동,10,2023년 5월 23일,SandCastles Studio,Infogrames|Atari,https://shared.akamai.steamstatic.com/store_item_assets/steam/apps/1607680/header_koreana.jpg?t=1773071421,"Grab your best bud for help in this new co-op challenge to help two adorable penguins, Bread and Fred, reach the top of the snowy summit. Time your jumps, cling to walls and swing across gaps to see how far you can make it before you tumble all the way back down the mountain."
3478870,GeoGuessr Steam Edition,True,0,0,0,5,복합적,30956,0.6999,액션|캐주얼|무료 플레이|앞서 해보기,싱글 플레이어|멀티플레이어|PvP|온라인 PvP|협동|온라인 협동|크로스 플랫폼 멀티플레이어|Steam 도전 과제|앱 내 구매|통계|가족 공유,싱글 플레이어|멀티플레이어|협동|온라인 협동|PvP,11,2025년 5월 8일,GeoGuessr,GeoGuessr,https://shared.akamai.steamstatic.com/store_item_assets/steam/apps/3478870/e0c0522dd127b964e0917c613c51a9c9f2da21fb/header.jpg?t=1778244984,"Explore the world with GeoGuessr Steam Edition! Compete against others, climb divisions, and prove your geography skills. Travel to stunning locations, analyze clues, and make your best guess. Quickplay Duels is unlimited Free-to-play."
3907790,산소 트레인,False,16500,16500,0,8,매우 긍정적,977,0.8004,액션|어드벤처|캐주얼|인디|시뮬레이션|전략|앞서 해보기,싱글 플레이어|멀티플레이어|협동|온라인 협동|Steam 도전 과제|카메라 움직임 조정|음량 개별 조절|수시 저장|스테레오 사운드|서라운드 사운드|컨트롤러 일부 지원|Steam Cloud|가족 공유,싱글 플레이어|멀티플레이어|협동|온라인 협동,20,2026년 2월 20일,OxygenTech Limited,OxygenTech Limited,https://shared.akamai.steamstatic.com/store_item_assets/steam/apps/3907790/f71ea4b50e6ee46bb60ed44ef23cbcae160c334b/header_koreana.jpg?t=1784606998,"옥시전 트레인은 오픈 월드 생존 기차 게임입니다. 산소 부족 세계에서 깨어나 나무를 베고, 채광하고, 자원을 모아 기차를 업그레이드하세요. 재배, 낚시, 농사, 탐험, 전투로 생존하며 기차 왕국을 건설합니다. 1~8인 협동 플레이 지원."
1898830,VBridger,False,10500,10500,0,6,대체로 긍정적,212,0.7736,캐주얼|애니메이션과 모델링|유틸리티,싱글 플레이어|Steam Cloud,싱글 플레이어,6,2022년 4월 10일,PiPuProductions|Serp,PiPuProductions,https://shared.akamai.steamstatic.com/store_item_assets/steam/apps/1898830/header.jpg?t=1703621052,"VBridger is a face tracking plugin designed for Vtube Studio and Live2D, which allows the user to make better use of IphoneX ARKit tracking on their live2D model."
2288630,태고의 달인 쿵딱! 원더풀 페스티벌,False,59800,59800,0,8,매우 긍정적,1614,0.8432,캐주얼,싱글 플레이어|멀티플레이어|PvP|온라인 PvP|스크린 공유 및 분할 PvP|협동|스크린 공유 및 분할 협동|공유 및 분할 화면|Steam 도전 과제|컨트롤러 완벽 지원|Steam 트레이딩 카드|앱 내 구매|게임패드 권장|DUALSHOCK 컨트롤러 지원|DUALSHOCK 컨트롤러 지원|DualSense 컨트롤러 지원|DualSense 컨트롤러 지원|Steam Cloud|Steam 순위표|가족 공유,싱글 플레이어|멀티플레이어|협동|PvP,9,2024년 11월 6일,Bandai Namco Amusement Lab Inc.,Bandai Namco Entertainment Inc.,https://shared.akamai.steamstatic.com/store_item_assets/steam/apps/2288630/header_koreana.jpg?t=1785967287,『태고의 달인』은 곡의 리듬에 맞게 태고를 두드리는 버라이어티 큰북 리듬 게임입니다. 애니메이션이나 VOCALOID™ 등 다양한 장르의 곡과 여러 게임 모드를 수록. 혼자서도 온라인으로도 태고의 달인을 즐기자!
4625810,Internet Survivor Survivors,False,16000,13600,15,6,대체로 긍정적,226,0.7611,액션|캐주얼|인디,싱글 플레이어|Steam 도전 과제|컨트롤러 완벽 지원|게임패드 권장|퀵타임 이벤트 없이 플레이 가능|DUALSHOCK 컨트롤러 지원|DUALSHOCK 컨트롤러 지원|DualSense 컨트롤러 지원|DualSense 컨트롤러 지원|스테레오 사운드|Steam Cloud|가족 공유,싱글 플레이어,5,2026년 8월 16일,ビートまりお / COOL&CREATE,ビートまりお / COOL&CREATE,https://shared.akamai.steamstatic.com/store_item_assets/steam/apps/4625810/967900dfe32b72784b257df0e1297e459e60b6bc/header.jpg?t=1787564992,플랑이 스트리머가 되어 인터넷에서 대활약?! 동방Project 2차 창작 탑뷰 로그라이트 액션! 좋아요와 코인을 모아 무기를 강화! 시청자 수가 곧 목숨이다! 다가오는 대량의 적을 쓰러트려서! 영원토록 살아남아라~!
1044620,Aokana - Four Rhythms Across the Blue,False,37500,37500,0,9,압도적으로 긍정적,6573,0.9708,어드벤처|캐주얼,싱글 플레이어|Steam 도전 과제|Steam 트레이딩 카드|Steam Cloud|Remote Play 휴대전화|Remote Play 태블릿|가족 공유,싱글 플레이어,4,2019년 9월 27일,sprite|NekoNyan Ltd.,NekoNyan Ltd.|HIKARI FIELD,https://shared.akamai.steamstatic.com/store_item_assets/steam/apps/1044620/7e9682047fc6f1b558f0d4ddee8e5cdb2e844dd2/header.jpg?t=1747952729,"In a world where flying through the sky is as simple as riding a bicycle, the sport ""Flying Circus"" is all the rage. Following the discovery of anti-gravitons, special shoes that allow an individual to fly, Anti-Graviton Shoes, took the world by storm."
1829980,Café Stella and the Reaper's Butterflies,False,37500,37500,0,9,압도적으로 긍정적,6899,0.9784,어드벤처|캐주얼,싱글 플레이어|Steam 도전 과제|Steam Cloud|가족 공유,싱글 플레이어,4,2022년 3월 25일,YUZUSOFT,NekoNyan Ltd.|HIKARI FIELD,https://shared.akamai.steamstatic.com/store_item_assets/steam/apps/1829980/77ebfe9ad2a36c9d9c27c3cfa2832250295fd85e/header.jpg?t=1752127870,"Takamine Kousei was living a carefree college life until, one day, he tragically died in an accident. But then, the bizarre happened: Takamine Kousei opened his eyes again. And what's more, when he woke up, it was the morning of the very day, he had died."
2458530,魔女的夜宴,False,37500,37500,0,9,압도적으로 긍정적,11730,0.9851,어드벤처|캐주얼,싱글 플레이어|Steam 도전 과제|Steam 트레이딩 카드|Steam Cloud|가족 공유,싱글 플레이어,3,2023년 7월 21일,YUZUSOFT,HIKARI FIELD,https://shared.akamai.steamstatic.com/store_item_assets/steam/apps/2458530/header.jpg?t=1690430359,《魔女的夜宴》是日本超人气美少女游戏品牌YUZUSOFT（柚子社）的经典名作。女主角绫地宁宁由当红声优桐谷华配音，是该社历代作品中最具代表性的女主角之一。国际中文版拥有超越原版的1920X1080的高清画质。本作也曾在美少女游戏大赏和萌系游戏大赏中斩获众多奖项。
1812090,Escape Academy,False,20500,3070,85,8,매우 긍정적,1376,0.8706,어드벤처,싱글 플레이어|멀티플레이어|PvP|온라인 PvP|스크린 공유 및 분할 PvP|협동|온라인 협동|스크린 공유 및 분할 협동|공유 및 분할 화면|크로스 플랫폼 멀티플레이어|Steam 도전 과제|컨트롤러 완벽 지원|Steam 트레이딩 카드|카메라 움직임 조정|색상 대체|음량 개별 조절|퀵타임 이벤트 없이 플레이 가능|DUALSHOCK 컨트롤러 지원|DUALSHOCK 컨트롤러 지원|DualSense 컨트롤러 지원|DualSense 컨트롤러 지원|스테레오 사운드|Steam Cloud|Remote Play Together|가족 공유,싱글 플레이어|멀티플레이어|협동|온라인 협동|PvP,4,2022년 7월 13일,Coin Crew Games,iam8bit Presents,https://shared.akamai.steamstatic.com/store_item_assets/steam/apps/1812090/header.jpg?t=1747087130,"Escape Academy에 오신 걸 환영합니다. 훈련을 거듭해서 궁극의 방 탈출 달인이 되세요. 퍼즐을 풀고, 서버를 해킹하고, 교수진을 만나고, 완벽한 차를 타세요. 싱글 플레이어 또는 로컬이나 온라인에서 친구와 함께 협동으로 플레이할 수 있습니다!"
2708790,Together After Dark,False,3400,2040,40,5,복합적,476,0.5147,액션|어드벤처|캐주얼,멀티플레이어|협동|온라인 협동|가족 공유,멀티플레이어|협동|온라인 협동,16,2025년 1월 19일,RedForge,RedForge,https://shared.akamai.steamstatic.com/store_item_assets/steam/apps/2708790/6df984dadfcb8b4affc211bc05b21438c18901c3/header.jpg?t=1775309343,"Together After Dark는 1-4명의 플레이어가 함께하는 생존 요소가 가미된 협동 심리 공포 게임입니다. 네 명의 십대들이 숲에 갇혀 빠져나가려 하지만, 그들은 혼자가 아닙니다."
2054660,Disney Illusion Island Starring Mickey and Friends,False,32000,32000,0,7,긍정적,33,0.9394,어드벤처|캐주얼,싱글 플레이어|멀티플레이어|협동|스크린 공유 및 분할 협동|공유 및 분할 화면|Steam 도전 과제|컨트롤러 완벽 지원|Steam 트레이딩 카드|카메라 움직임 조정|음량 개별 조절|난이도 조정|게임패드 권장|키보드 전용 옵션|퀵타임 이벤트 없이 플레이 가능|DUALSHOCK 컨트롤러 지원|DUALSHOCK 컨트롤러 지원|DualSense 컨트롤러 지원|DualSense 컨트롤러 지원|스테레오 사운드|자막 옵션|서라운드 사운드|Steam Cloud|Remote Play Together|가족 공유,싱글 플레이어|멀티플레이어|협동,9,2025년 5월 30일,Dlala Studios,Disney,https://shared.akamai.steamstatic.com/store_item_assets/steam/apps/2054660/header_koreana.jpg?t=1749233588,"미키와 친구들이 신비의 섬 모노스를 구하기 위해 3권의 마법 책을 찾아 모험을 떠납니다! 손으로 직접 그려낸 2D 세계에서 기묘하고 아름다운 생태계를 탐험하고, 개성 넘치는 동료와 독특한 적을 만나 보세요."
386940,얼티밋 치킨 호스,False,16500,16500,0,9,압도적으로 긍정적,53433,0.9576,액션|캐주얼|인디,멀티플레이어|PvP|온라인 PvP|스크린 공유 및 분할 PvP|협동|온라인 협동|스크린 공유 및 분할 협동|공유 및 분할 화면|크로스 플랫폼 멀티플레이어|Steam 도전 과제|컨트롤러 완벽 지원|Steam 트레이딩 카드|DUALSHOCK 컨트롤러 지원|DualSense 컨트롤러 지원|DualSense 컨트롤러 지원|Steam Cloud|레벨 에디터 포함|Remote Play TV|Remote Play Together|가족 공유,멀티플레이어|협동|온라인 협동|PvP,15,2016년 3월 4일,Clever Endeavour Games,Clever Endeavour Games,https://shared.akamai.steamstatic.com/store_item_assets/steam/apps/386940/header.jpg?t=1765298731,"Ultimate Chicken Horse는 파티 플랫포머 게임으로 플레이하며 레벨을 올리고, 함정과 위험 요소를 설치하여 친구들을 쓰려뜨려야 합니다. 하지만 자기가 판 함정에 걸리면 안 되겠죠."
2987180,ACTION GAME MAKER,False,105000,63000,40,5,복합적,67,0.5821,애니메이션과 모델링|디자인과 일러스트레이션|소프트웨어 교육|웹 퍼블리싱|게임 개발,컨트롤러 일부 지원,,9,2025년 6월 16일,Gotcha Gotcha Games,Gotcha Gotcha Games,https://shared.akamai.steamstatic.com/store_item_assets/steam/apps/2987180/header.jpg?t=1787796197,"『ACTION GAME MAKER』는 누구나 프로그래밍 없이 2D 액션 게임을 제작할 수 있는 「Maker(쯔꾸르)」 시리즈의 최신작! 기본 엔진으로 Godot Engine을 채택하고, UI를 현대적으로 개편하여 기존의 쯔꾸르와는 차별화된 고성능 도구로 진화! 다양한 샘플 소재도 포함되어 있어, 바로 나만의 게임을 만들 수 있습니다! 당신의 상상력을 해방하세요!"
1761620,Headbangers: Rhythm Royale,False,38700,3870,90,6,대체로 긍정적,1208,0.7012,캐주얼,멀티플레이어|PvP|온라인 PvP|크로스 플랫폼 멀티플레이어|Steam 도전 과제|컨트롤러 완벽 지원|게임패드 권장|DUALSHOCK 컨트롤러 지원|DUALSHOCK 컨트롤러 지원|DualSense 컨트롤러 지원|DualSense 컨트롤러 지원|가족 공유,멀티플레이어|PvP,10,2023년 10월 31일,Glee-Cheese Studio,Team17,https://shared.akamai.steamstatic.com/store_item_assets/steam/apps/1761620/header.jpg?t=1761838683,경쾌한 리듬 배틀 로얄 게임인 Headbangers는 마스터 Headbangers 타이틀을 차지하기 위해 29마리의 다른 플레이어 비둘기들과 경쟁하며 퀘스트를 완료해야 합니다!
2933200,투코니: 숲의 돌보미,False,8900,6670,25,9,압도적으로 긍정적,553,0.9928,어드벤처|캐주얼|인디,싱글 플레이어|Steam 도전 과제|컨트롤러 완벽 지원|Steam 트레이딩 카드|카메라 움직임 조정|퀵타임 이벤트 없이 플레이 가능|DualSense 컨트롤러 지원|DualSense 컨트롤러 지원|Steam Cloud|가족 공유,싱글 플레이어,28,2026년 8월 17일,Dream Operator,Dream Operator|Gamersky Games,https://shared.akamai.steamstatic.com/store_item_assets/steam/apps/2933200/eeb20c60513957a884b4524327d80c4d203de751/header_alt_assets_2_koreana.jpg?t=1787744919,"후우— 낙엽을 품은 가을바람이 불어왔어요! 동글동글한 도토리 가방을 메고 바스락거리는 낙엽 소리를 따라 숲속을 탐험해 보세요. 기발한 미니게임으로 동물 친구들의 겨울나기를 돕고, 따뜻한 차 한 잔과 포근한 이야기를 만나보세요."
1351240,Taxi Life: A City Driving Simulator,False,37500,12000,68,5,복합적,5673,0.624,시뮬레이션,싱글 플레이어|Steam 도전 과제|음량 개별 조절|난이도 조정|퀵타임 이벤트 없이 플레이 가능|수시 저장|스테레오 사운드|서라운드 사운드|컨트롤러 일부 지원|Steam Cloud|가족 공유,싱글 플레이어,15,2024년 3월 7일,Simteract,Nacon,https://shared.akamai.steamstatic.com/store_item_assets/steam/apps/1351240/header.jpg?t=1775568873,자신의 자동차와 회사의 운전대를 잡고 바르셀로나 곳곳으로 승객을 나르며 회사를 성장시키세요! 잠들지 않는 도시의 교통 문제를 완화하는 데 이바지할 수 있을까요?
1166860,Rival Stars Horse Racing: Desktop Edition,False,31000,12400,60,8,매우 긍정적,5275,0.9183,레이싱|시뮬레이션|스포츠|전략,싱글 플레이어|멀티플레이어|PvP|온라인 PvP|Steam 도전 과제|컨트롤러 완벽 지원|Steam 트레이딩 카드|Steam Cloud|통계|가족 공유,싱글 플레이어|멀티플레이어|PvP,13,2020년 6월 24일,PikPok,PikPok,https://shared.akamai.steamstatic.com/store_item_assets/steam/apps/1166860/3a916dd8a000ab822baccba6aa4f76638382d0af/header.jpg?t=1775184582,"Rival Stars Horse Racing은 멋지고 실제 같은, 깊이 있는 사육 시스템, 다양한 흥미진진한 게임 모드를 통해 승마 팬에게 궁극의 경마 및 승마 경험을 제공합니다. 고삐를 쥐고 승마의 전설이 되세요!"
393080,Call of Duty®: Modern Warfare® Remastered (2017),False,55900,55900,0,5,복합적,15758,0.5445,액션,싱글 플레이어|멀티플레이어|PvP|온라인 PvP|협동|온라인 협동|Steam 도전 과제|가족 공유,싱글 플레이어|멀티플레이어|협동|온라인 협동|PvP,12,2017년 7월 27일,Raven Software|Beenox,Activision,https://shared.akamai.steamstatic.com/store_item_assets/steam/apps/393080/header.jpg?t=1780963789,"One of the most critically-acclaimed games in history, Call of Duty: Modern Warfare is back, remastered in true high-definition, featuring improved textures, physically based rendering, high-dynamic range lighting and much more."
3808690,Pathogenic 패서제닉,False,10500,10500,0,8,매우 긍정적,3826,0.9302,액션|인디|RPG|시뮬레이션,싱글 플레이어|멀티플레이어|협동|스크린 공유 및 분할 협동|공유 및 분할 화면|Steam 도전 과제|컨트롤러 완벽 지원|Steam 창작마당|DUALSHOCK 컨트롤러 지원|DUALSHOCK 컨트롤러 지원|DualSense 컨트롤러 지원|DualSense 컨트롤러 지원|Steam Cloud|Steam 순위표|Remote Play TV|Remote Play Together|가족 공유,싱글 플레이어|멀티플레이어|협동,12,2026년 7월 16일,Aberrant Labs,Slug Disco,https://shared.akamai.steamstatic.com/store_item_assets/steam/apps/3808690/61607b65d95681ef02bae9bf79099bc6fe511b56/header.jpg?t=1787820157,"당신은 질병입니다. 미시 세계 로그라이크 슈터에서 하나의 병원체로 시작해 인간의 몸을 감염 시키세요. 소기관을 수집해 기생충을 진화시키고, 숙주의 면역계에 맞서 싸우세요. 매번 다른 구조로 펼쳐지는 아름다운 초소형 세계를 하나씩 정복해 나가세요."
1929290,비츠 앤 밥스 Bits & Bops,False,17500,17500,0,8,매우 긍정적,2085,0.9228,액션|캐주얼|인디,싱글 플레이어|멀티플레이어|협동|스크린 공유 및 분할 협동|공유 및 분할 화면|Steam 도전 과제|컨트롤러 완벽 지원|Steam 창작마당|카메라 움직임 조정|색상 대체|음량 개별 조절|키보드 전용 옵션|게임 메뉴 음성 안내|퀵타임 이벤트 없이 플레이 가능|DUALSHOCK 컨트롤러 지원|DUALSHOCK 컨트롤러 지원|DualSense 컨트롤러 지원|DualSense 컨트롤러 지원|스테레오 사운드|Steam Cloud|Remote Play Together|가족 공유,싱글 플레이어|멀티플레이어|협동,12,2025년 12월 9일,Tempo Lab Games,Tempo Lab Games,https://shared.akamai.steamstatic.com/store_item_assets/steam/apps/1929290/352d1a957c09b3a7bdd5cf4492ae924b8fa51ed3/header.jpg?t=1780572844,"Bits & Bops는 독창적인 리듬 미니게임 모음집입니다! 귀에 쏙 들어오는 음악과 척척 흘러가는 게임플레이, 재미있는 손그림 애니메이션으로 채워진 Bits & Bops가 당신의 하루를 행복하게 해 드립니다."
3963030,Pickle Pete,False,8700,5390,38,8,매우 긍정적,97,0.8866,액션|캐주얼|RPG,싱글 플레이어|Steam 도전 과제|컨트롤러 완벽 지원|음량 개별 조절|키보드 전용 옵션|퀵타임 이벤트 없이 플레이 가능|DUALSHOCK 컨트롤러 지원|DUALSHOCK 컨트롤러 지원|DualSense 컨트롤러 지원|DualSense 컨트롤러 지원|Steam Cloud|가족 공유,싱글 플레이어,12,2026년 8월 26일,Nightowls,Nightowls,https://shared.akamai.steamstatic.com/store_item_assets/steam/apps/3963030/c43c5ec9b82acb91991cfff3b583ce1e27e1008e/header.jpg?t=1787774688,"적의 파도를 피해 구르고 쏘아대는 로그라이트 불릿 헬. 깊은 시너지를 가진 무기, 장비, 돌연변이 조합으로 파괴적인 빌드를 완성하세요. 다양한 바이옴에서 30종 이상의 고유한 보스에 맞서는 도전적인 아레나 슈터입니다."
4650950,COCORO,False,26500,21200,20,8,매우 긍정적,53,0.8868,어드벤처|캐주얼,싱글 플레이어|Steam 도전 과제|음량 개별 조절|#category_playable_at_your_own_pace|퀵타임 이벤트 없이 플레이 가능|수시 저장|스테레오 사운드|Steam Cloud|가족 공유,싱글 플레이어,4,2026년 8월 26일,Frontwing,Frontwing USA|GOOD SMILE COMPANY,https://shared.akamai.steamstatic.com/store_item_assets/steam/apps/4650950/4b8a20afcad0f7d06b207c2b9244a2cad1a7039d/header.jpg?t=1787887675,"""Please make me human."" A visual novel about a robot longing to become ""human"" in a world torn apart by rampaging AI. An unforgettable summer unfolds between a boy who has nowhere to call home and a humanoid girl who dreams of marriage..."
2699820,짱구는 못말려 「탄광마을의 흰둥이」,False,42800,42800,0,9,압도적으로 긍정적,947,0.9588,어드벤처|캐주얼|시뮬레이션,싱글 플레이어|Steam 도전 과제|컨트롤러 완벽 지원|게임패드 권장|DUALSHOCK 컨트롤러 지원|DUALSHOCK 컨트롤러 지원|Steam Cloud|가족 공유,싱글 플레이어,7,2024년 10월 23일,"h.a.n.d., Inc.",Neos Corporation,https://shared.akamai.steamstatic.com/store_item_assets/steam/apps/2699820/header_koreana.jpg?t=1748340501,양양 그리고 탄광마을 두개의 세계를 오가는 짱구의 신기 일상이 시작된다.
2717010,칼파: 코스믹 심포니(KALPA: Cosmic Symphony),False,22000,22000,0,8,매우 긍정적,857,0.8576,액션|캐주얼|인디|스포츠|무료 플레이,싱글 플레이어|멀티플레이어|PvP|온라인 PvP|가족 공유,싱글 플레이어|멀티플레이어|PvP,5,2025년 10월 1일,QueseraGames,QueseraGames,https://shared.akamai.steamstatic.com/store_item_assets/steam/apps/2717010/52f4b6ad5b54f3c86ee83b248192242142e19389/header.jpg?t=1785151510,"스토리와 음악이 맞물려 돌아가는 차세대 리듬게임. 유명 작곡가의 오리지널·라이선스 명곡과 방대한 스토리 PLAY, 랜덤 매치·고스트 랭크·아스트라 등 다양한 모드로 끝없는 도전을 즐겨보세요. 당신의 연주가 곧 세계의 운명이 됩니다."
4144680,DEAD OR ALIVE 6 Last Round,False,49800,49800,0,4,대체로 부정적,1320,0.2636,액션,싱글 플레이어|멀티플레이어|PvP|온라인 PvP|스크린 공유 및 분할 PvP|공유 및 분할 화면|Steam 도전 과제|컨트롤러 완벽 지원|게임패드 권장|키보드 전용 옵션|Steam Cloud|Steam 순위표|가족 공유,싱글 플레이어|멀티플레이어|PvP,10,2026년 6월 24일,"KOEI TECMO GAMES CO., LTD.","KOEI TECMO GAMES CO., LTD.",https://shared.akamai.steamstatic.com/store_item_assets/steam/apps/4144680/e94fe79e24de4c1488f1967f13144c6df66b5b51/header.jpg?t=1787792546,"전략성 넘치는 게임 시스템, 화려한 필살기와 다이나믹한 연출, 개성 넘치는 캐릭터들이 매력인 격투 엔터테이먼트, 3D 격투 액션 게임 『DEAD OR ALIVE 6』 재시동!"
2313020,우마무스메 프리티 더비 열혈 우당탕탕 대감사제!,False,54800,16440,70,6,대체로 긍정적,1576,0.7449,액션,싱글 플레이어|멀티플레이어|PvP|온라인 PvP|스크린 공유 및 분할 PvP|공유 및 분할 화면|Steam 도전 과제|Steam 트레이딩 카드|게임패드 권장|컨트롤러 일부 지원|Steam Cloud|Steam 순위표|Remote Play Together|가족 공유,싱글 플레이어|멀티플레이어|PvP,9,2024년 8월 29일,"Cygames, Inc.|Arc System Works","Cygames, Inc.",https://shared.akamai.steamstatic.com/store_item_assets/steam/apps/2313020/header_koreana.jpg?t=1759219347,도트 캐릭터가 된 우마무스메들이 봄의 팬 대감사제 특별 이벤트 『우당탕탕 GP(그랑프리)』에 도전합니다. 우당탕탕 경기에 도전하는 우마무스메들. 과연 4가지 경기를 제패하고 우승하는 건 어느 팀일 것인가!
2253100,Everwind,False,33000,24750,25,8,매우 긍정적,3767,0.815,어드벤처|인디|RPG|시뮬레이션|앞서 해보기,싱글 플레이어|멀티플레이어|협동|온라인 협동|Steam 도전 과제|컨트롤러 완벽 지원|Steam 트레이딩 카드|음량 개별 조절|퀵타임 이벤트 없이 플레이 가능|Steam Cloud|가족 공유,싱글 플레이어|멀티플레이어|협동|온라인 협동,10,2026년 3월 17일,Enjoy Studio S.A.,Bohemia Interactive,https://shared.akamai.steamstatic.com/store_item_assets/steam/apps/2253100/81c5fb1f7602d9fe92ae9971e9c2b587e6cbeb54/header.jpg?t=1786523331,"Everwind는 일인칭으로 진행되는 새로운 RPG 샌드박스 서바이벌 게임입니다. 친구와 함께 모험을 떠나세요. 하늘 위의 섬이자 비행선 위에 기지를 짓고, 자원을 모으고, 전리품을 확보하고, 싸우면서 구름 위로 올라 이 세상의 미스터리를 파헤치세요!"
420530,OneShot,False,11000,11000,0,9,압도적으로 긍정적,64802,0.9825,어드벤처|캐주얼|인디,싱글 플레이어|Steam 도전 과제|Steam 트레이딩 카드|컨트롤러 일부 지원|Steam Cloud|가족 공유,싱글 플레이어,9,2016년 12월 8일,Future Cat LLC,KOMODO,https://shared.akamai.steamstatic.com/store_item_assets/steam/apps/420530/header.jpg?t=1785326211,"원샷(OneShot)은 신감각의 초현실 퍼즐/어드벤처 게임으로, 플레이어는 주인공 니코를 데리고 붕괴되어가는 세상에 태양을 복원시킬 임무를 띠고 모험을 떠나게 됩니다. 과연 니코는 세상을 구하고, 무사히 집으로 돌아갈 수 있을까요?"
3991720,Sisters Connect 전하고 싶은 진심,False,16500,11550,30,8,매우 긍정적,112,0.9018,인디|RPG|시뮬레이션,싱글 플레이어|Steam Cloud|가족 공유,싱글 플레이어,5,2025년 12월 10일,光雪茶会,akaeroCore,https://shared.akamai.steamstatic.com/store_item_assets/steam/apps/3991720/e27667c2a4f38b64391a4cd4883d66c94cbeced6/header_koreana.jpg?t=1772093360,"오빠와 두 여동생들의 동거 생활이 펼쳐진다. 추억과 소란이 교차하는 나날 속에서, 가볍고 따뜻한 스토리를 체험해 보세요."
1730700,아바마마와 돌아온 데굴데굴~ 쫀득쫀득~ 괴혼,False,34800,8700,75,9,압도적으로 긍정적,2660,0.9568,액션,싱글 플레이어|Steam 도전 과제|컨트롤러 완벽 지원|Steam 트레이딩 카드|DUALSHOCK 컨트롤러 지원|DUALSHOCK 컨트롤러 지원|DualSense 컨트롤러 지원|DualSense 컨트롤러 지원|Steam Cloud|가족 공유,싱글 플레이어,9,2023년 6월 1일,MONKEYCRAFT Co. Ltd.,Bandai Namco Entertainment,https://shared.akamai.steamstatic.com/store_item_assets/steam/apps/1730700/header_koreana.jpg?t=1706555303,"2005년에 발매된 『괴혼』 시리즈의 두 번째 작품 『데굴데굴~ 쫀득쫀득~ 괴혼』이 리마스터 버전으로 등장했어요. 『괴혼』다운 표현은 그대로, 더욱 아름다운 비주얼로 진화했어요. 또한, 일부 UI도 개선하여 더 즐겁게 플레이할 수 있답니다."
1016920,Unrailed!,False,24000,24000,0,8,매우 긍정적,19729,0.9317,액션|캐주얼|인디,싱글 플레이어|멀티플레이어|PvP|온라인 PvP|스크린 공유 및 분할 PvP|협동|온라인 협동|스크린 공유 및 분할 협동|공유 및 분할 화면|크로스 플랫폼 멀티플레이어|Steam 도전 과제|컨트롤러 완벽 지원|Steam 트레이딩 카드|게임패드 권장|DUALSHOCK 컨트롤러 지원|DUALSHOCK 컨트롤러 지원|DualSense 컨트롤러 지원|DualSense 컨트롤러 지원|Steam 순위표|Remote Play 휴대전화|Remote Play 태블릿|Remote Play TV|Remote Play Together|가족 공유,싱글 플레이어|멀티플레이어|협동|온라인 협동|PvP,15,2020년 9월 23일,Indoor Astronaut,Daedalic Entertainment,https://shared.akamai.steamstatic.com/store_item_assets/steam/apps/1016920/header.jpg?t=1773842519,"협동 멀티 플레이 게임 Unrailed!에서 여러분은 친구들과 한 팀이 되어, 끝없이 확장되는 세계 곳곳에 철도를 건설해야 합니다. 무작위로 일어나는 서식 생물과의 접촉을 잘 처리하고 열차를 업그레이드하세요. 또, 열차가 탈선하지 않게 하세요!"
2698470,Kemono Teatime,False,14500,14500,0,9,압도적으로 긍정적,1668,0.9514,어드벤처|인디|시뮬레이션,싱글 플레이어|Steam 도전 과제|컨트롤러 완벽 지원|Steam Input API 지원|Steam Cloud|가족 공유,싱글 플레이어,4,2025년 9월 3일,Studio Lalala|Kotoneiro|WHO YOU,Studio Lalala|FURYU CORPORATION,https://shared.akamai.steamstatic.com/store_item_assets/steam/apps/2698470/header.jpg?t=1786676201,"Relax in the world of Kemono Teatime, where animal ears are a normal part of everyday life. Here in Melodius, you can whip up whatever blends of tea you desire in your favorite cafe as you play through an adorable story. Come now and live out your bestest and cutest life—down to the last drop."
1538550,LEGO® Voyagers,False,26800,16080,40,8,매우 긍정적,3113,0.884,어드벤처|캐주얼,멀티플레이어|협동|온라인 협동|스크린 공유 및 분할 협동|공유 및 분할 화면|Steam 도전 과제|컨트롤러 완벽 지원|게임패드 권장|DUALSHOCK 컨트롤러 지원|DUALSHOCK 컨트롤러 지원|DualSense 컨트롤러 지원|DualSense 컨트롤러 지원|Steam Cloud|Remote Play Together|가족 공유,멀티플레이어|협동|온라인 협동,14,2025년 9월 15일,Light Brick Studio,Annapurna Interactive,https://shared.akamai.steamstatic.com/store_item_assets/steam/apps/1538550/db718ae2be60558df2ef9fcd65302ad87a6045d4/header.jpg?t=1765323947,LEGO® Builder's Journey 제작진이 선보이는 우정과 놀이에 관한 새로운 2인 협동 어드벤처. 버려진 우주선을 구하는 것을 임무로 삼은 두 친구는 꿈에 그리던 그 이상의 여정을 시작합니다.
2444660,네개의 빛 : 제 1세계 [Iruka Route],False,14000,14000,0,7,긍정적,46,0.9783,어드벤처|인디,싱글 플레이어|가족 공유,싱글 플레이어,2,2023년 6월 15일,"Tiamant Co., Ltd.","Tiamant Co., Ltd.",https://shared.akamai.steamstatic.com/store_item_assets/steam/apps/2444660/bc64c2b67c9bc7333aadb82f38bb26dc5d3bf15a/header.jpg?t=1787768834,루시퍼의 타깃이 된 이비와 이루카. 테러를 시작으로 그들에게 불행이 엄습한다. 천사와 함께 세상을 등지고 사랑하는 이들을 지켜라.
2078350,블루이: 비디오 게임,False,31000,18600,40,6,대체로 긍정적,616,0.7451,액션|어드벤처,싱글 플레이어|멀티플레이어|협동|스크린 공유 및 분할 협동|공유 및 분할 화면|Steam 도전 과제|컨트롤러 완벽 지원|가족 공유,싱글 플레이어|멀티플레이어|협동,17,2023년 11월 17일,Artax Games.|Casual Brothers Ltd.,Outright Games Ltd.,https://shared.akamai.steamstatic.com/store_item_assets/steam/apps/2078350/ed68331219acba095373671ef6cd4a87a13d174e/header_koreana.jpg?t=1759309640,"4가지 인터랙티브 어드벤처로 구성된 새로운 스토리를 플레이하고, 상징적인 장소를 탐험하고, TV 쇼에서 좋아하는 게임을 플레이하고, 로컬 멀티플레이어에서 친구 및 가족과 함께 플레이하세요."
3326230,Hozy,False,15000,15000,0,8,매우 긍정적,4687,0.8048,캐주얼|인디|시뮬레이션,싱글 플레이어|Steam 도전 과제|카메라 움직임 조정|색상 대체|#category_contrast_controls|음량 개별 조절|마우스 전용 옵션|#category_playable_at_your_own_pace|퀵타임 이벤트 없이 플레이 가능|DUALSHOCK 컨트롤러 지원|DualSense 컨트롤러 지원|수시 저장|컨트롤러 일부 지원|Steam Cloud|가족 공유,싱글 플레이어,12,2026년 3월 30일,Come On Studio,tinyBuild,https://shared.akamai.steamstatic.com/store_item_assets/steam/apps/3326230/abe77fa1d9d2452e2b59d785fd6058e8b33868db/header.jpg?t=1786097731,"취미로 한 번에 방 하나씩 아늑하게 만들면서, 잊힌 동네를 복원하세요. Hozy에서 직관적인 조작을 통해 만족스러운 방식으로 버려진 주택들을 청소하고 페인트칠하며 장식하세요. 도구와 아이템, 가구와 상호작용하며 세세한 디테일을 만끽하며 각각의 공간을 되살려 내세요."
620980,Beat Saber,False,30800,30800,0,9,압도적으로 긍정적,76243,0.9549,인디,싱글 플레이어|멀티플레이어|PvP|온라인 PvP|추적되는 컨트롤러 지원|VR 전용|Steam 순위표|가족 공유,싱글 플레이어|멀티플레이어|PvP,7,2019년 5월 21일,Beat Games,Beat Games,https://shared.akamai.steamstatic.com/store_item_assets/steam/apps/620980/3067664ee110fed550f5c3a1b74340cabd7d53f0/header.jpg?t=1787837209,Beat Saber는 미래지향적인 세계에 둘러싸여 아드레날린이 솟구치는 음악의 비트가 날아오는 대로 베어버리는 VR 리듬 게임입니다.
857450,ISLAND,False,41000,41000,0,8,매우 긍정적,1775,0.9465,어드벤처|캐주얼,싱글 플레이어|Steam 트레이딩 카드|음량 개별 조절|#category_playable_at_your_own_pace|퀵타임 이벤트 없이 플레이 가능|수시 저장|스테레오 사운드|Steam Cloud|가족 공유,싱글 플레이어,3,2018년 8월 23일,Frontwing,Frontwing USA,https://shared.akamai.steamstatic.com/store_item_assets/steam/apps/857450/header.jpg?t=1787794801,"Sanzenkai Setsuna awakens on the shore of isolated island Urashima with no memories of his past. Befriending three local girls, Rinne, Karen, and Sara, Setsuna's quest to discover the secrets of Urashima and how they tie into his own past - and future - begins."
1985960,오구와 비밀의 숲,False,24000,24000,0,8,매우 긍정적,2077,0.9422,어드벤처,싱글 플레이어|Steam 도전 과제|컨트롤러 완벽 지원|Steam 트레이딩 카드|음량 개별 조절|난이도 조정|게임패드 권장|키보드 전용 옵션|DUALSHOCK 컨트롤러 지원|DUALSHOCK 컨트롤러 지원|DualSense 컨트롤러 지원|DualSense 컨트롤러 지원|수시 저장|스테레오 사운드|서라운드 사운드|Steam Cloud|가족 공유,싱글 플레이어,12,2024년 7월 29일,Moonlab Studio|Sinkhole Studio, Sinkhole Studio|2P Games,https://shared.akamai.steamstatic.com/store_item_assets/steam/apps/1985960/1af51b5044b27ac5c433e26b40e26c3e0ecf6689/header_koreana.jpg?t=1784527582,"탐험 모자를 쓴 아기 오구와 함께 새로운 세계를 탐험하세요! 귀여운 캐릭터들과 수많은 비밀이 가득한 세계에서 새로운 친구들을 사귀고, 적을 물리치며 수수께끼를 풀어보세요"
1700870,Clanfolk 클랜포크,False,29900,14950,50,8,매우 긍정적,4036,0.9172,RPG|시뮬레이션|전략|앞서 해보기,싱글 플레이어|텍스트 크기 조정|음량 개별 조절|난이도 조정|수시 저장|스테레오 사운드|Steam Cloud|가족 공유,싱글 플레이어,14,2022년 7월 14일,MinMax Games Ltd.,Hooded Horse,https://shared.akamai.steamstatic.com/store_item_assets/steam/apps/1700870/header_koreana.jpg?t=1787905503,"Clanfolk는 중세 스코틀랜드 산악 지대 배경의 개척 시뮬레이션입니다. 환경을 활용해 생존하세요. 혹독한 겨울을 낚시, 채집, 사냥, 농사로 대비해야 합니다. 여관을 건설하고, 다른 클랜과 교역하며, 자녀를 낳아 결혼시키세요. 삶을 살아가며 세대에 걸쳐 번영하세요."
1084600,My Time at Sandrock,False,44800,44800,0,8,매우 긍정적,28970,0.8816,어드벤처|캐주얼|인디|RPG|시뮬레이션,싱글 플레이어|멀티플레이어|협동|온라인 협동|Steam 도전 과제|컨트롤러 완벽 지원|Steam Cloud|가족 공유,싱글 플레이어|멀티플레이어|협동|온라인 협동,12,2023년 11월 2일,Pathea Games,"Pathea Games|Focus Entertainment|PM Studios, Inc.|DMM Games",https://shared.akamai.steamstatic.com/store_item_assets/steam/apps/1084600/header.jpg?t=1784773821,"사막 도시 샌드록으로 떠나 초보 공방주의 역할을 수행하세요. 여러분의 든든한 도구를 사용해 자원을 모으고, 기계를 만들고, 무너져가는 공방을 효율적인 생산 시설로 만들어, 마을을 경제 위기의 문턱으로부터 구하세요!"
4423110,Don’t Pull Me!,False,5450,5450,0,7,긍정적,35,0.8571,어드벤처|캐주얼|인디,싱글 플레이어|멀티플레이어|협동|온라인 협동|Steam 도전 과제|색상 대체|음량 개별 조절|#category_playable_at_your_own_pace|퀵타임 이벤트 없이 플레이 가능|스테레오 사운드|Steam Cloud|Steam 순위표|가족 공유,싱글 플레이어|멀티플레이어|협동|온라인 협동,16,2026년 7월 31일,Komplo Games,Komplo Games,https://shared.akamai.steamstatic.com/store_item_assets/steam/apps/4423110/64b85243d96223b77bcd05fd01e0041c9af82121/header.jpg?t=1785633918,"Don’t Pull Me는 물리 기반 협동 파쿠르 게임으로 1~4명이 함께 플레이합니다. 밧줄로 서로 연결된 상태에서 당신과 친구들은 올라가고, 흔들며 이동하고, 물건을 운반하고, 엉망진창인 래그돌 재난 속에서도 살아남아야 합니다. 팀 전체를 끌어내리지 않도록 조심하세요."
2005050,Dance Dash,False,21500,21500,0,8,매우 긍정적,195,0.8256,액션|캐주얼|인디|스포츠|앞서 해보기,싱글 플레이어|추적되는 컨트롤러 지원|VR 지원|게임패드 권장|Steam 순위표|레벨 에디터 포함|가족 공유,싱글 플레이어,1,2023년 9월 14일,Rebuff Reality,Rebuff Reality,https://shared.akamai.steamstatic.com/store_item_assets/steam/apps/2005050/header.jpg?t=1733815292,Arcade-style rhythm pumping FREE FULL BODY TRACKING on VR & PC. Empowered by mobile/webcam AI tracking. Groove to 100s of community songs and maps IN-GAME plus viral dance videos and MVs.
448280,Job Simulator,False,21500,21500,0,8,매우 긍정적,5455,0.9129,액션|캐주얼|인디|시뮬레이션,싱글 플레이어|Steam 도전 과제|추적되는 컨트롤러 지원|VR 전용|Steam 트레이딩 카드|캡션 이용 가능|VR 지원|SteamVR 수집품|가족 공유,싱글 플레이어,1,2016년 4월 5일,Owlchemy Labs,Owlchemy Labs,https://shared.akamai.steamstatic.com/store_item_assets/steam/apps/448280/header.jpg?t=1786933651,"In a world where robots have replaced all human jobs, step into the ""Job Simulator"" to learn what it was like 'to job'."
345610,The Fruit of Grisaia,False,43000,43000,0,8,매우 긍정적,1118,0.9231,어드벤처|캐주얼,싱글 플레이어|Steam 트레이딩 카드|음량 개별 조절|#category_playable_at_your_own_pace|퀵타임 이벤트 없이 플레이 가능|수시 저장|스테레오 사운드|Steam Cloud|가족 공유,싱글 플레이어,1,2015년 5월 29일,Frontwing,Frontwing USA,https://shared.akamai.steamstatic.com/store_item_assets/steam/apps/345610/header.jpg?t=1787802890,"SIX FRUITS BARE THEIR FANGS AT THE WORLD. --The academy was their orchard. In this place of learning, protected by high walls from the outside world, there arrived a single young man who'd lost his purpose in life. He'd lost sight of what he wanted to protect."
1857740,MOBILE SUIT GUNDAM SEED BATTLE DESTINY REMASTERED,False,49800,29880,40,6,대체로 긍정적,852,0.7876,액션|캐주얼|RPG,싱글 플레이어|Steam 도전 과제|컨트롤러 완벽 지원|게임패드 권장|DUALSHOCK 컨트롤러 지원|DUALSHOCK 컨트롤러 지원|DualSense 컨트롤러 지원|DualSense 컨트롤러 지원|Steam Input API 지원|Steam Cloud|가족 공유,싱글 플레이어,3,2025년 5월 21일,Bandai Namco Forge Digitals Inc.,Bandai Namco Entertainment Inc.,https://shared.akamai.steamstatic.com/store_item_assets/steam/apps/1857740/header.jpg?t=1752051633,"「기동전사 건담 SEED 시리즈」의 세계에서 파일럿이 되어보자! 미션을 클리어하고 기체를 획득, 새로운 기체를 강화하며 다음 미션에 도전하는 건담 배틀 액션을 체감하라!"
3404470,몰티즈와 복실복실 온천,False,6700,6700,0,8,매우 긍정적,3112,0.9457,캐주얼|인디|시뮬레이션,싱글 플레이어|Steam 도전 과제|Steam Cloud|가족 공유,싱글 플레이어,13,2025년 5월 13일,Sinkhole Studio|Moonlab Studio,Sinkhole Studio|Paleo|XD,https://shared.akamai.steamstatic.com/store_item_assets/steam/apps/3404470/7a9cb4e6b547a428a163536c7aac009928ba9b40/header_koreana.jpg?t=1786089315,동물들이 찾아오는 목욕탕을 운영해보세요. 몰티즈와 복실복실 온천은 화면 하단에 배치해 다른 일을 하는 동안 즐길 수 있는 느긋한 시뮬레이션 게임입니다. 다양한 온도의 탕과 쉼터를 배치해 다양한 친구들의 휴식을 도와주세요
3180240,Tetris® Forever,False,37500,16870,55,6,대체로 긍정적,378,0.7354,캐주얼,싱글 플레이어|멀티플레이어|PvP|스크린 공유 및 분할 PvP|공유 및 분할 화면|Steam 도전 과제|컨트롤러 완벽 지원|Steam 트레이딩 카드|Steam Cloud|Remote Play Together|가족 공유,싱글 플레이어|멀티플레이어|PvP,8,2024년 11월 12일,Digital Eclipse,Digital Eclipse|Atari,https://shared.akamai.steamstatic.com/store_item_assets/steam/apps/3180240/header.jpg?t=1773073787,"15개가 넘는 게임, 새로운 게임, 다큐멘터리 영상과 함께 테트리스®의 40년을 축하해 주세요"
541570,Sally Face - Episode One,False,3400,3400,0,9,압도적으로 긍정적,28931,0.9734,어드벤처|인디,싱글 플레이어|Steam 도전 과제|컨트롤러 완벽 지원|Steam 트레이딩 카드|Steam Cloud|가족 공유,싱글 플레이어,12,2016년 12월 14일,Portable Moose,Portable Moose,https://shared.akamai.steamstatic.com/store_item_assets/steam/apps/541570/header.jpg?t=1787576437,"인공 얼굴을 착용한 소년을 따라가는 불안한 모험. 수수께끼의 살인 사건이 연달아 일어난 후, 샐과 세 명의 친구들은 그들이 사는 작은 마을에 정말로 불길한 무언가가 그림자를 드리우고 있음을 알게 됩니다."
4459850,NAMCO LEGENDARY Mountains,False,21000,16800,20,7,긍정적,28,0.9643,캐주얼,싱글 플레이어|Steam 도전 과제|#category_playable_at_your_own_pace|퀵타임 이벤트 없이 플레이 가능|DUALSHOCK 컨트롤러 지원|DualSense 컨트롤러 지원|컨트롤러 일부 지원|Steam Cloud|Steam 순위표|Remote Play Together|가족 공유,싱글 플레이어,11,2026년 6월 24일,BeXide Inc.,BeXide Inc.,https://shared.akamai.steamstatic.com/store_item_assets/steam/apps/4459850/1072308d8e6a4ca6ec2d4de98a820553beb23e4b/header.jpg?t=1787630555,"Classic Namco arcades, reborn as a 3D puzzle! 80s legends return in a brand-new form!"
3440070,Dinoblade,False,21000,21000,0,8,매우 긍정적,2471,0.9008,액션|인디|RPG,싱글 플레이어|Steam 도전 과제|컨트롤러 완벽 지원|Steam Cloud|Steam 순위표|가족 공유,싱글 플레이어,19,2026년 7월 23일,Team Spino LLC,Team Spino LLC|Boltray Games,https://shared.akamai.steamstatic.com/store_item_assets/steam/apps/3440070/d3bb8fe273de5f89504044835ff413c938552ed4/header.jpg?t=1787282583,"《Dinoblade》는 대재앙으로 인해 영원히 변화한 태고의 세계를 배경으로 한 하이텐션 액션 RPG입니다. 젊은 스피노사우루스가 되어 거대한 대검을 휘두르며, 강적 공룡들과 맞서 다가오는 멸종을 저지하기 위한 전투에 나서십시오."
3947830,수상한 편의점,False,5000,5000,0,0,사용자 평가 5개,5,0.8,어드벤처|캐주얼|인디|시뮬레이션,싱글 플레이어|앱 내 구매|퀵타임 이벤트 없이 플레이 가능|수시 저장,싱글 플레이어,3,2025년 9월 29일,11 Dot Studio,11 Dot Studio,https://shared.akamai.steamstatic.com/store_item_assets/steam/apps/3947830/d41c0c248228e5f495bb31347d6a9753acd5482c/header_koreana.jpg?t=1786512988,"편의점 알바가 되어 AI 진상들을 퇴치하는 신개념 채팅 게임. 정해진 선택지는 없습니다. 현실에선 참아야 했던 말들을 자유롭게 입력하고, 매번 다른 AI의 리액션을 경험하세요. 당신의 판타지를 실현시켜주는 스트레스 해소 게임!"
621060,PC 제작 시뮬레이터,False,21500,21500,0,8,매우 긍정적,52740,0.935,인디|시뮬레이션,싱글 플레이어|Steam 도전 과제|Steam 트레이딩 카드|Steam 창작마당|컨트롤러 일부 지원|Steam Cloud|Remote Play 휴대전화|Remote Play 태블릿|가족 공유,싱글 플레이어,10,2019년 1월 29일,Claudiu Kiss|The Irregular Corporation,The Irregular Corporation,https://shared.akamai.steamstatic.com/store_item_assets/steam/apps/621060/header.jpg?t=1653555111,"PC를 진단하고 수리하고 제작하는 법을 배우면서, 자기만의 컴퓨터 수리 기업을 구축하고 성장시키세요. 현실의 부품 회사로부터 사용 허가를 받은 실제 부품과 종합적인 하드웨어 및 소프트웨어 시뮬레이션을 통해, 궁극의 PC를 계획하고 완성할 수 있습니다."
4130120,Genome Guardian 2,False,17500,12250,30,8,매우 긍정적,409,0.9707,액션|캐주얼|인디|RPG|앞서 해보기,싱글 플레이어|Steam 도전 과제|컨트롤러 완벽 지원|카메라 움직임 조정|색상 대체|음량 개별 조절|난이도 조정|마우스 전용 옵션|퀵타임 이벤트 없이 플레이 가능|DUALSHOCK 컨트롤러 지원|DUALSHOCK 컨트롤러 지원|DualSense 컨트롤러 지원|DualSense 컨트롤러 지원|수시 저장|Steam Cloud|가족 공유,싱글 플레이어,10,2026년 3월 5일,Alpherior,Alpherior,https://shared.akamai.steamstatic.com/store_item_assets/steam/apps/4130120/e9852597c1338855819ac0a0c183d95288ab0d29/header.jpg?t=1787950544,깊은 전략성의 미세 슈터에서 무기를 조합하라. 수백 개 부품으로 나노봇을 구축하라. 돌연변이·광물·이상·강화 폴립 가득한 공세를 생존하라. SHMUP 모드로 세로 슈팅이 된다.
635260,CarX Drift Racing Online,False,16500,16500,0,9,압도적으로 긍정적,89242,0.951,액션|캐주얼|대규모 멀티플레이어|레이싱|시뮬레이션|스포츠,싱글 플레이어|멀티플레이어|PvP|온라인 PvP|협동|온라인 협동|크로스 플랫폼 멀티플레이어|Steam 도전 과제|VR 지원|Steam 트레이딩 카드|Steam 창작마당|카메라 움직임 조정|음량 개별 조절|난이도 조정|키보드 전용 옵션|마우스 전용 옵션|#category_playable_at_your_own_pace|퀵타임 이벤트 없이 플레이 가능|DUALSHOCK 컨트롤러 지원|DUALSHOCK 컨트롤러 지원|DualSense 컨트롤러 지원|DualSense 컨트롤러 지원|스테레오 사운드|컨트롤러 일부 지원|Steam Cloud|레벨 에디터 포함|Remote Play 휴대전화|Remote Play 태블릿|가족 공유,싱글 플레이어|멀티플레이어|협동|온라인 협동|PvP,12,2017년 11월 17일,"CarX Technologies, LLC","CarX Technologies, LLC",https://shared.akamai.steamstatic.com/store_item_assets/steam/apps/635260/7f8fd0c0df1572fa14c9505abe70e2a599cae8e7/header.jpg?t=1787303355,"Master realistic drift physics, tune 120+ cars and drift online with up to 16 players across platforms. Compete in TOP-32, build unique setups and explore hundreds of community-made Workshop maps."
3582250,Farm to Table,False,16000,16000,0,8,매우 긍정적,668,0.9162,캐주얼|인디|RPG|시뮬레이션|앞서 해보기,싱글 플레이어|Steam 도전 과제|음량 개별 조절|#category_playable_at_your_own_pace|퀵타임 이벤트 없이 플레이 가능|수시 저장|스테레오 사운드|Steam Cloud|가족 공유,싱글 플레이어,12,2026년 5월 9일,indieGiant,indieGiant,https://shared.akamai.steamstatic.com/store_item_assets/steam/apps/3582250/6574f02f34684a3fcccbf4652dbba81f299b2e71/header.jpg?t=1779452575,"기지 건설 요소가 있는 농장&레스토랑 경영 시뮬. 뒷마당에서 재배해 요리하고 서빙! 섬에서 재료를 찾아 새 레시피 해금: 채집·낚시·동물 사육·기계 생산. 자원 관리, 직원 고용, 유기농 사업을 5성급으로!"
1404850,집주인이 너무해,False,11000,8800,20,8,매우 긍정적,11522,0.9324,인디|시뮬레이션|전략,싱글 플레이어|Steam 도전 과제|컨트롤러 완벽 지원|Steam 트레이딩 카드|Steam 창작마당|텍스트 크기 조정|색상 대체|#category_contrast_controls|음량 개별 조절|난이도 조정|키보드 전용 옵션|마우스 전용 옵션|게임 메뉴 음성 안내|#category_playable_at_your_own_pace|퀵타임 이벤트 없이 플레이 가능|#category_playable_without_vision|DUALSHOCK 컨트롤러 지원|DUALSHOCK 컨트롤러 지원|DualSense 컨트롤러 지원|DualSense 컨트롤러 지원|터치 전용 옵션|Steam Cloud|Remote Play TV|가족 공유,싱글 플레이어,20,2023년 1월 6일,TrampolineTales,TrampolineTales,https://shared.akamai.steamstatic.com/store_item_assets/steam/apps/1404850/header_koreana.jpg?t=1769555096,"집주인이 문을 두드리고 있습니다. 보유한 코인은 1개뿐입니다. 슬롯머신에 코인을 넣자… 잭팟이 터졌습니다! 오늘 밤, 집주인이 너무해(Luck be a Landlord)를 즐겨보세요!"
2274620,Discounty : 크레이지 마트,False,22800,22800,0,8,매우 긍정적,2765,0.8344,캐주얼|RPG|시뮬레이션,싱글 플레이어|Steam 도전 과제|컨트롤러 완벽 지원|DualSense 컨트롤러 지원|DualSense 컨트롤러 지원|Steam Cloud|가족 공유,싱글 플레이어,11,2025년 8월 21일,Crinkle Cut Games,PQube,https://shared.akamai.steamstatic.com/store_item_assets/steam/apps/2274620/dcee83ab44e7b62221373fa0e3b3d87d3a702236/header_koreana.jpg?t=1785849260,"나만의 할인 슈퍼마켓을 경영해 보세요! 많은 비밀을 숨기고 있는 이모의 사업을 확장해 나가며 작은 마을에서 벌어지는 우여곡절에 휘말리고, 가게의 배치를 정돈 및 계획하고, 벌이가 짭짤한 거래 계약을 맺으세요. 냉동 감자튀김을 많이 팔면 이 망가진 지역 사회를 치유할 수 있을 겁니다. 어... 그렇겠죠?"
1003590,Tetris® Effect: Connected,False,41000,41000,0,8,매우 긍정적,8999,0.9447,캐주얼|인디,싱글 플레이어|멀티플레이어|PvP|온라인 PvP|스크린 공유 및 분할 PvP|협동|온라인 협동|스크린 공유 및 분할 협동|공유 및 분할 화면|크로스 플랫폼 멀티플레이어|Steam 도전 과제|컨트롤러 완벽 지원|추적되는 컨트롤러 지원|VR 지원|Steam Cloud|Steam 순위표|Remote Play Together|가족 공유,싱글 플레이어|멀티플레이어|협동|온라인 협동|PvP,10,2021년 8월 17일,Monstars Inc.|Resonair|Stage Games,Enhance,https://shared.akamai.steamstatic.com/store_item_assets/steam/apps/1003590/11d98bbb08ca8e16d015ae4a40b60920ae8dbe36/header.jpg?t=1774036904,"Tetris® Effect: Connected는 전례 없는 Tetris입니다. 세계에서 가장 인기 좋은 클래식 퍼즐 게임을 수상에 빛나는 Rez Infinite와 전설의 퍼즐 게임 Lumines를 선보인 개발진이 더 새롭고, 중독적이고, 특별하고 아름다운 버전으로 선보입니다."
1663220,Coffee Talk Episode 2: Hibiscus & Butterfly,False,16500,16500,0,9,압도적으로 긍정적,2779,0.9662,어드벤처|캐주얼|인디|시뮬레이션,싱글 플레이어|Steam 도전 과제|컨트롤러 완벽 지원|Steam 창작마당|Steam Cloud|가족 공유,싱글 플레이어,12,2023년 4월 20일,Toge Productions,Toge Productions,https://shared.akamai.steamstatic.com/store_item_assets/steam/apps/1663220/header.jpg?t=1753949707,"커피머신의 먼지를 털어내세요. 따뜻한 미소는 덤이죠. 많은 사랑을 받고 있는 커피 브루잉 및 심쿵한 대화 시뮬레이터, 커피 톡 에피소드 2: 히비스커스 & 버터플라이에서 고객을 다시 만나보세요."
3548580,Chill with You : Lo-Fi Story,False,13500,13500,0,9,압도적으로 긍정적,12445,0.9832,어드벤처|캐주얼|인디,싱글 플레이어|Steam 도전 과제|음량 개별 조절|마우스 전용 옵션|퀵타임 이벤트 없이 플레이 가능|스테레오 사운드|Steam Cloud|가족 공유,싱글 플레이어,7,2025년 11월 16일,Nestopi Inc.,Nestopi Inc.,https://shared.akamai.steamstatic.com/store_item_assets/steam/apps/3548580/2c7a564c618bbfb933436be119f0f8cb040bae4b/header.jpg?t=1786685408,"『Chill with You : Lo-Fi Story』는 소설 쓰기를 좋아하고 상상력이 풍부한 소녀 사토네와 함께 데스크워크를 즐기는 힐링형 ADV입니다. 로파이 음악과 환경음, 그리고 풍경을 취향에 맞게 꾸미며 작업에 집중해 보세요! 함께 작업할수록 서로의 신뢰가 깊어지고, 언젠가는 사토네와 마음이 통하게 될지도 모릅니다…!"
1141580,Taiji,False,27000,27000,0,8,매우 긍정적,1456,0.91,어드벤처|인디,싱글 플레이어|Steam 도전 과제|컨트롤러 완벽 지원|음량 개별 조절|퀵타임 이벤트 없이 플레이 가능|수시 저장|스테레오 사운드|Steam Cloud|가족 공유,싱글 플레이어,13,2022년 9월 9일,Matthew VanDevander,Matthew VanDevander,https://shared.akamai.steamstatic.com/store_item_assets/steam/apps/1141580/header.jpg?t=1752260208,퍼즐을 풀고 기호의 규칙을 밝혀내세요. 비밀이 숨겨져 있는 밀도 높은 세계를 탐험하세요.
2891020,언더스티드: 과거에서 온 편지,False,11000,11000,0,9,압도적으로 긍정적,1829,0.9661,캐주얼|인디|시뮬레이션,싱글 플레이어|Steam 도전 과제|컨트롤러 완벽 지원|Steam Cloud|가족 공유,싱글 플레이어,13,2025년 10월 13일,5minlab Corp.,Toge Productions,https://shared.akamai.steamstatic.com/store_item_assets/steam/apps/2891020/fc576b345b2552758883bcb0940d95ad2e3e322e/header.jpg?t=1761872202,Undusted: Letters from the Past는 더러운 물건들을 깨끗하게 닦아 복원하는 캐주얼 게임입니다. 오랫동안 방치된 집으로 돌아온 주인공은 어떤 사연을 가지고 있을까요? 감각적으로 디자인된 사운드와 그래픽에서 기분좋은 시청각적 만족감을 느껴보세요.
1975580,Wild Woods,False,20000,20000,0,6,대체로 긍정적,2006,0.7871,액션|캐주얼|인디|앞서 해보기,싱글 플레이어|멀티플레이어|협동|온라인 협동|스크린 공유 및 분할 협동|공유 및 분할 화면|Steam 도전 과제|컨트롤러 완벽 지원|Steam 트레이딩 카드|게임패드 권장|DUALSHOCK 컨트롤러 지원|DUALSHOCK 컨트롤러 지원|DualSense 컨트롤러 지원|DualSense 컨트롤러 지원|Steam Cloud|Remote Play TV|Remote Play Together|가족 공유,싱글 플레이어|멀티플레이어|협동|온라인 협동,18,2024년 12월 9일,Octofox Games,Daedalic Entertainment,https://shared.akamai.steamstatic.com/store_item_assets/steam/apps/1975580/header.jpg?t=1784122485,"Wild Woods는 액션, 팀워크, 숲 속 동물들로 가득한 협동 게임입니다. 1 ~ 4인이 각자 용감한 고양이가 되어 마차를 지키며 위험한 숲을 통과해야 합니다. 장애물로 가득한 이 길을 무사히 지날 열쇠는 바로 협력입니다."
1314000,Achilles: Legends Untold,False,27000,6750,75,6,대체로 긍정적,2663,0.7773,액션|어드벤처|캐주얼|인디|RPG,싱글 플레이어|멀티플레이어|협동|온라인 협동|Steam 도전 과제|컨트롤러 완벽 지원|Steam 트레이딩 카드|게임패드 권장|DUALSHOCK 컨트롤러 지원|DUALSHOCK 컨트롤러 지원|DualSense 컨트롤러 지원|DualSense 컨트롤러 지원|Steam Cloud|가족 공유,싱글 플레이어|멀티플레이어|협동|온라인 협동,14,2023년 11월 2일,Dark Point Games,Dark Point Games|Galaktus,https://shared.akamai.steamstatic.com/store_item_assets/steam/apps/1314000/279c286365c731e249ad3699df26ea44fd0aa77e/header.jpg?t=1786525972,"Rewrite fate with every strike. Face gods, mythic heroes, and legendary beasts in this souls-like Action RPG set in ancient Greece. Master brutal combat, unlock divine skills, and shape Achilles into the warrior only you can become."
1675620,Last Light,False,16900,16900,0,8,매우 긍정적,190,0.8263,어드벤처|인디,싱글 플레이어|Steam 도전 과제|컨트롤러 일부 지원|가족 공유,싱글 플레이어,5,2021년 8월 25일,Team Corn Field,HIKE Inc.,https://shared.akamai.steamstatic.com/store_item_assets/steam/apps/1675620/header.jpg?t=1678440394,"담력시험을 하러 가는 도중에, 친구들이 사라졌다는 사실을 깨달은 설화. 그런 설화 앞에 낡은 폐병원이 나타나고... 참극의 흔적이 새겨진 폐병원을 탐색하여, 유일한 단서인 동급생들의 학생증을 모아서 진상에 다가가세요. 필요한 건 '도망치는 용기' 뿐."
1059990,Trombone Champ,False,15500,15500,0,9,압도적으로 긍정적,11218,0.9791,캐주얼|인디,싱글 플레이어|Steam 도전 과제|Steam 트레이딩 카드|Steam 창작마당|Steam Cloud|Steam 순위표|레벨 에디터 포함|가족 공유|Steam 타임라인,싱글 플레이어,10,2022년 9월 15일,Holy Wow Studios LLC,Holy Wow Studios LLC,https://shared.akamai.steamstatic.com/store_item_assets/steam/apps/1059990/header.jpg?t=1773939289,"Honk, blow, & toot your way through over 60 songs, collect all 50 unique Tromboner Cards, and uncover the mysteries of the Trombiverse. Do you have what it takes to become the true Trombone Champ?"
3504700,4Wheel Challenge (휠체어 시뮬레이터),False,3800,3800,0,5,복합적,396,0.5909,액션|캐주얼|인디|레이싱|시뮬레이션|스포츠,싱글 플레이어|멀티플레이어|PvP|온라인 PvP|Steam 도전 과제|음량 개별 조절|키보드 전용 옵션|수시 저장|스테레오 사운드|컨트롤러 일부 지원|통계|가족 공유,싱글 플레이어|멀티플레이어|PvP,13,2025년 10월 9일,LJ3D STUDIOS,LJ3D STUDIOS,https://shared.akamai.steamstatic.com/store_item_assets/steam/apps/3504700/560f5a87bbed8a3c0acf133ef51f6cb078d95708/header.jpg?t=1782958993,"혼자서, 또는 친구들과 함께 혼돈의 모드를 즐기며 물리 법칙을 마스터하세요… 아니면 그냥 모두를 날려버리세요!"
3688130,Moldwasher,False,8800,8800,0,8,매우 긍정적,907,0.9195,캐주얼|인디|시뮬레이션,싱글 플레이어|Steam 도전 과제|컨트롤러 완벽 지원|음량 개별 조절|퀵타임 이벤트 없이 플레이 가능|DUALSHOCK 컨트롤러 지원|DUALSHOCK 컨트롤러 지원|DualSense 컨트롤러 지원|DualSense 컨트롤러 지원|Steam Cloud|가족 공유,싱글 플레이어,12,2026년 6월 23일,Rubel Games,Anshar Publishing,https://shared.akamai.steamstatic.com/store_item_assets/steam/apps/3688130/6b7437e5eb943fc5eb6f9e1d4261097cd252af7f/header_alt_assets_4.jpg?t=1786353152,"용감한 음식 영웅이 되어 곰팡이 핀 난장판을 깨끗하게 청소하세요! 고압 분사기를 장착하고, 적절한 노즐을 선택해, 아늑한 아케이드 스타일의 대청소 모험에서 끈적끈적한 곰팡이를 말끔히 제거하세요."
2666510,Rusty's Retirement,False,7800,4680,40,9,압도적으로 긍정적,14806,0.967,캐주얼|인디|시뮬레이션|전략,싱글 플레이어|Steam 도전 과제|Steam 트레이딩 카드|텍스트 크기 조정|음량 개별 조절|퀵타임 이벤트 없이 플레이 가능|수시 저장|Steam Cloud|가족 공유,싱글 플레이어,11,2024년 4월 26일,Mister Morris Games,Mister Morris Games,https://shared.akamai.steamstatic.com/store_item_assets/steam/apps/2666510/1b9c3e5c1a8a08354bed63fbeed798fcec74aff9/header.jpg?t=1782364605,다른 일을 하고 있을 동안 화면 하단에서 실행되어 편안하게 즐길 수 있는 방치형 농장 시뮬레이터입니다.
3905730,네코백과: 그녀의 꼬리를 찾아줘,False,3400,2720,20,0,사용자 평가 6개,6,1.0,캐주얼,싱글 플레이어|Steam 도전 과제|가족 공유,싱글 플레이어,14,2026년 8월 28일,Hunny Bunny Studio,Hunny Bunny Studio,https://shared.akamai.steamstatic.com/store_item_assets/steam/apps/3905730/a2fb6024e746ca2eacb943b3244c8662f9e606ee/header_koreana.jpg?t=1787940059,"네코걸들과 함께 아늑하고 다채로운 장소에 숨겨진 고양이를 찾는 여정을 떠나세요. 네코걸 백과를 읽고 그녀들과 대화하며 네코걸과 그들의 품종에 대해 더 알아가고, 어쩌면 예상보다 더 많은 것을 발견하게 될지도 모릅니다. 각 소녀는 자신만의 매력과 개성 있는 이야기를 가지고 있습니다."
2418520,Farm Together 2,False,27730,27730,0,8,매우 긍정적,5409,0.9375,캐주얼|인디|시뮬레이션,싱글 플레이어|멀티플레이어|협동|온라인 협동|스크린 공유 및 분할 협동|공유 및 분할 화면|크로스 플랫폼 멀티플레이어|Steam 도전 과제|컨트롤러 완벽 지원|Steam 트레이딩 카드|텍스트 크기 조정|카메라 움직임 조정|색상 대체|음량 개별 조절|퀵타임 이벤트 없이 플레이 가능|DUALSHOCK 컨트롤러 지원|DUALSHOCK 컨트롤러 지원|DualSense 컨트롤러 지원|DualSense 컨트롤러 지원|수시 저장|스테레오 사운드|서라운드 사운드|Steam Cloud|Remote Play TV|Remote Play Together|가족 공유,싱글 플레이어|멀티플레이어|협동|온라인 협동,24,2025년 5월 30일,Milkstone Studios,Milkstone Studios,https://shared.akamai.steamstatic.com/store_item_assets/steam/apps/2418520/header.jpg?t=1781515355,아늑하고 편안한 농장 체험을 위해 오랫동안 기다려온 속편에서 혼자서 농장을 키우거나 친구들과 함께해 보세요!
1543280,Espresso Tycoon,False,21500,21500,0,8,매우 긍정적,1314,0.8432,시뮬레이션|전략,싱글 플레이어|Steam 도전 과제|음량 개별 조절|난이도 조정|수시 저장|스테레오 사운드|Steam Cloud|가족 공유,싱글 플레이어,14,2023년 6월 7일,DreamWay Games,PlayWay S.A.,https://shared.akamai.steamstatic.com/store_item_assets/steam/apps/1543280/header.jpg?t=1775733786,"에스프레소 타이쿤 - 커피숍 시뮬레이터입니다. 브랜드를 만들고, 커피숍을 꾸미고, 직원을 관리하며, 고객을 대접하세요. 3D 커피 편집기를 사용하여 커피 레시피를 만들고, 공급품을 주문하고, 평가 점수를 모으세요. 커피 비즈니스를 구축하고 모든 미션을 완수하세요!"
1574820,Until Then,False,21500,21500,0,9,압도적으로 긍정적,19038,0.9669,어드벤처|캐주얼|인디,싱글 플레이어|Steam 도전 과제|컨트롤러 완벽 지원|DUALSHOCK 컨트롤러 지원|DualSense 컨트롤러 지원|가족 공유,싱글 플레이어,7,2024년 6월 25일,Polychroma Games,Maximum Entertainment,https://shared.akamai.steamstatic.com/store_item_assets/steam/apps/1574820/header.jpg?t=1781809421,"운명적인 만남이 연쇄 작용을 일으키면서 마크의 삶이 송두리째 바뀌어 버립니다. 사람들은 사라지고, 기억은 믿을 수 없는 상황. 마크와 그의 친구들과 함께 숨겨진 진실을 파헤치는 내러티브 어드벤처 게임에서 늦기 전에 모든 수수께끼를 밝히는 데 도전해 보세요."
4082750,Log Riders,False,5600,5600,0,6,대체로 긍정적,727,0.7015,어드벤처|캐주얼|인디,싱글 플레이어|멀티플레이어|협동|온라인 협동|스크린 공유 및 분할 협동|공유 및 분할 화면|Steam 도전 과제|컨트롤러 완벽 지원|Steam 트레이딩 카드|카메라 움직임 조정|음량 개별 조절|난이도 조정|키보드 전용 옵션|DUALSHOCK 컨트롤러 지원|DUALSHOCK 컨트롤러 지원|DualSense 컨트롤러 지원|DualSense 컨트롤러 지원|수시 저장|스테레오 사운드|Steam Cloud|Steam 순위표|Remote Play Together|가족 공유,싱글 플레이어|멀티플레이어|협동|온라인 협동,11,2026년 2월 12일,Bluespy Studios,Bluespy Studios,https://shared.akamai.steamstatic.com/store_item_assets/steam/apps/4082750/15e7ebf51d35bd641b04b8299ab7aeeee9abc809/header.jpg?t=1785511172,통나무를 함께 굴리며 즐거운 모험을 떠나세요. 이 2인 협동 플랫폼 게임에서 친구와 나무꾼이 되어 균형을 유지하세요. 장애물을 넘고 목표에 도달하며 절대 포기하지 마세요.
394690,Tower Unite,False,21500,9670,55,8,매우 긍정적,21798,0.8971,액션|어드벤처|캐주얼|인디|대규모 멀티플레이어|레이싱,싱글 플레이어|멀티플레이어|MMO|PvP|온라인 PvP|협동|온라인 협동|Steam 도전 과제|컨트롤러 완벽 지원|Steam 트레이딩 카드|Steam 창작마당|텍스트 크기 조정|카메라 움직임 조정|색상 대체|음량 개별 조절|난이도 조정|퀵타임 이벤트 없이 플레이 가능|수시 저장|스테레오 사운드|Steam Cloud|Valve Anti-Cheat 사용|통계|Steam 순위표|레벨 에디터 포함|가족 공유,싱글 플레이어|멀티플레이어|협동|온라인 협동|PvP,1,2025년 4월 19일,PixelTail Games,PixelTail Games,https://shared.akamai.steamstatic.com/store_item_assets/steam/apps/394690/header.jpg?t=1777941455,"PLAY, CREATE, PARTY! Tower Unite is a community-based virtual world party game with online games, entertainment, activities, and absolutely NO microtransactions."
3293010,Easy Delivery Co.,False,13000,9100,30,9,압도적으로 긍정적,10259,0.9507,캐주얼|인디|레이싱|시뮬레이션,싱글 플레이어|Steam 도전 과제|컨트롤러 완벽 지원|게임패드 권장|DUALSHOCK 컨트롤러 지원|Steam Cloud|가족 공유,싱글 플레이어,12,2025년 9월 18일,Sam C,Oro Interactive,https://shared.akamai.steamstatic.com/store_item_assets/steam/apps/3293010/2d0ded07083fd997234193517d5a6c65a1cf7920/header.jpg?t=1783346058,"Easy Delivery Co.는 기묘한 비밀이 담긴 편안한 운전 게임입니다. 최저시급에도 못 미치는 급료를 받으면서, 마음을 가라앉히면서 배달을 완료하고, 경치 좋은 산간 마을의 기묘한 주민들에 대해 알아가세요."
1501610,Nova Lands,False,21500,10750,50,8,매우 긍정적,3521,0.8918,어드벤처|인디|시뮬레이션|전략,싱글 플레이어|Steam 도전 과제|컨트롤러 완벽 지원|Steam 트레이딩 카드|Steam Cloud|가족 공유,싱글 플레이어,15,2023년 6월 22일,BEHEMUTT,HypeTrain Digital,https://shared.akamai.steamstatic.com/store_item_assets/steam/apps/1501610/header.jpg?t=1769181148,"Nova Lands는 공장 건물, 탐험, 섬 관리를 경험할 수 있는 오픈 월드 게임입니다. 거중 중인 행성을 탐험하고 유용한 봇을 이용해 산업을 자동화하며, 충돌과 협상 능력을 필요로 하는 챌린지 및 퀘스트에 참여하세요. 수많은 별들 가운데 여러분의 새로운 집으로 어서 오세요!"
1850160,Poly Bridge 3,False,21500,21500,0,9,압도적으로 긍정적,2125,0.9619,시뮬레이션,싱글 플레이어|Steam 도전 과제|컨트롤러 완벽 지원|Steam 트레이딩 카드|Steam 창작마당|DUALSHOCK 컨트롤러 지원|DUALSHOCK 컨트롤러 지원|DualSense 컨트롤러 지원|DualSense 컨트롤러 지원|Steam Cloud|Steam 순위표|레벨 에디터 포함|가족 공유,싱글 플레이어,12,2023년 5월 30일,Dry Cactus,Dry Cactus,https://shared.akamai.steamstatic.com/store_item_assets/steam/apps/1850160/header.jpg?t=1771622248,최고가 더 좋아졌습니다! 새로운 장르를 정의하는 이 걸작 다리 공학 퍼즐 풀기 게임에서 공학 창의성을 마음껏 발휘하세요.
2963800,DrainSim,False,25500,25500,0,8,매우 긍정적,2550,0.9157,캐주얼|인디|시뮬레이션|앞서 해보기,싱글 플레이어|Steam 도전 과제|컨트롤러 완벽 지원|색상 대체|음량 개별 조절|퀵타임 이벤트 없이 플레이 가능|수시 저장|스테레오 사운드|서라운드 사운드|Steam Cloud|가족 공유,싱글 플레이어,14,2026년 3월 3일,CodePeas,CodePeas,https://shared.akamai.steamstatic.com/store_item_assets/steam/apps/2963800/ebb4b50a07f7910524ac84a31f2e298f2595ddee/header.jpg?t=1780528172,DrainSim에 뛰어들어 홍수를 제압하세요! 갈퀴부터 잠수 펌프까지 다양한 도구로 침수된 거리를 정리하며 물 흐름을 되살리는 만족감을 느껴보세요. 배수구 하나하나를 해결하며 도시의 영웅이 되세요.
1644940,Loddlenaut,False,20900,20900,0,9,압도적으로 긍정적,6226,0.9799,어드벤처|캐주얼|인디,싱글 플레이어|Steam 도전 과제|컨트롤러 완벽 지원|Steam 트레이딩 카드|DUALSHOCK 컨트롤러 지원|DUALSHOCK 컨트롤러 지원|DualSense 컨트롤러 지원|DualSense 컨트롤러 지원|Steam Cloud|가족 공유,싱글 플레이어,11,2023년 11월 16일,Moon Lagoon,Secret Mode,https://shared.akamai.steamstatic.com/store_item_assets/steam/apps/1644940/header.jpg?t=1785749996,우주 해양 관리자가 되어 오염된 해양 행성을 청소하세요. 생동감 넘치는 바닷속을 탐험하며 쓰레기를 줍고 외계 생명체를 보살피세요!
544810,KARDS - 제2차 세계 대전 카드 게임,True,0,0,0,5,복합적,51071,0.6832,캐주얼|인디|전략|무료 플레이,싱글 플레이어|멀티플레이어|PvP|온라인 PvP|앱 내 구매|Remote Play 태블릿|가족 공유,싱글 플레이어|멀티플레이어|PvP,14,2020년 4월 15일,1939 Games,1939 Games,https://shared.akamai.steamstatic.com/store_item_assets/steam/apps/544810/f4b4ea36a7100dab324ec6ef1e662c91de115444/header_koreana.jpg?t=1787039834,"KARDS는 실제 전술 및 고전 전략 게임에서 영감을 얻은 독창적인 메커니즘과 정통 CCG(Collectible Card Game)를 접목시킨 제2차 세계 대전 카드 게임입니다. 지상과 공중, 바다에서 펼쳐지는 대규모 전투의 지휘를 맡아 다른 플레이어들과 겨뤄보십시오."
435120,Rusty Lake Hotel,False,2300,2300,0,9,압도적으로 긍정적,10547,0.9604,어드벤처|인디,싱글 플레이어|Steam 도전 과제|Steam 트레이딩 카드|Steam Cloud|가족 공유,싱글 플레이어,20,2016년 1월 29일,Rusty Lake,Rusty Lake,https://shared.akamai.steamstatic.com/store_item_assets/steam/apps/435120/header.jpg?t=1746052885,Rusty Lake Hotel은 러스티 레이크와 큐브 이스케이프의 개발자들이 제작한 미스테리한 포인트 앤 클릭 어드벤처입니다.
3631290,슬롯 앤 대거 | Slots & Daggers,False,8900,8900,0,8,매우 긍정적,7501,0.9408,인디|시뮬레이션|전략,싱글 플레이어|Steam 도전 과제|Steam Cloud|가족 공유,싱글 플레이어,10,2025년 10월 24일,Friedemann,Future Friends Games,https://shared.akamai.steamstatic.com/store_item_assets/steam/apps/3631290/e6717abc9fe7d15049543614ffd69317b9e1e4b4/header.jpg?t=1787577853,"슬롯 머신 안에 레트로 미니 로그라이크 게임을 담았습니다. 칼날을 조준하고, 스핀하세요!"
2709570,Supermarket Together,True,0,0,0,8,매우 긍정적,98197,0.9434,캐주얼|인디|시뮬레이션|무료 플레이,싱글 플레이어|멀티플레이어|협동|온라인 협동|Steam 도전 과제|Steam Cloud|가족 공유,싱글 플레이어|멀티플레이어|협동|온라인 협동,14,2024년 8월 9일,DeadDevsTellNoLies,DeadDevsTellNoLies,https://shared.akamai.steamstatic.com/store_item_assets/steam/apps/2709570/header.jpg?t=1770930541,"멀티플레이어 슈퍼마켓이 당신의 동네에 무료로 도착했습니다! 매장 공간을 채우고, 특전과 프랜차이즈를 잠금 해제하고, 직원을 고용하거나 성가신 만취범을 쫓으세요. 플레이어가 많을수록 액션이 더 많아집니다!"
4294860,Loot Frog,False,7490,6370,15,5,복합적,88,0.6932,액션|어드벤처|캐주얼|인디,싱글 플레이어|Steam 도전 과제|컨트롤러 완벽 지원|색상 대체|음량 개별 조절|난이도 조정|키보드 전용 옵션|DUALSHOCK 컨트롤러 지원|DualSense 컨트롤러 지원|DualSense 컨트롤러 지원|Steam Cloud|가족 공유,싱글 플레이어,20,2026년 8월 24일,Clumsy Dog,Clumsy Dog,https://shared.akamai.steamstatic.com/store_item_assets/steam/apps/4294860/e7559c37927c77c6b1ac7b1b82cf5aeb380a06e1/header.jpg?t=1787917750,"Loot Frog 은 항아리를 부수고 보석을 수집하며 사악한 집단과 맞서 싸우는 인크리멘탈 액션 불릿 헬 게임입니다. 장비를 업그레이드하고 새로운 능력을 해금하며, 다양한 바이옴을 탐험하고 점점 더 혼란스러워지는 전투 속으로 깊이 파고드세요."
3376500,Little Chef: Cozy Cooking,False,8900,8010,10,8,매우 긍정적,252,0.9524,캐주얼|인디,싱글 플레이어|Steam 도전 과제|카메라 움직임 조정|음량 개별 조절|마우스 전용 옵션|퀵타임 이벤트 없이 플레이 가능|수시 저장|스테레오 사운드|터치 전용 옵션|가족 공유,싱글 플레이어,3,2026년 8월 26일,Julien Truebiger|Erika Zakse|Danny van Duist,julien & erika,https://shared.akamai.steamstatic.com/store_item_assets/steam/apps/3376500/b4483c1524916038f1a2bccd924c758ad4f1ef15/header.jpg?t=1787739301,Little Chef: Cozy Cooking is a short physics-based cooking game full of discovery and playful chaos. Experiment with everything in the kitchen and unlock over 300 recipes on your way to becoming a master chef!
790740,Tick Tock: A Tale for Two,False,6500,6500,0,8,매우 긍정적,11902,0.8543,어드벤처|캐주얼|인디,멀티플레이어|협동|온라인 협동|크로스 플랫폼 멀티플레이어|가족 공유,멀티플레이어|협동|온라인 협동,13,2019년 3월 7일,Other Tales Interactive,Other Tales Interactive,https://shared.akamai.steamstatic.com/store_item_assets/steam/apps/790740/header.jpg?t=1770948904,"당신과 당신의 친구는 신비로운 세상에 갇혔습니다. 점점 복잡해지는 퍼즐 세상에서, 시간이 다 되기 전에 탈출하세요. 각 플레이어는 혼자서 모든 걸 볼 수 없으므로, 협력해야만 합니다! 로컬 또는 원격으로 두 개 장치에서 플레이할 수 있습니다. 서로 목소리만 이어져있으면 됩니다."
285310,RollerCoaster Tycoon®: Deluxe,False,6500,1620,75,8,매우 긍정적,8288,0.9429,시뮬레이션|전략,싱글 플레이어|가족 공유,싱글 플레이어,5,2014년 5월 21일,Chris Sawyer Productions,Atari,https://shared.akamai.steamstatic.com/store_item_assets/steam/apps/285310/header.jpg?t=1733161367,"One of the best games from acclaimed Tycoon series, with well designed gameplay mechanics, appealing graphics, and really high re-playability value. There’s no limit to what you can create so design and build the most thrilling roller coaster the world has ever seen!"
3424990,Together in Forgotten Lands,False,8900,8900,0,8,매우 긍정적,112,0.9375,어드벤처|캐주얼|인디,멀티플레이어|협동|온라인 협동|Steam 도전 과제|음량 개별 조절|난이도 조정|퀵타임 이벤트 없이 플레이 가능|스테레오 사운드|자막 옵션|Steam Cloud|통계|가족 공유,멀티플레이어|협동|온라인 협동,20,2026년 8월 7일,Vellichor Games,Vellichor Games,https://shared.akamai.steamstatic.com/store_item_assets/steam/apps/3424990/9a409ba97ab18f312a90f526d3f468d73152f8fa/header.jpg?t=1786115667,"두 영혼, 하나의 운명. 잊혀진 땅에서 협력하여 모험을 떠나세요. 마법의 동굴에서 펼쳐지는 신비로움과 위험을 헤쳐 나가려면 팀워크와 기지가 필요합니다."
239030,"Papers, Please",False,11000,11000,0,9,압도적으로 긍정적,80325,0.9729,어드벤처|인디,싱글 플레이어|Steam 도전 과제|Steam 트레이딩 카드|Steam Cloud|통계|Steam 순위표|Remote Play 휴대전화|Remote Play 태블릿|가족 공유,싱글 플레이어,15,2013년 8월 8일,Lucas Pope,3909,https://shared.akamai.steamstatic.com/store_item_assets/steam/apps/239030/header.jpg?t=1678266428,"Congratulations. The October labor lottery is complete. Your name was pulled. For immediate placement, report to the Ministry of Admission at Grestin Border Checkpoint. An apartment will be provided for you and your family in East Grestin. Expect a Class-8 dwelling."
